{"Cotech-367959":{"time":"2025-12-31 22:05:58","model":"Cotech-367959","id":13,"humidity":90,"temperature":50.88695652173917,"wind_avg_mph":0,"wind_dir_deg":198.65217391304347,"rain_in":0}}