{"Cotech-367959":{"time":"2025-12-31 12:54:30","model":"Cotech-367959","id":13,"humidity":75,"temperature":47.73725490196078,"wind_avg_mph":0,"wind_dir_deg":314.7647058823529,"rain_in":0}}