{"Cotech-367959":{"time":"2026-01-04 00:53:27","model":"Cotech-367959","id":13,"humidity":76,"temperature":57.54642857142856,"wind_avg_mph":4.665617714285714,"wind_dir_deg":105.33928571428571,"rain_in":0}}