{"Cotech-367959":{"time":"2026-01-05 07:17:28","model":"Cotech-367959","id":13,"humidity":98,"temperature":49.22444444444445,"wind_avg_mph":0.929572844444444,"wind_dir_deg":111.57777777777778,"rain_in":0}}