{"Cotech-367959":{"time":"2026-01-05 23:16:41","model":"Cotech-367959","id":13,"humidity":92,"temperature":53.164912280701735,"wind_avg_mph":2.107432947368421,"wind_dir_deg":104.64912280701755,"rain_in":0}}