{"Cotech-367959":{"time":"2025-12-31 15:58:46","model":"Cotech-367959","id":13,"humidity":77,"temperature":49.38775510204083,"wind_avg_mph":0,"wind_dir_deg":262.46938775510205,"rain_in":0}}