{"Cotech-367959":{"time":"2026-01-05 23:53:29","model":"Cotech-367959","id":13,"humidity":95,"temperature":52.510909090909095,"wind_avg_mph":1.5211191999999993,"wind_dir_deg":106.9090909090909,"rain_in":0}}