{"Cotech-367959":{"time":"2026-01-07 07:31:53","model":"Cotech-367959","id":13,"humidity":97,"temperature":46.59130434782606,"wind_avg_mph":0.6516303478260869,"wind_dir_deg":287.5652173913044,"rain_in":0}}