{"Cotech-367959":{"time":"2026-01-08 01:48:58","model":"Cotech-367959","id":13,"humidity":83,"temperature":51.151923076923104,"wind_avg_mph":0.02150903846153846,"wind_dir_deg":133.71153846153845,"rain_in":0}}