{"Cotech-367959":{"time":"2026-01-01 14:04:06","model":"Cotech-367959","id":13,"humidity":98,"temperature":49.436363636363666,"wind_avg_mph":0.5897387272727271,"wind_dir_deg":264.79545454545456,"rain_in":0}}