{"Cotech-367959":{"time":"2026-01-01 03:40:22","model":"Cotech-367959","id":13,"humidity":97,"temperature":50.69777777777776,"wind_avg_mph":0.07456466666666668,"wind_dir_deg":225.42222222222222,"rain_in":0}}