{"Cotech-367959":{"time":"2026-01-07 20:40:42","model":"Cotech-367959","id":13,"humidity":67,"temperature":58.22826086956524,"wind_avg_mph":1.3810673043478254,"wind_dir_deg":196.7391304347826,"rain_in":0}}