{"Cotech-367959":{"time":"2026-01-08 13:03:06","model":"Cotech-367959","id":13,"humidity":80,"temperature":44.01929824561401,"wind_avg_mph":0.2629385614035088,"wind_dir_deg":181.87719298245614,"rain_in":0}}