{"Cotech-367959":{"time":"2026-01-04 23:58:00","model":"Cotech-367959","id":13,"humidity":98,"temperature":51.64399999999997,"wind_avg_mph":1.06478344,"wind_dir_deg":93.82,"rain_in":0}}