{"Cotech-367959":{"time":"2026-01-09 03:25:31","model":"Cotech-367959","id":13,"humidity":45,"temperature":47.98269230769234,"wind_avg_mph":2.3573906153846154,"wind_dir_deg":279.75,"rain_in":0}}