{"Cotech-367959":{"time":"2026-01-04 17:54:48","model":"Cotech-367959","id":13,"humidity":98,"temperature":51.5884615384615,"wind_avg_mph":1.7164212692307692,"wind_dir_deg":113.48076923076923,"rain_in":0}}