{"Cotech-367959":{"time":"2026-01-04 12:14:48","model":"Cotech-367959","id":13,"humidity":97,"temperature":51.677999999999976,"wind_avg_mph":0.21474624000000003,"wind_dir_deg":60.92,"rain_in":0}}