{"Cotech-367959":{"time":"2026-01-09 16:17:32","model":"Cotech-367959","id":13,"humidity":60,"temperature":42.260784313725495,"wind_avg_mph":0.267555568627451,"wind_dir_deg":246.76470588235293,"rain_in":0}}