{"Cotech-367959":{"time":"2026-01-02 02:04:39","model":"Cotech-367959","id":13,"humidity":90,"temperature":56.32826086956523,"wind_avg_mph":0,"wind_dir_deg":237.02173913043478,"rain_in":0}}