{"Cotech-367959":{"time":"2026-01-03 08:09:59","model":"Cotech-367959","id":13,"humidity":95,"temperature":54.972093023255816,"wind_avg_mph":3.3658143720930234,"wind_dir_deg":105.04651162790698,"rain_in":0}}