{"Cotech-367959":{"time":"2026-01-03 05:56:55","model":"Cotech-367959","id":13,"humidity":96,"temperature":55.480851063829796,"wind_avg_mph":3.3887261276595755,"wind_dir_deg":114.02127659574468,"rain_in":0}}