{"Cotech-367959":{"time":"2025-12-31 01:15:01","model":"Cotech-367959","id":13,"humidity":85,"temperature":46.5347826086957,"wind_avg_mph":0,"wind_dir_deg":130.82608695652175,"rain_in":0}}