{"Cotech-367959":{"time":"2026-01-04 09:43:52","model":"Cotech-367959","id":13,"humidity":94,"temperature":53.56599999999999,"wind_avg_mph":1.2303169999999999,"wind_dir_deg":103.34,"rain_in":0}}