{"Cotech-367959":{"time":"2026-01-08 22:10:19","model":"Cotech-367959","id":13,"humidity":32,"temperature":60.42727272727275,"wind_avg_mph":2.110857927272727,"wind_dir_deg":179.6727272727273,"rain_in":0}}