{"Cotech-367959":{"time":"2026-01-04 12:35:04","model":"Cotech-367959","id":13,"humidity":97,"temperature":51.51052631578949,"wind_avg_mph":1.5501601754385965,"wind_dir_deg":87.28070175438596,"rain_in":0}}