{"Cotech-367959":{"time":"2026-01-03 09:24:55","model":"Cotech-367959","id":13,"humidity":91,"temperature":55.67551020408161,"wind_avg_mph":0.780646408163265,"wind_dir_deg":101.48979591836735,"rain_in":0}}