{"Cotech-367959":{"time":"2026-01-02 20:47:51","model":"Cotech-367959","id":13,"humidity":74,"temperature":59.44285714285716,"wind_avg_mph":0.25108510204081635,"wind_dir_deg":112.59183673469387,"rain_in":0}}