{"Cotech-367959":{"time":"2026-01-05 08:03:36","model":"Cotech-367959","id":13,"humidity":98,"temperature":47.78400000000001,"wind_avg_mph":0.00447388,"wind_dir_deg":272.4,"rain_in":0}}