{"Cotech-367959":{"time":"2026-01-06 13:36:57","model":"Cotech-367959","id":13,"humidity":97,"temperature":49.19999999999996,"wind_avg_mph":0.16584210344827588,"wind_dir_deg":197.51724137931035,"rain_in":0}}