{"Cotech-367959":{"time":"2026-01-05 10:43:04","model":"Cotech-367959","id":13,"humidity":97,"temperature":48.14999999999999,"wind_avg_mph":0.09187432142857144,"wind_dir_deg":230.14285714285714,"rain_in":0}}