{"Cotech-367959":{"time":"2026-01-06 16:56:41","model":"Cotech-367959","id":13,"humidity":95,"temperature":50.294827586206935,"wind_avg_mph":0.019283965517241382,"wind_dir_deg":239.67241379310346,"rain_in":0}}