{"Cotech-367959":{"time":"2026-01-03 03:42:47","model":"Cotech-367959","id":13,"humidity":89,"temperature":56.49599999999999,"wind_avg_mph":4.290450920000001,"wind_dir_deg":111.2,"rain_in":0}}