{"Cotech-367959":{"time":"2026-01-03 08:19:03","model":"Cotech-367959","id":13,"humidity":94,"temperature":54.98367346938775,"wind_avg_mph":2.7756316734693884,"wind_dir_deg":105.34693877551021,"rain_in":0}}