{"Cotech-367959":{"time":"2026-01-07 23:25:14","model":"Cotech-367959","id":13,"humidity":74,"temperature":58.58214285714288,"wind_avg_mph":1.266267821428571,"wind_dir_deg":170.32142857142858,"rain_in":0}}