{"Cotech-367959":{"time":"2026-01-04 10:31:04","model":"Cotech-367959","id":13,"humidity":96,"temperature":52.72941176470586,"wind_avg_mph":1.6974427058823525,"wind_dir_deg":104.54901960784314,"rain_in":0}}