{"Cotech-367959":{"time":"2026-01-06 14:14:01","model":"Cotech-367959","id":13,"humidity":97,"temperature":48.92241379310346,"wind_avg_mph":1.5002925172413792,"wind_dir_deg":278.4655172413793,"rain_in":0}}