{"Cotech-367959":{"time":"2026-01-01 20:36:54","model":"Cotech-367959","id":13,"humidity":98,"temperature":56.39642857142854,"wind_avg_mph":0.4194262499999998,"wind_dir_deg":105.51785714285714,"rain_in":0}}