{"Cotech-367959":{"time":"2025-12-31 13:32:54","model":"Cotech-367959","id":13,"humidity":75,"temperature":48.139215686274476,"wind_avg_mph":0,"wind_dir_deg":282.29411764705884,"rain_in":0}}