{"Cotech-367959":{"time":"2026-01-01 13:29:10","model":"Cotech-367959","id":13,"humidity":98,"temperature":49.31250000000002,"wind_avg_mph":0.24766121428571433,"wind_dir_deg":307.85714285714283,"rain_in":0}}