{"Cotech-367959":{"time":"2026-01-08 21:42:19","model":"Cotech-367959","id":13,"humidity":36,"temperature":60.98260869565218,"wind_avg_mph":1.7068824782608691,"wind_dir_deg":158.19565217391303,"rain_in":0}}