{"Cotech-367959":{"time":"2026-01-04 05:53:27","model":"Cotech-367959","id":13,"humidity":89,"temperature":54.35652173913048,"wind_avg_mph":1.988931434782609,"wind_dir_deg":104.04347826086956,"rain_in":0}}