{"Cotech-367959":{"time":"2026-01-06 09:12:57","model":"Cotech-367959","id":13,"humidity":98,"temperature":50.10877192982453,"wind_avg_mph":0.18837389473684213,"wind_dir_deg":222.59649122807016,"rain_in":0}}