{"Cotech-367959":{"time":"2025-12-31 08:41:41","model":"Cotech-367959","id":13,"humidity":81,"temperature":44.729090909090935,"wind_avg_mph":0,"wind_dir_deg":292.6909090909091,"rain_in":0}}