{"Cotech-367959":{"time":"2026-01-01 13:56:06","model":"Cotech-367959","id":13,"humidity":98,"temperature":49.45869565217393,"wind_avg_mph":0.8218323043478257,"wind_dir_deg":249.34782608695653,"rain_in":0}}