{"Cotech-367959":{"time":"2026-01-03 09:15:51","model":"Cotech-367959","id":13,"humidity":91,"temperature":55.62884615384611,"wind_avg_mph":1.4798218461538457,"wind_dir_deg":120.51923076923077,"rain_in":0}}