{"Cotech-367959":{"time":"2026-01-07 19:35:38","model":"Cotech-367959","id":13,"humidity":80,"temperature":54.208888888888914,"wind_avg_mph":1.1532668444444447,"wind_dir_deg":91.37777777777778,"rain_in":0}}