{"Cotech-367959":{"time":"2026-01-08 06:55:22","model":"Cotech-367959","id":13,"humidity":90,"temperature":48.570454545454545,"wind_avg_mph":1.0371267272727271,"wind_dir_deg":161.02272727272728,"rain_in":0}}