{"Cotech-367959":{"time":"2026-01-07 15:10:18","model":"Cotech-367959","id":13,"humidity":98,"temperature":47.19642857142861,"wind_avg_mph":0.03195628571428572,"wind_dir_deg":329.35714285714283,"rain_in":0}}