{"Cotech-367959":{"time":"2026-01-05 17:17:44","model":"Cotech-367959","id":13,"humidity":81,"temperature":53.62826086956518,"wind_avg_mph":3.958411217391305,"wind_dir_deg":106.6304347826087,"rain_in":0}}