{"Cotech-367959":{"time":"2026-01-05 12:05:12","model":"Cotech-367959","id":13,"humidity":93,"temperature":49.768888888888895,"wind_avg_mph":2.3214466222222216,"wind_dir_deg":106,"rain_in":0}}