{"Cotech-367959":{"time":"2026-01-09 19:38:20","model":"Cotech-367959","id":13,"humidity":35,"temperature":55.242372881355976,"wind_avg_mph":1.3042497627118643,"wind_dir_deg":122.52542372881356,"rain_in":0}}