{"Cotech-367959":{"time":"2026-01-02 23:06:47","model":"Cotech-367959","id":13,"humidity":66,"temperature":60.88800000000004,"wind_avg_mph":1.74033932,"wind_dir_deg":114.42,"rain_in":0}}