{"Cotech-367959":{"time":"2026-01-04 22:43:20","model":"Cotech-367959","id":13,"humidity":98,"temperature":51.63333333333333,"wind_avg_mph":1.3123381333333324,"wind_dir_deg":94.84444444444445,"rain_in":0}}