{"Cotech-367959":{"time":"2026-01-01 09:48:54","model":"Cotech-367959","id":13,"humidity":97,"temperature":49.35957446808511,"wind_avg_mph":0.03807557446808511,"wind_dir_deg":218.80851063829786,"rain_in":0}}