{"Cotech-367959":{"time":"2026-01-01 14:30:30","model":"Cotech-367959","id":13,"humidity":98,"temperature":49.65918367346939,"wind_avg_mph":1.4380328571428567,"wind_dir_deg":267.3469387755102,"rain_in":0}}