{"Cotech-367959":{"time":"2026-01-03 17:01:11","model":"Cotech-367959","id":13,"humidity":87,"temperature":57.948214285714265,"wind_avg_mph":3.447284321428572,"wind_dir_deg":107.125,"rain_in":0}}