{"Cotech-367959":{"time":"2026-01-01 21:48:55","model":"Cotech-367959","id":13,"humidity":93,"temperature":58.28723404255316,"wind_avg_mph":1.4087962553191482,"wind_dir_deg":78.53191489361703,"rain_in":0}}