{"Cotech-367959":{"time":"2026-01-08 06:38:50","model":"Cotech-367959","id":13,"humidity":87,"temperature":48.71875000000003,"wind_avg_mph":0.11184700000000002,"wind_dir_deg":289.375,"rain_in":0}}