{"Cotech-367959":{"time":"2026-01-03 22:51:03","model":"Cotech-367959","id":13,"humidity":62,"temperature":63.23673469387753,"wind_avg_mph":5.692784040816327,"wind_dir_deg":99.18367346938776,"rain_in":0}}