{"Cotech-367959":{"time":"2026-01-08 17:54:19","model":"Cotech-367959","id":13,"humidity":73,"temperature":47.24444444444447,"wind_avg_mph":0.6337996666666663,"wind_dir_deg":196.83333333333334,"rain_in":0}}