{"Cotech-367959":{"time":"2026-01-08 21:06:03","model":"Cotech-367959","id":13,"humidity":39,"temperature":59.96938775510207,"wind_avg_mph":1.469989142857142,"wind_dir_deg":192.59183673469389,"rain_in":0}}