{"Cotech-367959":{"time":"2025-12-31 23:30:14","model":"Cotech-367959","id":13,"humidity":93,"temperature":50.009259259259245,"wind_avg_mph":0.19055414814814817,"wind_dir_deg":123.11111111111111,"rain_in":0}}