{"Cotech-367959":{"time":"2026-01-08 14:24:10","model":"Cotech-367959","id":13,"humidity":88,"temperature":40.35384615384619,"wind_avg_mph":0.9550013076923076,"wind_dir_deg":278.75,"rain_in":0}}