{"Cotech-367959":{"time":"2026-01-02 13:49:59","model":"Cotech-367959","id":13,"humidity":97,"temperature":51.68749999999998,"wind_avg_mph":0.1444690416666667,"wind_dir_deg":258.6041666666667,"rain_in":0}}