{"Cotech-367959":{"time":"2026-01-09 15:07:07","model":"Cotech-367959","id":13,"humidity":71,"temperature":38.22941176470588,"wind_avg_mph":0.38159564705882354,"wind_dir_deg":264.3137254901961,"rain_in":0}}