{"Cotech-367959":{"time":"2026-01-05 16:52:56","model":"Cotech-367959","id":13,"humidity":82,"temperature":52.71304347826089,"wind_avg_mph":3.015006086956523,"wind_dir_deg":102.30434782608695,"rain_in":0}}