{"Cotech-367959":{"time":"2026-01-03 05:38:31","model":"Cotech-367959","id":13,"humidity":95,"temperature":55.77173913043473,"wind_avg_mph":3.5596523478260877,"wind_dir_deg":105.30434782608695,"rain_in":0}}