{"Cotech-367959":{"time":"2026-01-02 14:00:07","model":"Cotech-367959","id":13,"humidity":96,"temperature":51.51818181818184,"wind_avg_mph":0.4189178545454545,"wind_dir_deg":289.45454545454544,"rain_in":0}}