{"Cotech-367959":{"time":"2026-01-08 23:13:31","model":"Cotech-367959","id":13,"humidity":33,"temperature":63.24222222222225,"wind_avg_mph":0.8400952444444443,"wind_dir_deg":112.84444444444445,"rain_in":0}}