{"Cotech-367959":{"time":"2026-01-02 14:19:19","model":"Cotech-367959","id":13,"humidity":96,"temperature":50.92678571428576,"wind_avg_mph":0.24766121428571433,"wind_dir_deg":297.60714285714283,"rain_in":0}}