{"Cotech-367959":{"time":"2025-12-31 18:38:30","model":"Cotech-367959","id":13,"humidity":89,"temperature":49.35555555555557,"wind_avg_mph":0,"wind_dir_deg":300.46666666666664,"rain_in":0}}