{"Cotech-367959":{"time":"2026-01-07 15:47:38","model":"Cotech-367959","id":13,"humidity":98,"temperature":47.30196078431373,"wind_avg_mph":0.3815956470588234,"wind_dir_deg":282.7843137254902,"rain_in":0}}