{"Cotech-367959":{"time":"2026-01-01 23:33:11","model":"Cotech-367959","id":13,"humidity":91,"temperature":57.949122807017616,"wind_avg_mph":1.189110210526315,"wind_dir_deg":114.82456140350877,"rain_in":0}}