{"Cotech-367959":{"time":"2026-01-04 18:39:52","model":"Cotech-367959","id":13,"humidity":98,"temperature":51.235714285714316,"wind_avg_mph":0.6031748928571423,"wind_dir_deg":109.25,"rain_in":0}}