{"Cotech-367959":{"time":"2026-01-08 18:23:23","model":"Cotech-367959","id":13,"humidity":65,"temperature":48.720754716981155,"wind_avg_mph":1.1142493584905655,"wind_dir_deg":196.8490566037736,"rain_in":0}}