{"Cotech-367959":{"time":"2026-01-07 11:50:18","model":"Cotech-367959","id":13,"humidity":97,"temperature":47.35434782608695,"wind_avg_mph":0.6710819999999997,"wind_dir_deg":277.54347826086956,"rain_in":0}}