{"Cotech-367959":{"time":"2026-01-06 10:44:41","model":"Cotech-367959","id":13,"humidity":98,"temperature":48.845454545454565,"wind_avg_mph":1.0371267272727265,"wind_dir_deg":282.3181818181818,"rain_in":0}}