{"Cotech-367959":{"time":"2026-01-08 06:10:50","model":"Cotech-367959","id":13,"humidity":86,"temperature":48.66170212765956,"wind_avg_mph":0,"wind_dir_deg":134.6595744680851,"rain_in":0}}