{"Cotech-367959":{"time":"2026-01-03 18:51:51","model":"Cotech-367959","id":13,"humidity":86,"temperature":58.66444444444441,"wind_avg_mph":5.622175866666665,"wind_dir_deg":107.22222222222223,"rain_in":0}}