{"Cotech-367959":{"time":"2025-12-31 18:30:14","model":"Cotech-367959","id":13,"humidity":89,"temperature":49.30888888888888,"wind_avg_mph":0,"wind_dir_deg":288.84444444444443,"rain_in":0}}