{"Cotech-367959":{"time":"2026-01-04 15:46:32","model":"Cotech-367959","id":13,"humidity":98,"temperature":51.80000000000001,"wind_avg_mph":0.21474624000000003,"wind_dir_deg":122.02,"rain_in":0}}