{"Cotech-367959":{"time":"2026-01-09 11:02:51","model":"Cotech-367959","id":13,"humidity":68,"temperature":40.300000000000004,"wind_avg_mph":0.7485145384615381,"wind_dir_deg":190.67307692307693,"rain_in":0}}