{"Cotech-367959":{"time":"2026-01-07 18:48:58","model":"Cotech-367959","id":13,"humidity":92,"temperature":52.069642857142874,"wind_avg_mph":0.9347213571428566,"wind_dir_deg":117.35714285714286,"rain_in":0}}