{"Cotech-367959":{"time":"2026-01-04 17:44:40","model":"Cotech-367959","id":13,"humidity":98,"temperature":51.580392156862715,"wind_avg_mph":2.1492168627450967,"wind_dir_deg":111.3529411764706,"rain_in":0}}