{"Cotech-367959":{"time":"2026-01-01 11:10:30","model":"Cotech-367959","id":13,"humidity":98,"temperature":49.210638297872364,"wind_avg_mph":0.019037787234042557,"wind_dir_deg":212.68085106382978,"rain_in":0}}