{"Cotech-367959":{"time":"2026-01-01 12:18:14","model":"Cotech-367959","id":13,"humidity":98,"temperature":49.208928571428544,"wind_avg_mph":0.03595082142857143,"wind_dir_deg":220.78571428571428,"rain_in":0}}