{"Cotech-367959":{"time":"2026-01-03 04:44:39","model":"Cotech-367959","id":13,"humidity":89,"temperature":57.00392156862745,"wind_avg_mph":5.035308078431372,"wind_dir_deg":109.52941176470588,"rain_in":0}}