{"Cotech-367959":{"time":"2026-01-03 07:26:15","model":"Cotech-367959","id":13,"humidity":96,"temperature":55.30816326530614,"wind_avg_mph":3.236715224489795,"wind_dir_deg":107.12244897959184,"rain_in":0}}