{"Cotech-367959":{"time":"2026-01-07 11:42:02","model":"Cotech-367959","id":13,"humidity":97,"temperature":47.34999999999999,"wind_avg_mph":0.2396721428571429,"wind_dir_deg":307.55357142857144,"rain_in":0}}