{"Cotech-367959":{"time":"2026-01-09 08:13:15","model":"Cotech-367959","id":13,"humidity":67,"temperature":40.742307692307705,"wind_avg_mph":1.505632692307692,"wind_dir_deg":276.90384615384613,"rain_in":0}}