{"Cotech-367959":{"time":"2026-01-06 03:00:25","model":"Cotech-367959","id":13,"humidity":97,"temperature":51.29199999999999,"wind_avg_mph":0.17448132000000002,"wind_dir_deg":93.54,"rain_in":0}}