{"Cotech-367959":{"time":"2026-01-06 06:52:25","model":"Cotech-367959","id":13,"humidity":97,"temperature":50.52884615384612,"wind_avg_mph":0.3871626923076922,"wind_dir_deg":297.61538461538464,"rain_in":0}}