{"Cotech-367959":{"time":"2026-01-02 07:58:15","model":"Cotech-367959","id":13,"humidity":97,"temperature":53.6929824561403,"wind_avg_mph":0.18837389473684213,"wind_dir_deg":111.3859649122807,"rain_in":0}}