{"Cotech-367959":{"time":"2026-01-08 01:39:38","model":"Cotech-367959","id":13,"humidity":81,"temperature":51.90666666666665,"wind_avg_mph":0.03479684444444445,"wind_dir_deg":192.15555555555557,"rain_in":0}}