{"Cotech-367959":{"time":"2026-01-04 21:15:20","model":"Cotech-367959","id":13,"humidity":98,"temperature":51.79999999999999,"wind_avg_mph":2.7782794800000006,"wind_dir_deg":104.22,"rain_in":0}}