{"Cotech-367959":{"time":"2026-01-03 07:17:11","model":"Cotech-367959","id":13,"humidity":96,"temperature":55.39782608695656,"wind_avg_mph":3.2727404782608702,"wind_dir_deg":104.41304347826087,"rain_in":0}}