{"Cotech-367959":{"time":"2026-01-08 08:58:34","model":"Cotech-367959","id":13,"humidity":86,"temperature":48.32608695652174,"wind_avg_mph":0.9482680434782607,"wind_dir_deg":176.3695652173913,"rain_in":0}}