{"Cotech-367959":{"time":"2025-12-31 16:26:14","model":"Cotech-367959","id":13,"humidity":73,"temperature":50.33913043478265,"wind_avg_mph":0,"wind_dir_deg":312.2391304347826,"rain_in":0}}