{"Cotech-367959":{"time":"2026-01-07 12:19:22","model":"Cotech-367959","id":13,"humidity":97,"temperature":46.48620689655174,"wind_avg_mph":0.4126768620689655,"wind_dir_deg":291.4655172413793,"rain_in":0}}