{"Cotech-367959":{"time":"2025-12-31 16:36:22","model":"Cotech-367959","id":13,"humidity":75,"temperature":50.43508771929827,"wind_avg_mph":0,"wind_dir_deg":314.50877192982455,"rain_in":0}}