{"Cotech-367959":{"time":"2025-12-31 13:04:38","model":"Cotech-367959","id":13,"humidity":74,"temperature":47.88571428571432,"wind_avg_mph":0,"wind_dir_deg":309.51785714285717,"rain_in":0}}