{"Cotech-367959":{"time":"2026-01-04 04:33:11","model":"Cotech-367959","id":13,"humidity":85,"temperature":55.11777777777776,"wind_avg_mph":2.609763333333332,"wind_dir_deg":106.86666666666666,"rain_in":0}}