{"Cotech-367959":{"time":"2026-01-04 01:28:23","model":"Cotech-367959","id":13,"humidity":80,"temperature":56.436363636363694,"wind_avg_mph":3.489626400000001,"wind_dir_deg":99.01818181818182,"rain_in":0}}