{"Cotech-367959":{"time":"2026-01-08 03:35:38","model":"Cotech-367959","id":13,"humidity":81,"temperature":49.28431372549018,"wind_avg_mph":0.35527870588235294,"wind_dir_deg":166,"rain_in":0}}