{"Cotech-367959":{"time":"2026-01-03 15:12:07","model":"Cotech-367959","id":13,"humidity":89,"temperature":56.27894736842109,"wind_avg_mph":2.578367684210525,"wind_dir_deg":97.85964912280701,"rain_in":0}}