{"Cotech-367959":{"time":"2026-01-07 20:04:26","model":"Cotech-367959","id":13,"humidity":74,"temperature":55.24716981132078,"wind_avg_mph":1.413914905660377,"wind_dir_deg":148.79245283018867,"rain_in":0}}