{"Cotech-367959":{"time":"2026-01-04 18:56:08","model":"Cotech-367959","id":13,"humidity":98,"temperature":51.5785714285714,"wind_avg_mph":1.5552059047619047,"wind_dir_deg":101.73809523809524,"rain_in":0}}