{"Cotech-367959":{"time":"2026-01-06 09:21:13","model":"Cotech-367959","id":13,"humidity":98,"temperature":50.097826086956495,"wind_avg_mph":0.3890330434782609,"wind_dir_deg":296.3695652173913,"rain_in":0}}