{"Cotech-367959":{"time":"2026-01-03 10:58:31","model":"Cotech-367959","id":13,"humidity":86,"temperature":56.2074074074074,"wind_avg_mph":3.177283296296298,"wind_dir_deg":96.55555555555556,"rain_in":0}}