{"Cotech-367959":{"time":"2026-01-05 10:32:56","model":"Cotech-367959","id":13,"humidity":97,"temperature":48.53214285714288,"wind_avg_mph":0.11184700000000002,"wind_dir_deg":123.39285714285714,"rain_in":0}}