{"Cotech-367959":{"time":"2026-01-08 04:12:58","model":"Cotech-367959","id":13,"humidity":80,"temperature":48.90652173913044,"wind_avg_mph":0.1361615652173913,"wind_dir_deg":177.1304347826087,"rain_in":0}}