{"Cotech-367959":{"time":"2026-01-09 06:56:59","model":"Cotech-367959","id":13,"humidity":63,"temperature":41.97272727272731,"wind_avg_mph":0.5856715636363635,"wind_dir_deg":245.70909090909092,"rain_in":0}}