{"Cotech-367959":{"time":"2026-01-05 05:38:16","model":"Cotech-367959","id":13,"humidity":99,"temperature":49.32608695652173,"wind_avg_mph":0.39389595652173914,"wind_dir_deg":82.67391304347827,"rain_in":0}}