{"Cotech-367959":{"time":"2026-01-05 19:24:57","model":"Cotech-367959","id":13,"humidity":76,"temperature":56.26226415094343,"wind_avg_mph":5.073211094339623,"wind_dir_deg":108.83018867924528,"rain_in":0}}