{"Cotech-367959":{"time":"2026-01-02 09:57:43","model":"Cotech-367959","id":13,"humidity":97,"temperature":53.85227272727275,"wind_avg_mph":0.07625931818181819,"wind_dir_deg":298.1818181818182,"rain_in":0}}