{"Cotech-367959":{"time":"2025-12-31 12:18:14","model":"Cotech-367959","id":13,"humidity":74,"temperature":47.49782608695652,"wind_avg_mph":0,"wind_dir_deg":289.4347826086956,"rain_in":0}}