{"Cotech-367959":{"time":"2026-01-07 23:34:34","model":"Cotech-367959","id":13,"humidity":75,"temperature":58.523076923076935,"wind_avg_mph":1.6863086153846152,"wind_dir_deg":151.42307692307693,"rain_in":0}}