{"Cotech-367959":{"time":"2026-01-01 18:19:02","model":"Cotech-367959","id":13,"humidity":98,"temperature":52.35818181818179,"wind_avg_mph":0.4555223272727272,"wind_dir_deg":108.85454545454546,"rain_in":0}}