{"Cotech-367959":{"time":"2026-01-09 03:52:59","model":"Cotech-367959","id":13,"humidity":44,"temperature":48.739534883720914,"wind_avg_mph":1.773945441860465,"wind_dir_deg":268.16279069767444,"rain_in":0}}