{"Cotech-367959":{"time":"2026-01-01 23:23:03","model":"Cotech-367959","id":13,"humidity":91,"temperature":58.1472727272727,"wind_avg_mph":1.3543654909090905,"wind_dir_deg":100.25454545454545,"rain_in":0}}