{"Cotech-367959":{"time":"2026-01-03 09:06:31","model":"Cotech-367959","id":13,"humidity":92,"temperature":55.398039215686325,"wind_avg_mph":1.2939162745098038,"wind_dir_deg":98.13725490196079,"rain_in":0}}