{"Cotech-367959":{"time":"2026-01-08 09:55:38","model":"Cotech-367959","id":13,"humidity":84,"temperature":47.75087719298243,"wind_avg_mph":0.5965173333333332,"wind_dir_deg":188.68421052631578,"rain_in":0}}