{"Cotech-367959":{"time":"2026-01-06 05:14:17","model":"Cotech-367959","id":13,"humidity":97,"temperature":50.65531914893617,"wind_avg_mph":0.44262855319148936,"wind_dir_deg":293.6808510638298,"rain_in":0}}