{"Cotech-367959":{"time":"2025-12-31 12:45:26","model":"Cotech-367959","id":13,"humidity":76,"temperature":47.59999999999997,"wind_avg_mph":0,"wind_dir_deg":283.1020408163265,"rain_in":0}}