{"Cotech-367959":{"time":"2026-01-03 02:28:39","model":"Cotech-367959","id":13,"humidity":85,"temperature":57.053333333333356,"wind_avg_mph":1.4216996444444443,"wind_dir_deg":108.42222222222222,"rain_in":0}}