{"Cotech-367959":{"time":"2026-01-02 07:28:55","model":"Cotech-367959","id":13,"humidity":97,"temperature":53.928888888888935,"wind_avg_mph":0.03479684444444445,"wind_dir_deg":136.0222222222222,"rain_in":0}}