{"Cotech-367959":{"time":"2026-01-08 13:11:38","model":"Cotech-367959","id":13,"humidity":80,"temperature":43.539999999999985,"wind_avg_mph":0.18889715555555556,"wind_dir_deg":117.04444444444445,"rain_in":0}}