{"Cotech-367959":{"time":"2026-01-09 03:15:55","model":"Cotech-367959","id":13,"humidity":50,"temperature":46.643137254901966,"wind_avg_mph":0.8772313725490196,"wind_dir_deg":263.27450980392155,"rain_in":0}}