{"Cotech-367959":{"time":"2026-01-09 04:30:19","model":"Cotech-367959","id":13,"humidity":43,"temperature":48.54130434782608,"wind_avg_mph":1.9840685217391294,"wind_dir_deg":245.91304347826087,"rain_in":0}}