{"Cotech-367959":{"time":"2026-01-07 03:09:13","model":"Cotech-367959","id":13,"humidity":95,"temperature":50.87600000000004,"wind_avg_mph":0.29080220000000007,"wind_dir_deg":297.84,"rain_in":0}}