{"Cotech-367959":{"time":"2026-01-07 13:32:58","model":"Cotech-367959","id":13,"humidity":98,"temperature":48.542222222222186,"wind_avg_mph":0,"wind_dir_deg":235.62222222222223,"rain_in":0}}