{"Cotech-367959":{"time":"2026-01-06 23:52:09","model":"Cotech-367959","id":13,"humidity":66,"temperature":64.88867924528303,"wind_avg_mph":0.42628479245283,"wind_dir_deg":203.37735849056602,"rain_in":0}}