{"Cotech-367959":{"time":"2026-01-03 14:43:35","model":"Cotech-367959","id":13,"humidity":87,"temperature":56.464444444444446,"wind_avg_mph":2.6743860444444447,"wind_dir_deg":109.37777777777778,"rain_in":0}}