{"Cotech-367959":{"time":"2026-01-08 05:31:38","model":"Cotech-367959","id":13,"humidity":83,"temperature":48.46000000000003,"wind_avg_mph":0.39370144,"wind_dir_deg":143.66,"rain_in":0}}