{"Cotech-367959":{"time":"2026-01-05 03:54:16","model":"Cotech-367959","id":13,"humidity":98,"temperature":48.042857142857116,"wind_avg_mph":0.41010566666666665,"wind_dir_deg":292.42857142857144,"rain_in":0}}