{"Cotech-367959":{"time":"2026-01-06 00:29:29","model":"Cotech-367959","id":13,"humidity":96,"temperature":52.23260869565217,"wind_avg_mph":0.48142839130434767,"wind_dir_deg":114.5,"rain_in":0}}