{"Cotech-367959":{"time":"2026-01-07 21:47:54","model":"Cotech-367959","id":13,"humidity":65,"temperature":59.7577777777778,"wind_avg_mph":1.4912933333333334,"wind_dir_deg":130.4,"rain_in":0}}