{"Cotech-367959":{"time":"2026-01-02 17:14:47","model":"Cotech-367959","id":13,"humidity":88,"temperature":53.97857142857144,"wind_avg_mph":1.238306071428571,"wind_dir_deg":110.5,"rain_in":0}}