{"Cotech-367959":{"time":"2026-01-02 00:52:23","model":"Cotech-367959","id":13,"humidity":88,"temperature":57.321052631579,"wind_avg_mph":2.005397087719299,"wind_dir_deg":117.0701754385965,"rain_in":0}}