{"Cotech-367959":{"time":"2025-12-31 14:01:10","model":"Cotech-367959","id":13,"humidity":79,"temperature":47.94901960784316,"wind_avg_mph":0,"wind_dir_deg":264.9019607843137,"rain_in":0}}