{"Cotech-367959":{"time":"2025-12-31 15:49:42","model":"Cotech-367959","id":13,"humidity":78,"temperature":49.17045454545457,"wind_avg_mph":0,"wind_dir_deg":300.6363636363636,"rain_in":0}}