{"Cotech-367959":{"time":"2026-01-07 20:51:06","model":"Cotech-367959","id":13,"humidity":66,"temperature":58.94310344827586,"wind_avg_mph":1.7934087931034481,"wind_dir_deg":87.79310344827586,"rain_in":0}}