{"Cotech-367959":{"time":"2026-01-04 09:00:08","model":"Cotech-367959","id":13,"humidity":88,"temperature":54.52745098039213,"wind_avg_mph":1.6535811372549016,"wind_dir_deg":107.43137254901961,"rain_in":0}}