{"Cotech-367959":{"time":"2026-01-01 11:30:46","model":"Cotech-367959","id":13,"humidity":98,"temperature":49.19642857142854,"wind_avg_mph":0.1637759642857143,"wind_dir_deg":198.78571428571428,"rain_in":0}}