{"Cotech-367959":{"time":"2026-01-04 01:36:39","model":"Cotech-367959","id":13,"humidity":81,"temperature":56.295555555555566,"wind_avg_mph":3.6735525777777784,"wind_dir_deg":103.68888888888888,"rain_in":0}}