{"Cotech-367959":{"time":"2026-01-03 11:40:23","model":"Cotech-367959","id":13,"humidity":87,"temperature":55.92045454545459,"wind_avg_mph":3.62485959090909,"wind_dir_deg":102.6590909090909,"rain_in":0}}