{"Cotech-367959":{"time":"2026-01-06 08:44:09","model":"Cotech-367959","id":13,"humidity":97,"temperature":50.10199999999996,"wind_avg_mph":0.7158207999999998,"wind_dir_deg":283.74,"rain_in":0}}