{"Cotech-367959":{"time":"2026-01-02 09:40:39","model":"Cotech-367959","id":13,"humidity":97,"temperature":53.83555555555557,"wind_avg_mph":0.17398422222222226,"wind_dir_deg":274.31111111111113,"rain_in":0}}