{"Cotech-367959":{"time":"2026-01-01 03:32:06","model":"Cotech-367959","id":13,"humidity":97,"temperature":50.79272727272729,"wind_avg_mph":0.1423507272727273,"wind_dir_deg":182.2,"rain_in":0}}