{"Cotech-367959":{"time":"2026-01-05 09:46:48","model":"Cotech-367959","id":13,"humidity":97,"temperature":48.75294117647056,"wind_avg_mph":0.44738799999999995,"wind_dir_deg":105.3529411764706,"rain_in":0}}