{"Cotech-367959":{"time":"2026-01-04 14:13:28","model":"Cotech-367959","id":13,"humidity":97,"temperature":51.42765957446812,"wind_avg_mph":0.7710303829787231,"wind_dir_deg":94.25531914893617,"rain_in":0}}