{"Cotech-367959":{"time":"2026-01-02 18:10:47","model":"Cotech-367959","id":13,"humidity":82,"temperature":56.09636363636361,"wind_avg_mph":1.7732833454545447,"wind_dir_deg":99.21818181818182,"rain_in":0}}