{"Cotech-367959":{"time":"2026-01-09 17:16:44","model":"Cotech-367959","id":13,"humidity":57,"temperature":45.47692307692304,"wind_avg_mph":0.7356091153846152,"wind_dir_deg":131.34615384615384,"rain_in":0}}