{"Cotech-367959":{"time":"2026-01-04 08:03:04","model":"Cotech-367959","id":13,"humidity":91,"temperature":53.919999999999995,"wind_avg_mph":1.4714094222222227,"wind_dir_deg":107.62222222222222,"rain_in":0}}