{"Cotech-367959":{"time":"2026-01-01 01:39:34","model":"Cotech-367959","id":13,"humidity":96,"temperature":50.00727272727272,"wind_avg_mph":0.0447388,"wind_dir_deg":285.5090909090909,"rain_in":0}}