{"Cotech-367959":{"time":"2026-01-08 09:34:50","model":"Cotech-367959","id":13,"humidity":84,"temperature":48.229545454545466,"wind_avg_mph":0.08642722727272728,"wind_dir_deg":217.29545454545453,"rain_in":0}}