{"Cotech-367959":{"time":"2026-01-09 11:51:23","model":"Cotech-367959","id":13,"humidity":71,"temperature":39.28913043478261,"wind_avg_mph":0.3598555652173913,"wind_dir_deg":253.97826086956522,"rain_in":0}}