{"Cotech-367959":{"time":"2026-01-05 19:15:37","model":"Cotech-367959","id":13,"humidity":75,"temperature":56.39482758620695,"wind_avg_mph":4.493163965517242,"wind_dir_deg":115.13793103448276,"rain_in":0}}