{"Cotech-367959":{"time":"2026-01-04 22:09:28","model":"Cotech-367959","id":13,"humidity":98,"temperature":51.58636363636367,"wind_avg_mph":3.131716,"wind_dir_deg":102.70454545454545,"rain_in":0}}