{"Cotech-367959":{"time":"2026-01-08 00:46:02","model":"Cotech-367959","id":13,"humidity":86,"temperature":54.52156862745098,"wind_avg_mph":1.8421858823529416,"wind_dir_deg":144.47058823529412,"rain_in":0}}