{"Cotech-367959":{"time":"2026-01-07 22:54:18","model":"Cotech-367959","id":13,"humidity":70,"temperature":59.471929824561386,"wind_avg_mph":1.8601922105263158,"wind_dir_deg":109.84210526315789,"rain_in":0}}