{"Cotech-367959":{"time":"2026-01-07 15:18:34","model":"Cotech-367959","id":13,"humidity":98,"temperature":47.43043478260868,"wind_avg_mph":0.21396817391304349,"wind_dir_deg":280.3695652173913,"rain_in":0}}