{"Cotech-367959":{"time":"2026-01-04 09:08:24","model":"Cotech-367959","id":13,"humidity":88,"temperature":54.70869565217396,"wind_avg_mph":2.061875130434782,"wind_dir_deg":99.84782608695652,"rain_in":0}}