{"Cotech-367959":{"time":"2025-12-31 05:43:17","model":"Cotech-367959","id":13,"humidity":89,"temperature":42.96046511627906,"wind_avg_mph":0,"wind_dir_deg":289.86046511627904,"rain_in":0}}