{"Cotech-367959":{"time":"2026-01-08 17:02:35","model":"Cotech-367959","id":13,"humidity":80,"temperature":43.611999999999995,"wind_avg_mph":0.64423872,"wind_dir_deg":117.96,"rain_in":0}}