{"Cotech-367959":{"time":"2026-01-09 02:36:27","model":"Cotech-367959","id":13,"humidity":62,"temperature":44.56122448979591,"wind_avg_mph":0.03652146938775511,"wind_dir_deg":163.26530612244898,"rain_in":0}}