{"Cotech-367959":{"time":"2026-01-03 18:35:35","model":"Cotech-367959","id":13,"humidity":88,"temperature":58.30697674418605,"wind_avg_mph":4.02128981395349,"wind_dir_deg":104.32558139534883,"rain_in":0}}