{"Cotech-367959":{"time":"2026-01-05 09:20:08","model":"Cotech-367959","id":13,"humidity":98,"temperature":47.91886792452829,"wind_avg_mph":0.12239860377358493,"wind_dir_deg":122.22641509433963,"rain_in":0}}