{"Cotech-367959":{"time":"2026-01-06 02:03:21","model":"Cotech-367959","id":13,"humidity":97,"temperature":51.838181818181866,"wind_avg_mph":1.4682460727272721,"wind_dir_deg":106.94545454545455,"rain_in":0}}