{"Cotech-367959":{"time":"2026-01-05 22:17:29","model":"Cotech-367959","id":13,"humidity":89,"temperature":53.88444444444445,"wind_avg_mph":0.7953564444444442,"wind_dir_deg":108.42222222222222,"rain_in":0}}