{"Cotech-367959":{"time":"2025-12-31 06:27:49","model":"Cotech-367959","id":13,"humidity":89,"temperature":42.58947368421052,"wind_avg_mph":0,"wind_dir_deg":151.0701754385965,"rain_in":0}}