{"Cotech-367959":{"time":"2026-01-03 11:49:27","model":"Cotech-367959","id":13,"humidity":87,"temperature":55.929411764705854,"wind_avg_mph":4.5221277254901935,"wind_dir_deg":101.29411764705883,"rain_in":0}}