{"Cotech-367959":{"time":"2026-01-05 00:32:56","model":"Cotech-367959","id":13,"humidity":97,"temperature":50.973469387755095,"wind_avg_mph":1.0271663265306124,"wind_dir_deg":83.63265306122449,"rain_in":0}}