{"Cotech-367959":{"time":"2026-01-02 17:24:55","model":"Cotech-367959","id":13,"humidity":86,"temperature":54.71964285714285,"wind_avg_mph":1.6617268571428563,"wind_dir_deg":108.5,"rain_in":0}}