{"Cotech-367959":{"time":"2026-01-01 13:47:34","model":"Cotech-367959","id":13,"humidity":98,"temperature":49.44782608695653,"wind_avg_mph":0.37444430434782605,"wind_dir_deg":150.2173913043478,"rain_in":0}}