{"Cotech-367959":{"time":"2025-12-31 14:19:34","model":"Cotech-367959","id":13,"humidity":82,"temperature":47.749090909090945,"wind_avg_mph":0,"wind_dir_deg":322.3454545454546,"rain_in":0}}