{"Cotech-367959":{"time":"2026-01-02 15:53:27","model":"Cotech-367959","id":13,"humidity":93,"temperature":51.84821428571432,"wind_avg_mph":0.43540439285714283,"wind_dir_deg":195.03571428571428,"rain_in":0}}