{"Cotech-367959":{"time":"2026-01-04 19:05:28","model":"Cotech-367959","id":13,"humidity":98,"temperature":51.68653846153848,"wind_avg_mph":1.445407384615385,"wind_dir_deg":114.17307692307692,"rain_in":0}}