{"Cotech-367959":{"time":"2026-01-02 09:49:43","model":"Cotech-367959","id":13,"humidity":97,"temperature":53.841176470588266,"wind_avg_mph":0.20614937254901963,"wind_dir_deg":286.3921568627451,"rain_in":0}}