{"Cotech-367959":{"time":"2026-01-09 21:25:00","model":"Cotech-367959","id":13,"humidity":28,"temperature":61.80508474576274,"wind_avg_mph":1.7023492542372876,"wind_dir_deg":211.5593220338983,"rain_in":0}}