{"Cotech-367959":{"time":"2026-01-02 14:09:11","model":"Cotech-367959","id":13,"humidity":96,"temperature":51.18431372549018,"wind_avg_mph":0.17106011764705883,"wind_dir_deg":282.4901960784314,"rain_in":0}}