{"Cotech-367959":{"time":"2026-01-02 19:56:23","model":"Cotech-367959","id":13,"humidity":75,"temperature":58.17399999999997,"wind_avg_mph":2.1608840399999996,"wind_dir_deg":104.72,"rain_in":0}}