{"Cotech-367959":{"time":"2026-01-09 04:39:39","model":"Cotech-367959","id":13,"humidity":43,"temperature":48.31399999999999,"wind_avg_mph":2.51432056,"wind_dir_deg":277.68,"rain_in":0}}