{"Cotech-367959":{"time":"2026-01-07 13:07:06","model":"Cotech-367959","id":13,"humidity":98,"temperature":47.36739130434784,"wind_avg_mph":0.009725826086956523,"wind_dir_deg":310.9347826086956,"rain_in":0}}