{"Cotech-367959":{"time":"2026-01-06 21:31:05","model":"Cotech-367959","id":13,"humidity":67,"temperature":65.41777777777779,"wind_avg_mph":0.934543822222222,"wind_dir_deg":208.26666666666668,"rain_in":0}}