{"Cotech-367959":{"time":"2026-01-02 01:01:27","model":"Cotech-367959","id":13,"humidity":87,"temperature":57.376470588235335,"wind_avg_mph":2.5834463921568633,"wind_dir_deg":110.80392156862744,"rain_in":0}}