{"Cotech-367959":{"time":"2026-01-02 18:38:15","model":"Cotech-367959","id":13,"humidity":79,"temperature":57.414545454545426,"wind_avg_mph":1.3828356363636358,"wind_dir_deg":112.87272727272727,"rain_in":0}}