{"Cotech-367959":{"time":"2026-01-04 13:00:40","model":"Cotech-367959","id":13,"humidity":97,"temperature":51.20714285714286,"wind_avg_mph":0,"wind_dir_deg":71.73809523809524,"rain_in":0}}