{"Cotech-367959":{"time":"2026-01-06 10:36:25","model":"Cotech-367959","id":13,"humidity":98,"temperature":48.717241379310344,"wind_avg_mph":0.3201138275862069,"wind_dir_deg":224.44827586206895,"rain_in":0}}