{"Cotech-367959":{"time":"2026-01-09 13:40:59","model":"Cotech-367959","id":13,"humidity":71,"temperature":38.476923076923086,"wind_avg_mph":0.25380665384615386,"wind_dir_deg":262.9423076923077,"rain_in":0}}