{"Cotech-367959":{"time":"2025-12-31 17:43:34","model":"Cotech-367959","id":13,"humidity":81,"temperature":50.52745098039214,"wind_avg_mph":0,"wind_dir_deg":223.37254901960785,"rain_in":0}}