{"Cotech-367959":{"time":"2026-01-08 11:21:46","model":"Cotech-367959","id":13,"humidity":87,"temperature":43.786206896551725,"wind_avg_mph":0.574662172413793,"wind_dir_deg":122.6896551724138,"rain_in":0}}