{"Cotech-367959":{"time":"2026-01-08 08:12:58","model":"Cotech-367959","id":13,"humidity":95,"temperature":48.10192307692304,"wind_avg_mph":0.2796175,"wind_dir_deg":180.26923076923077,"rain_in":0}}