{"Cotech-367959":{"time":"2026-01-02 11:36:07","model":"Cotech-367959","id":13,"humidity":96,"temperature":54.10363636363631,"wind_avg_mph":0.1992910181818182,"wind_dir_deg":232.54545454545453,"rain_in":0}}