{"Cotech-367959":{"time":"2026-01-04 06:37:11","model":"Cotech-367959","id":13,"humidity":89,"temperature":54.08399999999996,"wind_avg_mph":2.0490370399999995,"wind_dir_deg":113.16,"rain_in":0}}