{"Cotech-367959":{"time":"2026-01-08 14:44:42","model":"Cotech-367959","id":13,"humidity":88,"temperature":40.122807017543835,"wind_avg_mph":0.7260243859649116,"wind_dir_deg":287.6666666666667,"rain_in":0}}