{"Cotech-367959":{"time":"2026-01-09 18:32:28","model":"Cotech-367959","id":13,"humidity":43,"temperature":51.88793103448279,"wind_avg_mph":0.5669485862068965,"wind_dir_deg":124.96551724137932,"rain_in":0}}