{"Cotech-367959":{"time":"2026-01-05 08:13:44","model":"Cotech-367959","id":13,"humidity":98,"temperature":47.92363636363635,"wind_avg_mph":0.016268654545454547,"wind_dir_deg":292.6,"rain_in":0}}