{"Cotech-367959":{"time":"2026-01-01 03:50:30","model":"Cotech-367959","id":13,"humidity":97,"temperature":50.67719298245611,"wind_avg_mph":0.1059603157894737,"wind_dir_deg":245.1578947368421,"rain_in":0}}