{"Cotech-367959":{"time":"2025-12-31 10:47:49","model":"Cotech-367959","id":13,"humidity":76,"temperature":47.098214285714235,"wind_avg_mph":0,"wind_dir_deg":300.10714285714283,"rain_in":0}}