{"Cotech-367959":{"time":"2026-01-04 12:52:40","model":"Cotech-367959","id":13,"humidity":97,"temperature":51.353333333333346,"wind_avg_mph":0.4324750666666666,"wind_dir_deg":70.82222222222222,"rain_in":0}}