{"Cotech-367959":{"time":"2026-01-03 10:19:35","model":"Cotech-367959","id":13,"humidity":89,"temperature":55.72727272727276,"wind_avg_mph":0.9435819636363635,"wind_dir_deg":100.89090909090909,"rain_in":0}}