{"Cotech-367959":{"time":"2026-01-02 06:16:07","model":"Cotech-367959","id":13,"humidity":97,"temperature":54.315909090909095,"wind_avg_mph":1.9115669090909078,"wind_dir_deg":112.38636363636364,"rain_in":0}}