{"Cotech-367959":{"time":"2026-01-01 06:46:46","model":"Cotech-367959","id":13,"humidity":97,"temperature":49.649999999999984,"wind_avg_mph":0.20771585714285717,"wind_dir_deg":211.01785714285714,"rain_in":0}}