{"Cotech-367959":{"time":"2026-01-01 23:41:27","model":"Cotech-367959","id":13,"humidity":91,"temperature":57.98043478260871,"wind_avg_mph":0.6224528695652171,"wind_dir_deg":144.7173913043478,"rain_in":0}}