{"Cotech-367959":{"time":"2026-01-06 10:05:29","model":"Cotech-367959","id":13,"humidity":98,"temperature":49.19038461538458,"wind_avg_mph":0.8173434615384614,"wind_dir_deg":283.4807692307692,"rain_in":0}}