{"Cotech-367959":{"time":"2026-01-09 22:28:44","model":"Cotech-367959","id":13,"humidity":28,"temperature":62.65652173913043,"wind_avg_mph":1.7263341304347832,"wind_dir_deg":217.02173913043478,"rain_in":0}}