{"Cotech-367959":{"time":"2026-01-08 02:15:54","model":"Cotech-367959","id":13,"humidity":85,"temperature":49.58148148148151,"wind_avg_mph":0.4639579259259257,"wind_dir_deg":172.90740740740742,"rain_in":0}}