{"Cotech-367959":{"time":"2026-01-04 13:55:04","model":"Cotech-367959","id":13,"humidity":97,"temperature":51.54130434782608,"wind_avg_mph":1.0309375652173909,"wind_dir_deg":98.84782608695652,"rain_in":0}}