{"Cotech-367959":{"time":"2026-01-03 10:48:07","model":"Cotech-367959","id":13,"humidity":86,"temperature":56.281632653061195,"wind_avg_mph":2.6249806122448978,"wind_dir_deg":95.75510204081633,"rain_in":0}}