{"Cotech-367959":{"time":"2026-01-07 07:14:17","model":"Cotech-367959","id":13,"humidity":97,"temperature":46.84117647058824,"wind_avg_mph":0.8070528627450976,"wind_dir_deg":283.6862745098039,"rain_in":0}}