{"Cotech-367959":{"time":"2026-01-07 16:56:10","model":"Cotech-367959","id":13,"humidity":98,"temperature":48.56851851851847,"wind_avg_mph":0.15327181481481483,"wind_dir_deg":88.46296296296296,"rain_in":0}}