{"Cotech-367959":{"time":"2026-01-03 12:06:47","model":"Cotech-367959","id":13,"humidity":88,"temperature":55.984090909090924,"wind_avg_mph":3.7977140454545473,"wind_dir_deg":105.43181818181819,"rain_in":0}}