{"Cotech-367959":{"time":"2026-01-04 17:16:08","model":"Cotech-367959","id":13,"humidity":98,"temperature":51.842222222222226,"wind_avg_mph":1.4316415999999998,"wind_dir_deg":99.31111111111112,"rain_in":0}}