{"Cotech-367959":{"time":"2025-12-31 02:53:25","model":"Cotech-367959","id":13,"humidity":91,"temperature":44.364705882352936,"wind_avg_mph":0,"wind_dir_deg":313.3333333333333,"rain_in":0}}