{"Cotech-367959":{"time":"2026-01-09 20:08:12","model":"Cotech-367959","id":13,"humidity":34,"temperature":56.14716981132076,"wind_avg_mph":0.8947759999999997,"wind_dir_deg":118.20754716981132,"rain_in":0}}