{"Cotech-367959":{"time":"2026-01-09 19:19:24","model":"Cotech-367959","id":13,"humidity":35,"temperature":54.31607142857143,"wind_avg_mph":1.5219181071428571,"wind_dir_deg":116.44642857142857,"rain_in":0}}