{"Cotech-367959":{"time":"2026-01-09 12:10:19","model":"Cotech-367959","id":13,"humidity":71,"temperature":39.121739130434776,"wind_avg_mph":0.5592349999999999,"wind_dir_deg":258.32608695652175,"rain_in":0}}