{"Cotech-367959":{"time":"2026-01-02 17:04:39","model":"Cotech-367959","id":13,"humidity":90,"temperature":53.59999999999996,"wind_avg_mph":0.6425253191489358,"wind_dir_deg":102.63829787234043,"rain_in":0}}