{"Cotech-367959":{"time":"2026-01-01 07:26:14","model":"Cotech-367959","id":13,"humidity":97,"temperature":49.20612244897957,"wind_avg_mph":0.8080375102040812,"wind_dir_deg":252.73469387755102,"rain_in":0}}