{"Cotech-367959":{"time":"2026-01-09 17:26:04","model":"Cotech-367959","id":13,"humidity":56,"temperature":46.264150943396245,"wind_avg_mph":0.7048471320754714,"wind_dir_deg":161.64150943396226,"rain_in":0}}