{"Cotech-367959":{"time":"2025-12-30 23:21:09","model":"Cotech-367959","id":13,"humidity":76,"temperature":50.535714285714256,"wind_avg_mph":0,"wind_dir_deg":199.66666666666666,"rain_in":0}}