{"Cotech-367959":{"time":"2025-12-31 21:20:22","model":"Cotech-367959","id":13,"humidity":91,"temperature":51.367272727272706,"wind_avg_mph":0,"wind_dir_deg":117.58181818181818,"rain_in":0}}