{"Cotech-367959":{"time":"2026-01-05 22:09:29","model":"Cotech-367959","id":13,"humidity":86,"temperature":54.35686274509803,"wind_avg_mph":2.2413261568627454,"wind_dir_deg":101.3921568627451,"rain_in":0}}