{"Cotech-367959":{"time":"2026-01-07 17:23:06","model":"Cotech-367959","id":13,"humidity":98,"temperature":49.46800000000001,"wind_avg_mph":0.8187200399999994,"wind_dir_deg":93.1,"rain_in":0}}