{"Cotech-367959":{"time":"2026-01-07 03:27:53","model":"Cotech-367959","id":13,"humidity":95,"temperature":50.80350877192983,"wind_avg_mph":0.9065493684210524,"wind_dir_deg":277.05263157894734,"rain_in":0}}