{"Cotech-367959":{"time":"2026-01-07 19:27:22","model":"Cotech-367959","id":13,"humidity":82,"temperature":53.6732142857143,"wind_avg_mph":1.234311535714285,"wind_dir_deg":135.69642857142858,"rain_in":0}}