{"Cotech-367959":{"time":"2026-01-02 12:37:43","model":"Cotech-367959","id":13,"humidity":96,"temperature":52.83599999999995,"wind_avg_mph":0.3937014399999999,"wind_dir_deg":247.72,"rain_in":0}}