{"Cotech-367959":{"time":"2026-01-01 07:17:10","model":"Cotech-367959","id":13,"humidity":97,"temperature":49.35789473684214,"wind_avg_mph":0.46308582456140335,"wind_dir_deg":281.63157894736844,"rain_in":0}}