{"Cotech-367959":{"time":"2026-01-09 00:45:47","model":"Cotech-367959","id":13,"humidity":41,"temperature":51.7063829787234,"wind_avg_mph":0.2808073617021277,"wind_dir_deg":122.87234042553192,"rain_in":0}}