{"Cotech-367959":{"time":"2026-01-05 21:50:01","model":"Cotech-367959","id":13,"humidity":84,"temperature":54.75111111111109,"wind_avg_mph":3.3106712000000003,"wind_dir_deg":108.04444444444445,"rain_in":0}}