{"Cotech-367959":{"time":"2026-01-06 18:51:37","model":"Cotech-367959","id":13,"humidity":83,"temperature":58.124074074074116,"wind_avg_mph":0.7042218518518513,"wind_dir_deg":226.3148148148148,"rain_in":0}}