{"Cotech-367959":{"time":"2026-01-04 11:20:40","model":"Cotech-367959","id":13,"humidity":97,"temperature":52.422727272727315,"wind_avg_mph":2.17084859090909,"wind_dir_deg":104.1590909090909,"rain_in":0}}