{"Cotech-367959":{"time":"2026-01-04 16:30:16","model":"Cotech-367959","id":13,"humidity":98,"temperature":52.16964285714285,"wind_avg_mph":1.7336285000000002,"wind_dir_deg":96.5,"rain_in":0}}