{"Cotech-367959":{"time":"2026-01-06 01:27:37","model":"Cotech-367959","id":13,"humidity":97,"temperature":52.10892857142856,"wind_avg_mph":2.908022,"wind_dir_deg":95.28571428571429,"rain_in":0}}