{"Cotech-367959":{"time":"2026-01-08 16:15:55","model":"Cotech-367959","id":13,"humidity":92,"temperature":38.96274509803921,"wind_avg_mph":0.08772313725490197,"wind_dir_deg":244.80392156862746,"rain_in":0}}