{"Cotech-367959":{"time":"2025-12-31 01:32:05","model":"Cotech-367959","id":13,"humidity":87,"temperature":45.99772727272728,"wind_avg_mph":0,"wind_dir_deg":198.8409090909091,"rain_in":0}}