{"Cotech-367959":{"time":"2026-01-05 09:55:04","model":"Cotech-367959","id":13,"humidity":97,"temperature":48.67441860465119,"wind_avg_mph":0.4109726976744187,"wind_dir_deg":122.53488372093024,"rain_in":0}}