{"Cotech-367959":{"time":"2026-01-03 19:22:15","model":"Cotech-367959","id":13,"humidity":86,"temperature":58.84545454545455,"wind_avg_mph":3.5221637090909095,"wind_dir_deg":104.52727272727273,"rain_in":0}}