{"Cotech-367959":{"time":"2026-01-05 07:01:12","model":"Cotech-367959","id":13,"humidity":98,"temperature":49.1022727272727,"wind_avg_mph":1.2964084090909092,"wind_dir_deg":108.52272727272727,"rain_in":0}}