{"Cotech-367959":{"time":"2026-01-04 14:59:36","model":"Cotech-367959","id":13,"humidity":98,"temperature":51.93461538461542,"wind_avg_mph":1.2475242307692307,"wind_dir_deg":118.28846153846153,"rain_in":0}}