{"Cotech-367959":{"time":"2026-01-02 22:57:43","model":"Cotech-367959","id":13,"humidity":67,"temperature":60.832727272727304,"wind_avg_mph":1.3584326545454537,"wind_dir_deg":110.2909090909091,"rain_in":0}}