{"Cotech-367959":{"time":"2026-01-01 14:57:42","model":"Cotech-367959","id":13,"humidity":98,"temperature":49.90612244897964,"wind_avg_mph":1.483684693877551,"wind_dir_deg":284.7959183673469,"rain_in":0}}