{"Cotech-367959":{"time":"2025-12-30 23:49:25","model":"Cotech-367959","id":13,"humidity":77,"temperature":50.64814814814812,"wind_avg_mph":0,"wind_dir_deg":181.2037037037037,"rain_in":0}}