{"Cotech-367959":{"time":"2026-01-08 09:45:14","model":"Cotech-367959","id":13,"humidity":85,"temperature":48.10344827586202,"wind_avg_mph":0.3818225172413793,"wind_dir_deg":207.05172413793105,"rain_in":0}}