{"Cotech-367959":{"time":"2025-12-30 23:58:29","model":"Cotech-367959","id":13,"humidity":77,"temperature":50.59019607843136,"wind_avg_mph":0,"wind_dir_deg":180.3921568627451,"rain_in":0}}