{"Cotech-367959":{"time":"2026-01-01 22:25:27","model":"Cotech-367959","id":13,"humidity":92,"temperature":58.18181818181817,"wind_avg_mph":2.836846636363636,"wind_dir_deg":100.27272727272727,"rain_in":0}}