{"Cotech-367959":{"time":"2026-01-09 12:56:11","model":"Cotech-367959","id":13,"humidity":69,"temperature":39.24545454545456,"wind_avg_mph":0.7971640727272726,"wind_dir_deg":268.6909090909091,"rain_in":0}}