{"Cotech-367959":{"time":"2026-01-09 00:36:27","model":"Cotech-367959","id":13,"humidity":40,"temperature":52.89800000000003,"wind_avg_mph":0.34896264000000005,"wind_dir_deg":122.86,"rain_in":0}}