{"Cotech-367959":{"time":"2026-01-05 23:25:45","model":"Cotech-367959","id":13,"humidity":93,"temperature":52.895918367346965,"wind_avg_mph":1.5567276326530606,"wind_dir_deg":111.18367346938776,"rain_in":0}}