{"Cotech-367959":{"time":"2026-01-06 06:24:41","model":"Cotech-367959","id":13,"humidity":97,"temperature":50.49999999999999,"wind_avg_mph":0.1143324888888889,"wind_dir_deg":169.82222222222222,"rain_in":0}}