{"Cotech-367959":{"time":"2026-01-02 14:28:23","model":"Cotech-367959","id":13,"humidity":96,"temperature":50.897959183673514,"wind_avg_mph":0.43369244897959186,"wind_dir_deg":293.2244897959184,"rain_in":0}}