{"Cotech-367959":{"time":"2026-01-03 17:57:59","model":"Cotech-367959","id":13,"humidity":83,"temperature":58.9345454545455,"wind_avg_mph":4.693506836363636,"wind_dir_deg":109.54545454545455,"rain_in":0}}