{"Cotech-367959":{"time":"2026-01-04 20:01:44","model":"Cotech-367959","id":13,"humidity":98,"temperature":51.80200000000003,"wind_avg_mph":2.948286919999999,"wind_dir_deg":93.4,"rain_in":0}}