{"Cotech-367959":{"time":"2025-12-31 09:15:17","model":"Cotech-367959","id":13,"humidity":81,"temperature":44.93409090909094,"wind_avg_mph":0,"wind_dir_deg":183.22727272727272,"rain_in":0}}