{"Cotech-367959":{"time":"2026-01-05 05:48:24","model":"Cotech-367959","id":13,"humidity":99,"temperature":49.39107142857147,"wind_avg_mph":0.2396721428571429,"wind_dir_deg":71.44642857142857,"rain_in":0}}