{"Cotech-367959":{"time":"2026-01-06 16:46:17","model":"Cotech-367959","id":13,"humidity":95,"temperature":50.379591836734704,"wind_avg_mph":0.6710819999999998,"wind_dir_deg":206.18367346938774,"rain_in":0}}