{"Cotech-367959":{"time":"2026-01-03 02:01:11","model":"Cotech-367959","id":13,"humidity":84,"temperature":57.405999999999985,"wind_avg_mph":1.5166453199999999,"wind_dir_deg":119.44,"rain_in":0}}