{"Cotech-367959":{"time":"2026-01-04 06:10:47","model":"Cotech-367959","id":13,"humidity":88,"temperature":54.49000000000001,"wind_avg_mph":2.1429885199999994,"wind_dir_deg":103.8,"rain_in":0}}