{"Cotech-367959":{"time":"2026-01-07 01:44:41","model":"Cotech-367959","id":13,"humidity":90,"temperature":53.359615384615374,"wind_avg_mph":0.16346869230769231,"wind_dir_deg":286.86538461538464,"rain_in":0}}