{"Cotech-367959":{"time":"2026-01-02 23:52:23","model":"Cotech-367959","id":13,"humidity":67,"temperature":60.685999999999986,"wind_avg_mph":1.3108468399999995,"wind_dir_deg":109.02,"rain_in":0}}