{"Cotech-367959":{"time":"2026-01-09 12:37:31","model":"Cotech-367959","id":13,"humidity":73,"temperature":38.47543859649124,"wind_avg_mph":0.6004417894736839,"wind_dir_deg":282.1578947368421,"rain_in":0}}