{"Cotech-367959":{"time":"2026-01-08 23:22:51","model":"Cotech-367959","id":13,"humidity":30,"temperature":62.490384615384606,"wind_avg_mph":1.0668483076923074,"wind_dir_deg":168.32692307692307,"rain_in":0}}