{"Cotech-367959":{"time":"2026-01-04 21:24:24","model":"Cotech-367959","id":13,"humidity":98,"temperature":51.73000000000001,"wind_avg_mph":2.536689959999999,"wind_dir_deg":102.82,"rain_in":0}}