{"Cotech-367959":{"time":"2026-01-03 22:41:59","model":"Cotech-367959","id":13,"humidity":61,"temperature":63.07045454545453,"wind_avg_mph":4.377284863636364,"wind_dir_deg":105.22727272727273,"rain_in":0}}