{"Cotech-367959":{"time":"2026-01-04 15:18:48","model":"Cotech-367959","id":13,"humidity":98,"temperature":51.89272727272732,"wind_avg_mph":0.7198879636363634,"wind_dir_deg":86.52727272727273,"rain_in":0}}