{"Cotech-367959":{"time":"2026-01-02 12:56:07","model":"Cotech-367959","id":13,"humidity":97,"temperature":52.262499999999974,"wind_avg_mph":0.6231475714285707,"wind_dir_deg":286.0892857142857,"rain_in":0}}