{"Cotech-367959":{"time":"2026-01-01 20:17:42","model":"Cotech-367959","id":13,"humidity":98,"temperature":55.69565217391303,"wind_avg_mph":1.0941554347826086,"wind_dir_deg":102.08695652173913,"rain_in":0}}