{"Cotech-367959":{"time":"2026-01-06 13:08:09","model":"Cotech-367959","id":13,"humidity":97,"temperature":49.750877192982465,"wind_avg_mph":1.4049552982456133,"wind_dir_deg":281.4561403508772,"rain_in":0}}