{"Cotech-367959":{"time":"2026-01-05 16:34:32","model":"Cotech-367959","id":13,"humidity":84,"temperature":52.20666666666665,"wind_avg_mph":2.4854888888888884,"wind_dir_deg":111.82222222222222,"rain_in":0}}