{"Cotech-367959":{"time":"2026-01-09 21:05:16","model":"Cotech-367959","id":13,"humidity":29,"temperature":61.48301886792454,"wind_avg_mph":1.7979932830188678,"wind_dir_deg":193.45283018867926,"rain_in":0}}