{"Cotech-367959":{"time":"2026-01-03 06:51:35","model":"Cotech-367959","id":13,"humidity":96,"temperature":55.34736842105267,"wind_avg_mph":3.5163127017543845,"wind_dir_deg":99.28070175438596,"rain_in":0}}