{"Cotech-367959":{"time":"2026-01-08 22:28:59","model":"Cotech-367959","id":13,"humidity":34,"temperature":61.05263157894737,"wind_avg_mph":1.196959122807017,"wind_dir_deg":180.52631578947367,"rain_in":0}}