{"Cotech-367959":{"time":"2026-01-05 19:05:13","model":"Cotech-367959","id":13,"humidity":76,"temperature":56.217777777777805,"wind_avg_mph":4.255156977777777,"wind_dir_deg":123.95555555555555,"rain_in":0}}