{"Cotech-367959":{"time":"2026-01-09 20:36:12","model":"Cotech-367959","id":13,"humidity":30,"temperature":59.80434782608694,"wind_avg_mph":1.0941554347826083,"wind_dir_deg":181.1086956521739,"rain_in":0}}