{"Cotech-367959":{"time":"2026-01-03 21:43:51","model":"Cotech-367959","id":13,"humidity":64,"temperature":63.610526315789485,"wind_avg_mph":6.34584557894737,"wind_dir_deg":106.08771929824562,"rain_in":0}}