{"Cotech-367959":{"time":"2026-01-04 05:36:07","model":"Cotech-367959","id":13,"humidity":87,"temperature":54.50377358490566,"wind_avg_mph":2.1947335849056597,"wind_dir_deg":102.0754716981132,"rain_in":0}}