{"Cotech-367959":{"time":"2026-01-03 22:23:35","model":"Cotech-367959","id":13,"humidity":59,"temperature":64.55535714285718,"wind_avg_mph":4.114371785714286,"wind_dir_deg":110.875,"rain_in":0}}