{"Cotech-367959":{"time":"2026-01-07 18:00:10","model":"Cotech-367959","id":13,"humidity":98,"temperature":51.129629629629655,"wind_avg_mph":0.33554100000000003,"wind_dir_deg":175.87037037037038,"rain_in":0}}