{"Cotech-367959":{"time":"2026-01-02 16:47:19","model":"Cotech-367959","id":13,"humidity":92,"temperature":52.997959183673444,"wind_avg_mph":0.8902108163265302,"wind_dir_deg":88.53061224489795,"rain_in":0}}