{"Cotech-367959":{"time":"2026-01-02 03:23:35","model":"Cotech-367959","id":13,"humidity":94,"temperature":55.65714285714282,"wind_avg_mph":0.2396721428571429,"wind_dir_deg":164.51785714285714,"rain_in":0}}