{"Cotech-367959":{"time":"2026-01-03 16:06:15","model":"Cotech-367959","id":13,"humidity":90,"temperature":56.201923076923045,"wind_avg_mph":1.7207230769230775,"wind_dir_deg":101.07692307692308,"rain_in":0}}