{"Cotech-367959":{"time":"2026-01-02 23:43:19","model":"Cotech-367959","id":13,"humidity":65,"temperature":60.96521739130439,"wind_avg_mph":3.199796782608695,"wind_dir_deg":108.82608695652173,"rain_in":0}}