{"Cotech-367959":{"time":"2025-12-31 21:57:42","model":"Cotech-367959","id":13,"humidity":91,"temperature":51.100000000000016,"wind_avg_mph":0,"wind_dir_deg":212.91071428571428,"rain_in":0}}