{"Cotech-367959":{"time":"2026-01-02 18:58:31","model":"Cotech-367959","id":13,"humidity":76,"temperature":58.028571428571446,"wind_avg_mph":2.6723443928571413,"wind_dir_deg":105.14285714285714,"rain_in":0}}