{"Cotech-367959":{"time":"2026-01-09 22:57:00","model":"Cotech-367959","id":13,"humidity":26,"temperature":64.07758620689656,"wind_avg_mph":1.0490477241379306,"wind_dir_deg":189.0344827586207,"rain_in":0}}