{"Cotech-367959":{"time":"2026-01-02 03:32:39","model":"Cotech-367959","id":13,"humidity":94,"temperature":55.52156862745097,"wind_avg_mph":0.6228342745098037,"wind_dir_deg":114.19607843137256,"rain_in":0}}