{"Cotech-367959":{"time":"2025-12-31 10:19:17","model":"Cotech-367959","id":13,"humidity":78,"temperature":46.44363636363641,"wind_avg_mph":0,"wind_dir_deg":309.3454545454546,"rain_in":0}}