{"Cotech-367959":{"time":"2026-01-09 17:35:24","model":"Cotech-367959","id":13,"humidity":55,"temperature":47.27450980392157,"wind_avg_mph":1.4737487058823524,"wind_dir_deg":113.47058823529412,"rain_in":0}}