{"Cotech-367959":{"time":"2026-01-04 19:52:24","model":"Cotech-367959","id":13,"humidity":98,"temperature":52.010526315789505,"wind_avg_mph":1.9465302456140348,"wind_dir_deg":102.47368421052632,"rain_in":0}}