{"Cotech-367959":{"time":"2026-01-06 03:26:49","model":"Cotech-367959","id":13,"humidity":97,"temperature":51.227272727272705,"wind_avg_mph":2.2572758181818173,"wind_dir_deg":120.36363636363636,"rain_in":0}}