{"Cotech-367959":{"time":"2025-12-31 18:55:34","model":"Cotech-367959","id":13,"humidity":87,"temperature":49.71960784313729,"wind_avg_mph":0,"wind_dir_deg":287.03921568627453,"rain_in":0}}