{"Cotech-367959":{"time":"2026-01-08 08:03:38","model":"Cotech-367959","id":13,"humidity":95,"temperature":48.319607843137206,"wind_avg_mph":0.039475411764705884,"wind_dir_deg":140.84313725490196,"rain_in":0}}