{"Cotech-367959":{"time":"2026-01-07 15:38:18","model":"Cotech-367959","id":13,"humidity":98,"temperature":47.40961538461544,"wind_avg_mph":0.26241026923076927,"wind_dir_deg":288.9807692307692,"rain_in":0}}