{"Cotech-367959":{"time":"2026-01-04 12:24:56","model":"Cotech-367959","id":13,"humidity":97,"temperature":51.598214285714256,"wind_avg_mph":1.769579321428571,"wind_dir_deg":91.19642857142857,"rain_in":0}}