{"Cotech-367959":{"time":"2026-01-05 04:12:40","model":"Cotech-367959","id":13,"humidity":98,"temperature":48.20000000000001,"wind_avg_mph":0,"wind_dir_deg":310.1929824561403,"rain_in":0}}