{"Cotech-367959":{"time":"2026-01-07 10:46:18","model":"Cotech-367959","id":13,"humidity":97,"temperature":47.223076923076974,"wind_avg_mph":0.9894157692307688,"wind_dir_deg":281.9230769230769,"rain_in":0}}