{"Cotech-367959":{"time":"2026-01-06 10:26:01","model":"Cotech-367959","id":13,"humidity":98,"temperature":48.93818181818186,"wind_avg_mph":0.44332083636363645,"wind_dir_deg":252.29090909090908,"rain_in":0}}