{"Cotech-367959":{"time":"2025-12-31 11:34:14","model":"Cotech-367959","id":13,"humidity":74,"temperature":47.23673469387753,"wind_avg_mph":0,"wind_dir_deg":288.3061224489796,"rain_in":0}}