{"Cotech-367959":{"time":"2026-01-09 14:38:03","model":"Cotech-367959","id":13,"humidity":74,"temperature":37.79482758620688,"wind_avg_mph":0.45124479310344817,"wind_dir_deg":261.9655172413793,"rain_in":0}}