{"Cotech-367959":{"time":"2026-01-04 00:07:35","model":"Cotech-367959","id":13,"humidity":73,"temperature":59.43928571428568,"wind_avg_mph":6.027754392857147,"wind_dir_deg":102.75,"rain_in":0}}