{"Cotech-367959":{"time":"2026-01-05 02:06:00","model":"Cotech-367959","id":13,"humidity":98,"temperature":50.528571428571425,"wind_avg_mph":0.4393989285714284,"wind_dir_deg":73.5,"rain_in":0}}