{"Cotech-367959":{"time":"2026-01-07 02:22:49","model":"Cotech-367959","id":13,"humidity":93,"temperature":51.724999999999994,"wind_avg_mph":0,"wind_dir_deg":224.59615384615384,"rain_in":0}}