{"Cotech-367959":{"time":"2025-12-31 08:21:25","model":"Cotech-367959","id":13,"humidity":83,"temperature":44.31964285714288,"wind_avg_mph":0,"wind_dir_deg":285.92857142857144,"rain_in":0}}