{"Cotech-367959":{"time":"2025-12-31 17:09:58","model":"Cotech-367959","id":13,"humidity":80,"temperature":50.518181818181844,"wind_avg_mph":0,"wind_dir_deg":289.27272727272725,"rain_in":0}}