{"Cotech-367959":{"time":"2026-01-01 23:02:47","model":"Cotech-367959","id":13,"humidity":93,"temperature":58.091071428571354,"wind_avg_mph":1.278251428571428,"wind_dir_deg":104.94642857142857,"rain_in":0}}