{"Cotech-367959":{"time":"2026-01-05 10:04:24","model":"Cotech-367959","id":13,"humidity":97,"temperature":48.71320754716979,"wind_avg_mph":0.1350605283018868,"wind_dir_deg":108.90566037735849,"rain_in":0}}