{"Cotech-367959":{"time":"2026-01-03 06:41:27","model":"Cotech-367959","id":13,"humidity":96,"temperature":55.3232558139535,"wind_avg_mph":2.8768088837209307,"wind_dir_deg":107.3953488372093,"rain_in":0}}