{"Cotech-367959":{"time":"2026-01-09 16:57:48","model":"Cotech-367959","id":13,"humidity":60,"temperature":43.79607843137252,"wind_avg_mph":0.39914027450980394,"wind_dir_deg":255.05882352941177,"rain_in":0}}