{"Cotech-367959":{"time":"2026-01-02 18:28:07","model":"Cotech-367959","id":13,"humidity":79,"temperature":57.22391304347831,"wind_avg_mph":1.998657260869564,"wind_dir_deg":108.45652173913044,"rain_in":0}}