{"Cotech-367959":{"time":"2026-01-03 19:12:07","model":"Cotech-367959","id":13,"humidity":87,"temperature":58.62962962962961,"wind_avg_mph":3.5708190370370363,"wind_dir_deg":109.31481481481481,"rain_in":0}}