{"Cotech-367959":{"time":"2025-12-31 19:33:58","model":"Cotech-367959","id":13,"humidity":89,"temperature":50.85087719298251,"wind_avg_mph":0,"wind_dir_deg":222.94736842105263,"rain_in":0}}