{"Cotech-367959":{"time":"2026-01-07 11:12:10","model":"Cotech-367959","id":13,"humidity":97,"temperature":47.41764705882355,"wind_avg_mph":0.3333479215686274,"wind_dir_deg":293.7450980392157,"rain_in":0}}