{"Cotech-367959":{"time":"2026-01-05 16:08:40","model":"Cotech-367959","id":13,"humidity":84,"temperature":52.166666666666686,"wind_avg_mph":2.510343777777777,"wind_dir_deg":111.31111111111112,"rain_in":0}}