{"Cotech-367959":{"time":"2026-01-03 23:49:27","model":"Cotech-367959","id":13,"humidity":73,"temperature":60.22553191489364,"wind_avg_mph":5.354377659574469,"wind_dir_deg":103.74468085106383,"rain_in":0}}