{"Cotech-367959":{"time":"2026-01-08 03:54:18","model":"Cotech-367959","id":13,"humidity":79,"temperature":49.09491525423727,"wind_avg_mph":0.530799322033898,"wind_dir_deg":170.98305084745763,"rain_in":0}}