{"Cotech-367959":{"time":"2026-01-02 02:21:43","model":"Cotech-367959","id":13,"humidity":92,"temperature":55.98000000000004,"wind_avg_mph":0.09444857777777778,"wind_dir_deg":293.2,"rain_in":0}}