{"Cotech-367959":{"time":"2026-01-09 05:24:27","model":"Cotech-367959","id":13,"humidity":43,"temperature":48.52222222222221,"wind_avg_mph":2.3214466222222234,"wind_dir_deg":134.77777777777777,"rain_in":0}}