{"Cotech-367959":{"time":"2026-01-05 03:36:56","model":"Cotech-367959","id":13,"humidity":98,"temperature":48.35999999999999,"wind_avg_mph":0.4270521818181818,"wind_dir_deg":292.54545454545456,"rain_in":0}}