{"Cotech-367959":{"time":"2026-01-02 15:34:15","model":"Cotech-367959","id":13,"humidity":94,"temperature":51.540816326530596,"wind_avg_mph":0.5432568571428569,"wind_dir_deg":242.75510204081633,"rain_in":0}}