{"Cotech-367959":{"time":"2026-01-09 16:48:44","model":"Cotech-367959","id":13,"humidity":61,"temperature":43.257627118644116,"wind_avg_mph":0.26919108474576275,"wind_dir_deg":243.64406779661016,"rain_in":0}}