{"Cotech-367959":{"time":"2026-01-04 23:29:28","model":"Cotech-367959","id":13,"humidity":98,"temperature":51.71176470588233,"wind_avg_mph":1.368480941176471,"wind_dir_deg":102.23529411764706,"rain_in":0}}