{"Cotech-367959":{"time":"2025-12-31 20:35:50","model":"Cotech-367959","id":13,"humidity":91,"temperature":51.81785714285719,"wind_avg_mph":0,"wind_dir_deg":182.85714285714286,"rain_in":0}}