{"Cotech-367959":{"time":"2026-01-05 14:39:52","model":"Cotech-367959","id":13,"humidity":87,"temperature":51.04000000000001,"wind_avg_mph":1.069664036363636,"wind_dir_deg":122.96363636363637,"rain_in":0}}