{"Cotech-367959":{"time":"2026-01-04 09:18:32","model":"Cotech-367959","id":13,"humidity":88,"temperature":54.814285714285724,"wind_avg_mph":2.8481039642857136,"wind_dir_deg":103.83928571428571,"rain_in":0}}