{"Cotech-367959":{"time":"2026-01-06 21:05:29","model":"Cotech-367959","id":13,"humidity":75,"temperature":61.9982456140351,"wind_avg_mph":1.4834444210526316,"wind_dir_deg":228.5438596491228,"rain_in":0}}