{"Cotech-367959":{"time":"2026-01-04 04:15:51","model":"Cotech-367959","id":13,"humidity":85,"temperature":55.25000000000003,"wind_avg_mph":2.623320545454545,"wind_dir_deg":103.63636363636364,"rain_in":0}}