{"Cotech-367959":{"time":"2026-01-02 10:16:07","model":"Cotech-367959","id":13,"humidity":97,"temperature":53.88695652173915,"wind_avg_mph":0.13129865217391307,"wind_dir_deg":308.7173913043478,"rain_in":0}}