{"Cotech-367959":{"time":"2026-01-01 01:11:18","model":"Cotech-367959","id":13,"humidity":96,"temperature":49.919298245614065,"wind_avg_mph":0,"wind_dir_deg":9.789473684210526,"rain_in":0}}