{"Cotech-367959":{"time":"2026-01-05 13:03:36","model":"Cotech-367959","id":13,"humidity":94,"temperature":49.335714285714275,"wind_avg_mph":0.8668142499999997,"wind_dir_deg":123.35714285714286,"rain_in":0}}