{"Cotech-367959":{"time":"2026-01-06 02:31:53","model":"Cotech-367959","id":13,"humidity":98,"temperature":51.635849056603746,"wind_avg_mph":0.18992886792452832,"wind_dir_deg":201.35849056603774,"rain_in":0}}