{"Cotech-367959":{"time":"2026-01-01 21:59:03","model":"Cotech-367959","id":13,"humidity":93,"temperature":58.10714285714283,"wind_avg_mph":1.3821093571428569,"wind_dir_deg":101.28571428571429,"rain_in":0}}