{"Cotech-367959":{"time":"2026-01-01 12:43:34","model":"Cotech-367959","id":13,"humidity":98,"temperature":49.14347826086955,"wind_avg_mph":0.3501297391304348,"wind_dir_deg":244.67391304347825,"rain_in":0}}