{"Cotech-367959":{"time":"2026-01-08 22:45:31","model":"Cotech-367959","id":13,"humidity":33,"temperature":62.78139534883719,"wind_avg_mph":1.2069071627906978,"wind_dir_deg":167.51162790697674,"rain_in":0}}