{"Cotech-367959":{"time":"2026-01-09 20:55:56","model":"Cotech-367959","id":13,"humidity":29,"temperature":61.07758620689656,"wind_avg_mph":1.4231566551724135,"wind_dir_deg":241.22413793103448,"rain_in":0}}