{"Cotech-367959":{"time":"2026-01-07 18:30:18","model":"Cotech-367959","id":13,"humidity":95,"temperature":50.857142857142875,"wind_avg_mph":0.8308634285714281,"wind_dir_deg":55.035714285714285,"rain_in":0}}