{"Cotech-367959":{"time":"2026-01-08 07:24:10","model":"Cotech-367959","id":13,"humidity":92,"temperature":48.81999999999998,"wind_avg_mph":0.24357791111111113,"wind_dir_deg":75.62222222222222,"rain_in":0}}