{"Cotech-367959":{"time":"2026-01-01 05:15:50","model":"Cotech-367959","id":13,"humidity":97,"temperature":50.12631578947365,"wind_avg_mph":0.01569782456140351,"wind_dir_deg":203.140350877193,"rain_in":0}}