{"Cotech-367959":{"time":"2026-01-02 07:48:07","model":"Cotech-367959","id":13,"humidity":97,"temperature":53.84897959183677,"wind_avg_mph":0.3149976734693878,"wind_dir_deg":164.55102040816325,"rain_in":0}}