{"Cotech-367959":{"time":"2026-01-03 15:46:47","model":"Cotech-367959","id":13,"humidity":90,"temperature":56.039130434782585,"wind_avg_mph":1.8576327826086965,"wind_dir_deg":105.19565217391305,"rain_in":0}}