{"Cotech-367959":{"time":"2026-01-08 05:22:18","model":"Cotech-367959","id":13,"humidity":83,"temperature":48.274468085106406,"wind_avg_mph":0.8424220851063828,"wind_dir_deg":180.63829787234042,"rain_in":0}}