{"Cotech-367959":{"time":"2025-12-31 04:32:21","model":"Cotech-367959","id":13,"humidity":90,"temperature":44.27719298245615,"wind_avg_mph":0,"wind_dir_deg":279.36842105263156,"rain_in":0}}