{"Cotech-367959":{"time":"2026-01-09 18:03:24","model":"Cotech-367959","id":13,"humidity":51,"temperature":49.7,"wind_avg_mph":0.6127270434782605,"wind_dir_deg":148.56521739130434,"rain_in":0}}