{"Cotech-367959":{"time":"2026-01-06 04:11:53","model":"Cotech-367959","id":13,"humidity":97,"temperature":50.90638297872344,"wind_avg_mph":0.1856184255319149,"wind_dir_deg":240.95744680851064,"rain_in":0}}