{"Cotech-367959":{"time":"2026-01-01 15:49:26","model":"Cotech-367959","id":13,"humidity":98,"temperature":49.58043478260867,"wind_avg_mph":1.050389217391304,"wind_dir_deg":284.32608695652175,"rain_in":0}}