{"Cotech-367959":{"time":"2026-01-02 15:43:19","model":"Cotech-367959","id":13,"humidity":94,"temperature":51.6530612244898,"wind_avg_mph":0.47934428571428545,"wind_dir_deg":202.57142857142858,"rain_in":0}}