{"Cotech-367959":{"time":"2026-01-06 20:18:01","model":"Cotech-367959","id":13,"humidity":80,"temperature":59.3777777777778,"wind_avg_mph":1.3620479111111112,"wind_dir_deg":233.04444444444445,"rain_in":0}}