{"Cotech-367959":{"time":"2025-12-31 13:23:50","model":"Cotech-367959","id":13,"humidity":75,"temperature":48.17959183673469,"wind_avg_mph":0,"wind_dir_deg":287.2244897959184,"rain_in":0}}