{"Cotech-367959":{"time":"2026-01-01 12:27:18","model":"Cotech-367959","id":13,"humidity":98,"temperature":49.23600000000002,"wind_avg_mph":0.0223694,"wind_dir_deg":199.76,"rain_in":0}}