{"Cotech-367959":{"time":"2025-12-31 07:30:45","model":"Cotech-367959","id":13,"humidity":83,"temperature":44.484210526315806,"wind_avg_mph":0,"wind_dir_deg":281.2280701754386,"rain_in":0}}