{"Cotech-367959":{"time":"2026-01-07 10:01:46","model":"Cotech-367959","id":13,"humidity":97,"temperature":47.01730769230768,"wind_avg_mph":0.2753156923076924,"wind_dir_deg":271.40384615384613,"rain_in":0}}