{"Cotech-367959":{"time":"2025-12-31 05:07:49","model":"Cotech-367959","id":13,"humidity":90,"temperature":43.15555555555554,"wind_avg_mph":0,"wind_dir_deg":95.24074074074075,"rain_in":0}}