{"Cotech-367959":{"time":"2026-01-06 21:22:49","model":"Cotech-367959","id":13,"humidity":67,"temperature":65.43902439024393,"wind_avg_mph":0.731097463414634,"wind_dir_deg":238.90243902439025,"rain_in":0}}