{"Cotech-367959":{"time":"2025-12-31 11:25:10","model":"Cotech-367959","id":13,"humidity":74,"temperature":47.225454545454554,"wind_avg_mph":0,"wind_dir_deg":281.6909090909091,"rain_in":0}}