{"Cotech-367959":{"time":"2026-01-02 17:43:19","model":"Cotech-367959","id":13,"humidity":83,"temperature":55.087719298245574,"wind_avg_mph":2.229091087719298,"wind_dir_deg":105.98245614035088,"rain_in":0}}