{"Cotech-367959":{"time":"2026-01-06 03:18:49","model":"Cotech-367959","id":13,"humidity":97,"temperature":51.183928571428524,"wind_avg_mph":0.6750765357142854,"wind_dir_deg":123.23214285714286,"rain_in":0}}