{"Cotech-367959":{"time":"2026-01-09 13:49:31","model":"Cotech-367959","id":13,"humidity":72,"temperature":38.220833333333346,"wind_avg_mph":0.43340712499999995,"wind_dir_deg":215.52083333333334,"rain_in":0}}