{"Cotech-367959":{"time":"2026-01-07 01:35:21","model":"Cotech-367959","id":13,"humidity":89,"temperature":53.77799999999998,"wind_avg_mph":0.22816788000000002,"wind_dir_deg":290.66,"rain_in":0}}