{"Cotech-367959":{"time":"2026-01-04 03:27:51","model":"Cotech-367959","id":13,"humidity":88,"temperature":54.666666666666636,"wind_avg_mph":1.7620808070175438,"wind_dir_deg":103.71929824561404,"rain_in":0}}