{"Cotech-367959":{"time":"2026-01-01 11:39:50","model":"Cotech-367959","id":13,"humidity":98,"temperature":49.18541666666667,"wind_avg_mph":0.6011776249999997,"wind_dir_deg":273.8125,"rain_in":0}}