{"Cotech-367959":{"time":"2026-01-02 18:00:39","model":"Cotech-367959","id":13,"humidity":82,"temperature":55.69607843137257,"wind_avg_mph":1.7062150196078432,"wind_dir_deg":110.6470588235294,"rain_in":0}}