{"Cotech-367959":{"time":"2026-01-06 06:16:41","model":"Cotech-367959","id":13,"humidity":97,"temperature":50.53571428571427,"wind_avg_mph":0.29160110714285714,"wind_dir_deg":270.10714285714283,"rain_in":0}}