{"Cotech-367959":{"time":"2026-01-07 02:59:53","model":"Cotech-367959","id":13,"humidity":95,"temperature":50.85531914893617,"wind_avg_mph":0.3379207234042554,"wind_dir_deg":300.3829787234043,"rain_in":0}}