{"Cotech-367959":{"time":"2026-01-08 12:06:18","model":"Cotech-367959","id":13,"humidity":79,"temperature":44.58399999999996,"wind_avg_mph":0.39817532,"wind_dir_deg":181.7,"rain_in":0}}