{"Cotech-367959":{"time":"2026-01-05 14:58:16","model":"Cotech-367959","id":13,"humidity":87,"temperature":51.098113207547144,"wind_avg_mph":1.9879221509433966,"wind_dir_deg":123.33962264150944,"rain_in":0}}