{"Cotech-367959":{"time":"2026-01-05 06:26:16","model":"Cotech-367959","id":13,"humidity":99,"temperature":49.09999999999996,"wind_avg_mph":0,"wind_dir_deg":42.04081632653061,"rain_in":0}}