{"Cotech-367959":{"time":"2026-01-09 09:44:59","model":"Cotech-367959","id":13,"humidity":73,"temperature":39.10399999999998,"wind_avg_mph":0.782929,"wind_dir_deg":254.18,"rain_in":0}}