{"Cotech-367959":{"time":"2026-01-04 06:01:43","model":"Cotech-367959","id":13,"humidity":88,"temperature":54.48936170212766,"wind_avg_mph":2.4035206382978713,"wind_dir_deg":100.14893617021276,"rain_in":0}}