{"Cotech-367959":{"time":"2026-01-05 11:30:16","model":"Cotech-367959","id":13,"humidity":97,"temperature":48.149122807017505,"wind_avg_mph":0.05101792982456141,"wind_dir_deg":126.15789473684211,"rain_in":0}}