{"Cotech-367959":{"time":"2026-01-06 16:36:57","model":"Cotech-367959","id":13,"humidity":96,"temperature":50.082978723404246,"wind_avg_mph":0.45214744680851054,"wind_dir_deg":239.0212765957447,"rain_in":0}}