{"Cotech-367959":{"time":"2026-01-05 01:55:52","model":"Cotech-367959","id":13,"humidity":98,"temperature":50.71590909090909,"wind_avg_mph":0.6405782727272725,"wind_dir_deg":104.3409090909091,"rain_in":0}}