{"Cotech-367959":{"time":"2026-01-02 01:19:35","model":"Cotech-367959","id":13,"humidity":88,"temperature":57.099999999999945,"wind_avg_mph":1.7939381568627453,"wind_dir_deg":118.88235294117646,"rain_in":0}}