{"Cotech-367959":{"time":"2026-01-04 03:07:35","model":"Cotech-367959","id":13,"humidity":87,"temperature":54.82400000000004,"wind_avg_mph":2.5814287599999988,"wind_dir_deg":99.1,"rain_in":0}}