{"Cotech-367959":{"time":"2026-01-09 10:04:43","model":"Cotech-367959","id":13,"humidity":75,"temperature":38.698245614035066,"wind_avg_mph":0.6475352631578947,"wind_dir_deg":269,"rain_in":0}}