{"Cotech-367959":{"time":"2026-01-05 14:11:20","model":"Cotech-367959","id":13,"humidity":89,"temperature":50.67083333333335,"wind_avg_mph":1.183714083333333,"wind_dir_deg":120.0625,"rain_in":0}}