{"Cotech-367959":{"time":"2026-01-01 08:29:58","model":"Cotech-367959","id":13,"humidity":97,"temperature":49.49454545454546,"wind_avg_mph":0.4636566545454544,"wind_dir_deg":192.8,"rain_in":0}}