{"Cotech-367959":{"time":"2026-01-02 03:42:47","model":"Cotech-367959","id":13,"humidity":93,"temperature":55.71454545454548,"wind_avg_mph":1.2770893818181817,"wind_dir_deg":120.2,"rain_in":0}}