{"Cotech-367959":{"time":"2026-01-04 23:03:36","model":"Cotech-367959","id":13,"humidity":98,"temperature":51.99285714285715,"wind_avg_mph":1.533901714285714,"wind_dir_deg":100.64285714285714,"rain_in":0}}