{"Cotech-367959":{"time":"2026-01-08 10:51:38","model":"Cotech-367959","id":13,"humidity":82,"temperature":45.838181818181795,"wind_avg_mph":0.280634290909091,"wind_dir_deg":220.92727272727274,"rain_in":0}}