{"Cotech-367959":{"time":"2026-01-07 22:14:50","model":"Cotech-367959","id":13,"humidity":71,"temperature":59.31777777777777,"wind_avg_mph":2.341330533333333,"wind_dir_deg":95.62222222222222,"rain_in":0}}