{"Cotech-367959":{"time":"2026-01-04 21:33:44","model":"Cotech-367959","id":13,"humidity":98,"temperature":51.71568627450979,"wind_avg_mph":2.210623058823528,"wind_dir_deg":105.13725490196079,"rain_in":0}}