{"Cotech-367959":{"time":"2026-01-06 16:18:17","model":"Cotech-367959","id":13,"humidity":96,"temperature":49.95600000000001,"wind_avg_mph":0.6039737999999999,"wind_dir_deg":286.52,"rain_in":0}}