{"Cotech-367959":{"time":"2026-01-03 03:25:27","model":"Cotech-367959","id":13,"humidity":85,"temperature":57.53863636363636,"wind_avg_mph":4.855176590909093,"wind_dir_deg":108.68181818181819,"rain_in":0}}