{"Cotech-367959":{"time":"2026-01-01 07:52:38","model":"Cotech-367959","id":13,"humidity":97,"temperature":49.25111111111112,"wind_avg_mph":0.4821848444444442,"wind_dir_deg":284.55555555555554,"rain_in":0}}