{"Cotech-367959":{"time":"2026-01-05 16:16:56","model":"Cotech-367959","id":13,"humidity":84,"temperature":52.20888888888888,"wind_avg_mph":2.629647244444444,"wind_dir_deg":115.37777777777778,"rain_in":0}}