{"Cotech-367959":{"time":"2026-01-04 05:45:11","model":"Cotech-367959","id":13,"humidity":88,"temperature":54.371428571428574,"wind_avg_mph":1.625205387755102,"wind_dir_deg":103.73469387755102,"rain_in":0}}