{"Cotech-367959":{"time":"2025-12-31 08:01:09","model":"Cotech-367959","id":13,"humidity":83,"temperature":44.35454545454547,"wind_avg_mph":0,"wind_dir_deg":289.41818181818184,"rain_in":0}}