{"Cotech-367959":{"time":"2026-01-03 02:20:23","model":"Cotech-367959","id":13,"humidity":86,"temperature":56.88800000000003,"wind_avg_mph":1.503223679999999,"wind_dir_deg":107.82,"rain_in":0}}