{"Cotech-367959":{"time":"2026-01-09 14:57:47","model":"Cotech-367959","id":13,"humidity":73,"temperature":37.88620689655174,"wind_avg_mph":0.478242344827586,"wind_dir_deg":256.0344827586207,"rain_in":0}}