{"Cotech-367959":{"time":"2026-01-07 00:19:53","model":"Cotech-367959","id":13,"humidity":75,"temperature":59.959615384615375,"wind_avg_mph":0.4215771538461537,"wind_dir_deg":282.75,"rain_in":0}}