{"Cotech-367959":{"time":"2026-01-04 13:46:48","model":"Cotech-367959","id":13,"humidity":97,"temperature":51.556249999999984,"wind_avg_mph":1.057886208333333,"wind_dir_deg":95.08333333333333,"rain_in":0}}