{"Cotech-367959":{"time":"2026-01-03 06:16:07","model":"Cotech-367959","id":13,"humidity":96,"temperature":55.307142857142885,"wind_avg_mph":2.7242733571428572,"wind_dir_deg":109.92857142857143,"rain_in":0}}