{"Cotech-367959":{"time":"2026-01-02 06:43:19","model":"Cotech-367959","id":13,"humidity":97,"temperature":54.21176470588233,"wind_avg_mph":1.7807796862745093,"wind_dir_deg":95.76470588235294,"rain_in":0}}