{"Cotech-367959":{"time":"2026-01-02 21:08:23","model":"Cotech-367959","id":13,"humidity":73,"temperature":59.42321428571434,"wind_avg_mph":0.4154317142857142,"wind_dir_deg":243.91071428571428,"rain_in":0}}