{"Cotech-367959":{"time":"2026-01-06 09:02:33","model":"Cotech-367959","id":13,"humidity":97,"temperature":50.078846153846115,"wind_avg_mph":0.09463976923076924,"wind_dir_deg":189.67307692307693,"rain_in":0}}