{"Cotech-367959":{"time":"2026-01-07 02:43:21","model":"Cotech-367959","id":13,"humidity":94,"temperature":51.09827586206896,"wind_avg_mph":0.47824234482758615,"wind_dir_deg":294.37931034482756,"rain_in":0}}