{"Cotech-367959":{"time":"2026-01-06 05:31:37","model":"Cotech-367959","id":13,"humidity":97,"temperature":50.659999999999975,"wind_avg_mph":0.7023991599999998,"wind_dir_deg":278.98,"rain_in":0}}