{"Cotech-367959":{"time":"2026-01-05 01:10:48","model":"Cotech-367959","id":13,"humidity":97,"temperature":50.85185185185188,"wind_avg_mph":0.35625340740740746,"wind_dir_deg":75.79629629629629,"rain_in":0}}