{"Cotech-367959":{"time":"2026-01-03 22:59:19","model":"Cotech-367959","id":13,"humidity":64,"temperature":62.043478260869556,"wind_avg_mph":6.073778391304347,"wind_dir_deg":100.6086956521739,"rain_in":0}}