{"Cotech-367959":{"time":"2026-01-05 10:22:48","model":"Cotech-367959","id":13,"humidity":97,"temperature":48.76086956521736,"wind_avg_mph":0.36958139130434786,"wind_dir_deg":82.04347826086956,"rain_in":0}}