{"Cotech-367959":{"time":"2026-01-01 01:29:26","model":"Cotech-367959","id":13,"humidity":96,"temperature":50.00363636363636,"wind_avg_mph":0.1992910181818182,"wind_dir_deg":289.1454545454545,"rain_in":0}}