{"Cotech-367959":{"time":"2026-01-07 04:06:01","model":"Cotech-367959","id":13,"humidity":95,"temperature":49.67358490566035,"wind_avg_mph":1.3506052830188677,"wind_dir_deg":276.37735849056605,"rain_in":0}}