{"Cotech-367959":{"time":"2026-01-01 16:19:50","model":"Cotech-367959","id":13,"humidity":98,"temperature":49.471428571428596,"wind_avg_mph":0.6790710714285713,"wind_dir_deg":288.9642857142857,"rain_in":0}}