{"Cotech-367959":{"time":"2026-01-06 21:39:21","model":"Cotech-367959","id":13,"humidity":64,"temperature":66.4042553191489,"wind_avg_mph":0.7757898297872338,"wind_dir_deg":222.2340425531915,"rain_in":0}}