{"Cotech-367959":{"time":"2026-01-01 23:49:27","model":"Cotech-367959","id":13,"humidity":90,"temperature":58,"wind_avg_mph":0.6354943181818176,"wind_dir_deg":134.70454545454547,"rain_in":0}}