{"Cotech-367959":{"time":"2026-01-05 21:05:13","model":"Cotech-367959","id":13,"humidity":79,"temperature":55.35084745762717,"wind_avg_mph":5.960118101694919,"wind_dir_deg":107.1864406779661,"rain_in":0}}