{"Cotech-367959":{"time":"2026-01-03 04:18:15","model":"Cotech-367959","id":13,"humidity":89,"temperature":56.73863636363633,"wind_avg_mph":3.706202863636364,"wind_dir_deg":102.3409090909091,"rain_in":0}}