{"Cotech-367959":{"time":"2026-01-03 00:18:47","model":"Cotech-367959","id":13,"humidity":69,"temperature":59.959574468085165,"wind_avg_mph":0.16658063829787237,"wind_dir_deg":181.19148936170214,"rain_in":0}}