{"Cotech-367959":{"time":"2026-01-02 00:25:11","model":"Cotech-367959","id":13,"humidity":91,"temperature":57.51276595744677,"wind_avg_mph":1.5801363404255322,"wind_dir_deg":100.80851063829788,"rain_in":0}}