{"Cotech-367959":{"time":"2026-01-05 10:14:32","model":"Cotech-367959","id":13,"humidity":97,"temperature":48.70892857142859,"wind_avg_mph":0.33154646428571427,"wind_dir_deg":100.39285714285714,"rain_in":0}}