{"Cotech-367959":{"time":"2026-01-05 09:37:44","model":"Cotech-367959","id":13,"humidity":97,"temperature":48.797826086956526,"wind_avg_mph":1.0017600869565215,"wind_dir_deg":147.08695652173913,"rain_in":0}}