{"Cotech-367959":{"time":"2026-01-06 00:21:13","model":"Cotech-367959","id":13,"humidity":96,"temperature":52.29047619047616,"wind_avg_mph":0.8202113333333332,"wind_dir_deg":103.54761904761905,"rain_in":0}}