{"Cotech-367959":{"time":"2026-01-08 09:17:14","model":"Cotech-367959","id":13,"humidity":85,"temperature":48.32222222222222,"wind_avg_mph":0.7207917777777776,"wind_dir_deg":186.35555555555555,"rain_in":0}}