{"Cotech-367959":{"time":"2026-01-04 15:37:12","model":"Cotech-367959","id":13,"humidity":98,"temperature":51.79800000000001,"wind_avg_mph":0.5458133599999999,"wind_dir_deg":104.1,"rain_in":0}}