{"Cotech-367959":{"time":"2026-01-07 04:16:25","model":"Cotech-367959","id":13,"humidity":96,"temperature":49.4508771929825,"wind_avg_mph":1.4559732280701756,"wind_dir_deg":276.57894736842104,"rain_in":0}}