{"Cotech-367959":{"time":"2026-01-01 03:13:42","model":"Cotech-367959","id":13,"humidity":97,"temperature":50.70444444444445,"wind_avg_mph":0.09941955555555557,"wind_dir_deg":104.93333333333334,"rain_in":0}}