{"Cotech-367959":{"time":"2026-01-03 02:38:47","model":"Cotech-367959","id":13,"humidity":84,"temperature":57.23035714285714,"wind_avg_mph":2.676338928571428,"wind_dir_deg":112.96428571428571,"rain_in":0}}