{"Cotech-367959":{"time":"2026-01-04 23:11:52","model":"Cotech-367959","id":13,"humidity":98,"temperature":52.021739130434774,"wind_avg_mph":1.4540109999999997,"wind_dir_deg":104.73913043478261,"rain_in":0}}