{"Cotech-367959":{"time":"2026-01-03 13:57:43","model":"Cotech-367959","id":13,"humidity":86,"temperature":56.49411764705881,"wind_avg_mph":3.3334792156862747,"wind_dir_deg":105.3529411764706,"rain_in":0}}