{"Cotech-367959":{"time":"2025-12-31 22:31:18","model":"Cotech-367959","id":13,"humidity":90,"temperature":50.61666666666667,"wind_avg_mph":0,"wind_dir_deg":215.02083333333334,"rain_in":0}}