{"Cotech-367959":{"time":"2026-01-04 00:43:20","model":"Cotech-367959","id":13,"humidity":76,"temperature":57.750877192982415,"wind_avg_mph":4.776063122807019,"wind_dir_deg":97.33333333333333,"rain_in":0}}