{"Cotech-367959":{"time":"2026-01-05 09:00:40","model":"Cotech-367959","id":13,"humidity":98,"temperature":47.95714285714287,"wind_avg_mph":0.08388525000000001,"wind_dir_deg":276.8392857142857,"rain_in":0}}