{"Cotech-367959":{"time":"2026-01-08 03:43:54","model":"Cotech-367959","id":13,"humidity":82,"temperature":48.653488372093044,"wind_avg_mph":0.47339893023255813,"wind_dir_deg":220.1627906976744,"rain_in":0}}