{"Cotech-367959":{"time":"2026-01-08 11:47:38","model":"Cotech-367959","id":13,"humidity":82,"temperature":44.239215686274505,"wind_avg_mph":0.2500109411764706,"wind_dir_deg":192.62745098039215,"rain_in":0}}