{"Cotech-367959":{"time":"2026-01-07 12:48:26","model":"Cotech-367959","id":13,"humidity":98,"temperature":46.61176470588238,"wind_avg_mph":0.33334792156862747,"wind_dir_deg":293.05882352941177,"rain_in":0}}