{"Cotech-367959":{"time":"2025-12-31 21:38:46","model":"Cotech-367959","id":13,"humidity":90,"temperature":50.904255319148966,"wind_avg_mph":0,"wind_dir_deg":134.68085106382978,"rain_in":0}}