{"Cotech-367959":{"time":"2026-01-01 15:21:58","model":"Cotech-367959","id":13,"humidity":98,"temperature":49.81136363636361,"wind_avg_mph":0.6965017727272725,"wind_dir_deg":294.1363636363636,"rain_in":0}}