{"Cotech-367959":{"time":"2026-01-02 10:43:19","model":"Cotech-367959","id":13,"humidity":97,"temperature":53.945454545454574,"wind_avg_mph":0.23894586363636366,"wind_dir_deg":245.27272727272728,"rain_in":0}}