{"Cotech-367959":{"time":"2026-01-06 20:27:21","model":"Cotech-367959","id":13,"humidity":81,"temperature":58.16730769230764,"wind_avg_mph":1.3980875,"wind_dir_deg":276.3076923076923,"rain_in":0}}