{"Cotech-367959":{"time":"2026-01-02 01:56:23","model":"Cotech-367959","id":13,"humidity":90,"temperature":56.50000000000002,"wind_avg_mph":0.21555967272727275,"wind_dir_deg":123.36363636363636,"rain_in":0}}