{"Cotech-367959":{"time":"2025-12-31 07:20:37","model":"Cotech-367959","id":13,"humidity":83,"temperature":44.30727272727274,"wind_avg_mph":0,"wind_dir_deg":282.56363636363636,"rain_in":0}}