{"Cotech-367959":{"time":"2026-01-09 08:50:03","model":"Cotech-367959","id":13,"humidity":70,"temperature":39.897916666666674,"wind_avg_mph":1.1790537916666668,"wind_dir_deg":250.41666666666666,"rain_in":0}}