{"Cotech-367959":{"time":"2026-01-03 04:01:59","model":"Cotech-367959","id":13,"humidity":88,"temperature":56.78800000000003,"wind_avg_mph":3.3375144799999994,"wind_dir_deg":109.54,"rain_in":0}}