{"Cotech-367959":{"time":"2026-01-09 11:43:07","model":"Cotech-367959","id":13,"humidity":70,"temperature":39.53684210526317,"wind_avg_mph":0.5180282105263156,"wind_dir_deg":275.0877192982456,"rain_in":0}}