{"Cotech-367959":{"time":"2026-01-04 10:01:28","model":"Cotech-367959","id":13,"humidity":95,"temperature":53.29019607843135,"wind_avg_mph":1.7149873333333334,"wind_dir_deg":107.45098039215686,"rain_in":0}}