{"Cotech-367959":{"time":"2026-01-04 01:09:59","model":"Cotech-367959","id":13,"humidity":78,"temperature":56.954347826086966,"wind_avg_mph":3.4623940869565204,"wind_dir_deg":116.82608695652173,"rain_in":0}}