{"Cotech-367959":{"time":"2025-12-31 05:51:33","model":"Cotech-367959","id":13,"humidity":89,"temperature":43.17391304347825,"wind_avg_mph":0,"wind_dir_deg":262.7391304347826,"rain_in":0}}