{"Cotech-367959":{"time":"2026-01-02 21:36:39","model":"Cotech-367959","id":13,"humidity":70,"temperature":59.46800000000004,"wind_avg_mph":1.8656079599999995,"wind_dir_deg":99.54,"rain_in":0}}