{"Cotech-367959":{"time":"2026-01-09 18:59:40","model":"Cotech-367959","id":13,"humidity":34,"temperature":53.713043478260865,"wind_avg_mph":1.405381869565217,"wind_dir_deg":163.5,"rain_in":0}}