{"Cotech-367959":{"time":"2026-01-06 20:35:37","model":"Cotech-367959","id":13,"humidity":82,"temperature":58.23720930232557,"wind_avg_mph":1.2173115348837205,"wind_dir_deg":256.4186046511628,"rain_in":0}}