{"Cotech-367959":{"time":"2026-01-07 20:59:22","model":"Cotech-367959","id":13,"humidity":65,"temperature":59.92608695652171,"wind_avg_mph":1.9062619130434773,"wind_dir_deg":112.73913043478261,"rain_in":0}}