{"Cotech-367959":{"time":"2026-01-09 07:27:07","model":"Cotech-367959","id":13,"humidity":64,"temperature":41.747368421052656,"wind_avg_mph":0.9732651228070169,"wind_dir_deg":290.0877192982456,"rain_in":0}}