{"Cotech-367959":{"time":"2026-01-04 20:21:12","model":"Cotech-367959","id":13,"humidity":98,"temperature":51.68999999999999,"wind_avg_mph":2.82749216,"wind_dir_deg":105.74,"rain_in":0}}