{"Cotech-367959":{"time":"2026-01-04 08:21:28","model":"Cotech-367959","id":13,"humidity":90,"temperature":54.06226415094337,"wind_avg_mph":1.413914905660377,"wind_dir_deg":109.11320754716981,"rain_in":0}}