{"Cotech-367959":{"time":"2026-01-02 14:44:39","model":"Cotech-367959","id":13,"humidity":96,"temperature":50.668888888888866,"wind_avg_mph":0.20878106666666668,"wind_dir_deg":280.8666666666667,"rain_in":0}}