{"Cotech-367959":{"time":"2026-01-03 00:47:19","model":"Cotech-367959","id":13,"humidity":68,"temperature":60.54444444444449,"wind_avg_mph":1.2825122666666664,"wind_dir_deg":113.2,"rain_in":0}}