{"Cotech-367959":{"time":"2026-01-04 11:56:24","model":"Cotech-367959","id":13,"humidity":97,"temperature":51.85438596491233,"wind_avg_mph":0.03139564912280702,"wind_dir_deg":112.87719298245614,"rain_in":0}}