{"Cotech-367959":{"time":"2026-01-05 14:48:56","model":"Cotech-367959","id":13,"humidity":87,"temperature":51.08627450980392,"wind_avg_mph":1.7237596470588228,"wind_dir_deg":108.45098039215686,"rain_in":0}}