{"Cotech-367959":{"time":"2026-01-06 05:05:45","model":"Cotech-367959","id":13,"humidity":97,"temperature":50.65909090909091,"wind_avg_mph":0.030503727272727276,"wind_dir_deg":317.84090909090907,"rain_in":0}}