{"Cotech-367959":{"time":"2026-01-04 21:43:52","model":"Cotech-367959","id":13,"humidity":98,"temperature":51.78571428571432,"wind_avg_mph":1.9812897142857147,"wind_dir_deg":107.44642857142857,"rain_in":0}}