{"Cotech-367959":{"time":"2025-12-31 02:09:41","model":"Cotech-367959","id":13,"humidity":91,"temperature":44.63035714285712,"wind_avg_mph":0,"wind_dir_deg":205.82142857142858,"rain_in":0}}