{"Cotech-367959":{"time":"2026-01-06 22:06:01","model":"Cotech-367959","id":13,"humidity":62,"temperature":67.73859649122808,"wind_avg_mph":0.8084379649122808,"wind_dir_deg":185.59649122807016,"rain_in":0}}