{"Cotech-367959":{"time":"2026-01-08 12:16:42","model":"Cotech-367959","id":13,"humidity":78,"temperature":44.8105263157895,"wind_avg_mph":0.855531438596491,"wind_dir_deg":196.82456140350877,"rain_in":0}}