{"Cotech-367959":{"time":"2026-01-06 15:39:21","model":"Cotech-367959","id":13,"humidity":97,"temperature":49.12599999999997,"wind_avg_mph":0.9081976399999995,"wind_dir_deg":283.2,"rain_in":0}}