{"Cotech-367959":{"time":"2026-01-05 03:46:16","model":"Cotech-367959","id":13,"humidity":98,"temperature":48.094230769230755,"wind_avg_mph":0,"wind_dir_deg":308.38461538461536,"rain_in":0}}