{"Cotech-367959":{"time":"2026-01-03 19:57:59","model":"Cotech-367959","id":13,"humidity":84,"temperature":59.773333333333355,"wind_avg_mph":2.5898794222222223,"wind_dir_deg":106.97777777777777,"rain_in":0}}