{"Cotech-367959":{"time":"2026-01-08 06:02:34","model":"Cotech-367959","id":13,"humidity":84,"temperature":48.765517241379335,"wind_avg_mph":0.15041493103448278,"wind_dir_deg":83.65517241379311,"rain_in":0}}