{"Cotech-367959":{"time":"2026-01-03 04:53:43","model":"Cotech-367959","id":13,"humidity":89,"temperature":57.11568627450977,"wind_avg_mph":4.570375450980391,"wind_dir_deg":102.92156862745098,"rain_in":0}}