{"Cotech-367959":{"time":"2026-01-01 04:08:54","model":"Cotech-367959","id":13,"humidity":97,"temperature":50.52363636363636,"wind_avg_mph":0.07320894545454545,"wind_dir_deg":173.38181818181818,"rain_in":0}}