{"Cotech-367959":{"time":"2026-01-06 14:24:09","model":"Cotech-367959","id":13,"humidity":97,"temperature":49.09272727272723,"wind_avg_mph":1.2079475999999991,"wind_dir_deg":286.96363636363634,"rain_in":0}}