{"Cotech-367959":{"time":"2026-01-03 06:24:23","model":"Cotech-367959","id":13,"humidity":96,"temperature":55.28636363636363,"wind_avg_mph":3.5282644545454556,"wind_dir_deg":105.06818181818181,"rain_in":0}}