{"Cotech-367959":{"time":"2026-01-09 04:12:43","model":"Cotech-367959","id":13,"humidity":44,"temperature":48.46595744680853,"wind_avg_mph":2.3511667234042544,"wind_dir_deg":278.06382978723406,"rain_in":0}}