{"Cotech-367959":{"time":"2026-01-02 18:19:51","model":"Cotech-367959","id":13,"humidity":80,"temperature":56.69799999999999,"wind_avg_mph":1.8611340799999985,"wind_dir_deg":115.2,"rain_in":0}}