{"Cotech-367959":{"time":"2026-01-01 20:26:46","model":"Cotech-367959","id":13,"humidity":98,"temperature":55.916000000000004,"wind_avg_mph":1.2526863999999998,"wind_dir_deg":92.24,"rain_in":0}}