{"Cotech-367959":{"time":"2026-01-06 05:40:57","model":"Cotech-367959","id":13,"humidity":97,"temperature":50.63207547169808,"wind_avg_mph":0.7301709811320753,"wind_dir_deg":281.75471698113205,"rain_in":0}}