{"Cotech-367959":{"time":"2026-01-08 10:13:14","model":"Cotech-367959","id":13,"humidity":83,"temperature":47.17799999999999,"wind_avg_mph":0.4518618799999999,"wind_dir_deg":201.62,"rain_in":0}}