{"Cotech-367959":{"time":"2026-01-01 02:46:30","model":"Cotech-367959","id":13,"humidity":97,"temperature":50.36862745098043,"wind_avg_mph":0.06579235294117648,"wind_dir_deg":215.45098039215685,"rain_in":0}}