{"Cotech-367959":{"time":"2026-01-01 17:40:22","model":"Cotech-367959","id":13,"humidity":98,"temperature":50.76363636363635,"wind_avg_mph":0.10167909090909091,"wind_dir_deg":191.6818181818182,"rain_in":0}}