{"Cotech-367959":{"time":"2026-01-05 17:45:28","model":"Cotech-367959","id":13,"humidity":79,"temperature":54.86034482758623,"wind_avg_mph":4.038062379310346,"wind_dir_deg":108.65517241379311,"rain_in":0}}