{"Cotech-367959":{"time":"2026-01-05 12:53:28","model":"Cotech-367959","id":13,"humidity":94,"temperature":49.289655172413724,"wind_avg_mph":0.3818225172413793,"wind_dir_deg":97.75862068965517,"rain_in":0}}