{"Cotech-367959":{"time":"2026-01-01 15:05:42","model":"Cotech-367959","id":13,"humidity":98,"temperature":49.92222222222225,"wind_avg_mph":1.13835391111111,"wind_dir_deg":285.6666666666667,"rain_in":0}}