{"Cotech-367959":{"time":"2026-01-07 12:58:50","model":"Cotech-367959","id":13,"humidity":98,"temperature":47.11379310344831,"wind_avg_mph":0.3201138275862069,"wind_dir_deg":300.63793103448273,"rain_in":0}}