{"Cotech-367959":{"time":"2026-01-08 10:31:54","model":"Cotech-367959","id":13,"humidity":83,"temperature":46.62692307692306,"wind_avg_mph":0.5678386153846152,"wind_dir_deg":197.67307692307693,"rain_in":0}}