{"Cotech-367959":{"time":"2026-01-05 20:46:49","model":"Cotech-367959","id":13,"humidity":80,"temperature":55.480000000000025,"wind_avg_mph":5.393510888888889,"wind_dir_deg":109.11111111111111,"rain_in":0}}