{"Cotech-367959":{"time":"2026-01-09 14:27:39","model":"Cotech-367959","id":13,"humidity":73,"temperature":37.833333333333314,"wind_avg_mph":0.3429974666666667,"wind_dir_deg":269.8222222222222,"rain_in":0}}