{"Cotech-367959":{"time":"2026-01-08 03:18:02","model":"Cotech-367959","id":13,"humidity":80,"temperature":49.92340425531916,"wind_avg_mph":0.7519925957446807,"wind_dir_deg":144.4255319148936,"rain_in":0}}