{"Cotech-367959":{"time":"2026-01-08 02:52:10","model":"Cotech-367959","id":13,"humidity":82,"temperature":50.10526315789469,"wind_avg_mph":0.4042189824561403,"wind_dir_deg":95.82456140350877,"rain_in":0}}