{"Cotech-367959":{"time":"2026-01-03 06:59:51","model":"Cotech-367959","id":13,"humidity":96,"temperature":55.46222222222222,"wind_avg_mph":3.574133022222224,"wind_dir_deg":109.04444444444445,"rain_in":0}}