{"Cotech-367959":{"time":"2026-01-05 08:50:32","model":"Cotech-367959","id":13,"humidity":98,"temperature":48.215909090909115,"wind_avg_mph":0,"wind_dir_deg":322.84090909090907,"rain_in":0}}