{"Cotech-367959":{"time":"2026-01-08 12:36:10","model":"Cotech-367959","id":13,"humidity":77,"temperature":44.73000000000001,"wind_avg_mph":0.97083196,"wind_dir_deg":228.38,"rain_in":0}}