{"Cotech-367959":{"time":"2026-01-01 19:35:50","model":"Cotech-367959","id":13,"humidity":98,"temperature":54.16607142857145,"wind_avg_mph":1.1624098928571427,"wind_dir_deg":145.76785714285714,"rain_in":0}}