{"Cotech-367959":{"time":"2026-01-01 08:01:42","model":"Cotech-367959","id":13,"humidity":97,"temperature":49.30588235294119,"wind_avg_mph":0.359664862745098,"wind_dir_deg":226.2549019607843,"rain_in":0}}