{"Cotech-367959":{"time":"2026-01-01 22:17:11","model":"Cotech-367959","id":13,"humidity":91,"temperature":59.16111111111113,"wind_avg_mph":2.212085111111111,"wind_dir_deg":105.48148148148148,"rain_in":0}}