{"Cotech-367959":{"time":"2026-01-06 07:57:45","model":"Cotech-367959","id":13,"humidity":97,"temperature":50.50454545454545,"wind_avg_mph":0.5846547727272726,"wind_dir_deg":292.1363636363636,"rain_in":0}}