{"Cotech-367959":{"time":"2026-01-03 17:30:31","model":"Cotech-367959","id":13,"humidity":85,"temperature":58.224528301886856,"wind_avg_mph":3.3132035849056605,"wind_dir_deg":107.33962264150944,"rain_in":0}}