{"Cotech-367959":{"time":"2025-12-31 07:51:01","model":"Cotech-367959","id":13,"humidity":83,"temperature":44.34912280701758,"wind_avg_mph":0,"wind_dir_deg":289.70175438596493,"rain_in":0}}