{"Cotech-367959":{"time":"2026-01-06 04:48:41","model":"Cotech-367959","id":13,"humidity":97,"temperature":50.801960784313735,"wind_avg_mph":0.6140619607843134,"wind_dir_deg":294.03921568627453,"rain_in":0}}