{"Cotech-367959":{"time":"2026-01-02 06:08:07","model":"Cotech-367959","id":13,"humidity":97,"temperature":54.400000000000055,"wind_avg_mph":2.241505183673468,"wind_dir_deg":100.51020408163265,"rain_in":0}}