{"Cotech-367959":{"time":"2026-01-04 01:46:47","model":"Cotech-367959","id":13,"humidity":81,"temperature":56.180357142857126,"wind_avg_mph":3.447284321428572,"wind_dir_deg":99.26785714285714,"rain_in":0}}