{"Cotech-367959":{"time":"2026-01-08 19:44:11","model":"Cotech-367959","id":13,"humidity":53,"temperature":52.547619047619,"wind_avg_mph":1.1983607142857142,"wind_dir_deg":231.64285714285714,"rain_in":0}}