{"Cotech-367959":{"time":"2025-12-31 09:25:25","model":"Cotech-367959","id":13,"humidity":82,"temperature":45.016363636363586,"wind_avg_mph":0,"wind_dir_deg":206.8181818181818,"rain_in":0}}