{"Cotech-367959":{"time":"2026-01-02 13:32:39","model":"Cotech-367959","id":13,"humidity":97,"temperature":51.752000000000024,"wind_avg_mph":0.21474624000000003,"wind_dir_deg":269.12,"rain_in":0}}