{"Cotech-367959":{"time":"2026-01-02 14:36:39","model":"Cotech-367959","id":13,"humidity":96,"temperature":50.81590909090906,"wind_avg_mph":0.39146450000000005,"wind_dir_deg":288.8181818181818,"rain_in":0}}