{"Cotech-367959":{"time":"2026-01-07 22:34:34","model":"Cotech-367959","id":13,"humidity":66,"temperature":61.73653846153846,"wind_avg_mph":1.5701598076923076,"wind_dir_deg":101.1923076923077,"rain_in":0}}