{"Cotech-367959":{"time":"2026-01-01 04:28:06","model":"Cotech-367959","id":13,"humidity":97,"temperature":50.312280701754396,"wind_avg_mph":0.09418694736842106,"wind_dir_deg":205.35087719298247,"rain_in":0}}