{"Cotech-367959":{"time":"2026-01-01 17:03:50","model":"Cotech-367959","id":13,"humidity":98,"temperature":49.679591836734716,"wind_avg_mph":1.4060765714285715,"wind_dir_deg":282.0816326530612,"rain_in":0}}