{"Cotech-367959":{"time":"2026-01-03 01:32:55","model":"Cotech-367959","id":13,"humidity":71,"temperature":59.6804347826087,"wind_avg_mph":0.967719695652174,"wind_dir_deg":148.1304347826087,"rain_in":0}}