{"Cotech-367959":{"time":"2026-01-08 23:33:15","model":"Cotech-367959","id":13,"humidity":30,"temperature":62.40545454545454,"wind_avg_mph":1.0086565818181812,"wind_dir_deg":209.98181818181817,"rain_in":0}}