{"Cotech-367959":{"time":"2026-01-09 19:48:28","model":"Cotech-367959","id":13,"humidity":34,"temperature":55.565454545454536,"wind_avg_mph":1.1754102909090904,"wind_dir_deg":169.03636363636363,"rain_in":0}}