{"Cotech-367959":{"time":"2026-01-07 04:25:45","model":"Cotech-367959","id":13,"humidity":96,"temperature":49.286538461538505,"wind_avg_mph":0.8431543076923074,"wind_dir_deg":289.90384615384613,"rain_in":0}}