{"Cotech-367959":{"time":"2026-01-02 06:52:23","model":"Cotech-367959","id":13,"humidity":97,"temperature":54.23999999999995,"wind_avg_mph":1.4316415999999996,"wind_dir_deg":120.1,"rain_in":0}}