{"Cotech-367959":{"time":"2026-01-01 07:44:22","model":"Cotech-367959","id":13,"humidity":97,"temperature":49.202000000000005,"wind_avg_mph":0.9663580799999995,"wind_dir_deg":254.52,"rain_in":0}}