{"Cotech-367959":{"time":"2026-01-08 14:54:02","model":"Cotech-367959","id":13,"humidity":89,"temperature":39.649999999999984,"wind_avg_mph":0.2753156923076924,"wind_dir_deg":306.34615384615387,"rain_in":0}}