{"Cotech-367959":{"time":"2026-01-01 11:47:50","model":"Cotech-367959","id":13,"humidity":98,"temperature":49.124444444444414,"wind_avg_mph":0.5517785333333329,"wind_dir_deg":214.6,"rain_in":0}}