{"Cotech-367959":{"time":"2025-12-31 19:41:58","model":"Cotech-367959","id":13,"humidity":88,"temperature":51.01136363636363,"wind_avg_mph":0,"wind_dir_deg":139.36363636363637,"rain_in":0}}