{"Cotech-367959":{"time":"2026-01-07 08:44:09","model":"Cotech-367959","id":13,"humidity":97,"temperature":46.28431372549017,"wind_avg_mph":1.0614499607843133,"wind_dir_deg":283.37254901960785,"rain_in":0}}