{"Cotech-367959":{"time":"2026-01-01 00:01:58","model":"Cotech-367959","id":13,"humidity":95,"temperature":49.87592592592597,"wind_avg_mph":0.5592349999999998,"wind_dir_deg":97.27777777777777,"rain_in":0}}