{"Cotech-367959":{"time":"2026-01-09 18:42:52","model":"Cotech-367959","id":13,"humidity":37,"temperature":53.03448275862069,"wind_avg_mph":1.2611713448275856,"wind_dir_deg":170.01724137931035,"rain_in":0}}