{"Cotech-367959":{"time":"2026-01-07 23:04:42","model":"Cotech-367959","id":13,"humidity":73,"temperature":58.90338983050847,"wind_avg_mph":1.5203609152542372,"wind_dir_deg":96.54237288135593,"rain_in":0}}