{"Cotech-367959":{"time":"2026-01-04 20:40:40","model":"Cotech-367959","id":13,"humidity":98,"temperature":51.768627450980404,"wind_avg_mph":2.4036139607843134,"wind_dir_deg":110.86274509803921,"rain_in":0}}