{"Cotech-367959":{"time":"2026-01-01 16:28:54","model":"Cotech-367959","id":13,"humidity":98,"temperature":49.318749999999994,"wind_avg_mph":1.7522696666666657,"wind_dir_deg":275.8958333333333,"rain_in":0}}