{"Cotech-367959":{"time":"2026-01-07 04:35:05","model":"Cotech-367959","id":13,"humidity":96,"temperature":49.162745098039196,"wind_avg_mph":1.2500547058823526,"wind_dir_deg":278.9019607843137,"rain_in":0}}