{"Cotech-367959":{"time":"2026-01-03 13:21:59","model":"Cotech-367959","id":13,"humidity":90,"temperature":55.03529411764703,"wind_avg_mph":1.9430674901960787,"wind_dir_deg":107.11764705882354,"rain_in":0}}