{"Cotech-367959":{"time":"2026-01-08 07:05:46","model":"Cotech-367959","id":13,"humidity":90,"temperature":48.7862068965517,"wind_avg_mph":0.6517980344827582,"wind_dir_deg":81.63793103448276,"rain_in":0}}