{"Cotech-367959":{"time":"2026-01-01 12:59:50","model":"Cotech-367959","id":13,"humidity":98,"temperature":49.206521739130444,"wind_avg_mph":0.0632178695652174,"wind_dir_deg":300.95652173913044,"rain_in":0}}