{"Cotech-367959":{"time":"2026-01-08 00:19:06","model":"Cotech-367959","id":13,"humidity":81,"temperature":56.44666666666662,"wind_avg_mph":2.3164756444444436,"wind_dir_deg":100.31111111111112,"rain_in":0}}