{"Cotech-367959":{"time":"2026-01-05 20:54:49","model":"Cotech-367959","id":13,"humidity":79,"temperature":55.54318181818182,"wind_avg_mph":5.760120500000002,"wind_dir_deg":105.52272727272727,"rain_in":0}}