{"Cotech-367959":{"time":"2026-01-09 02:09:47","model":"Cotech-367959","id":13,"humidity":52,"temperature":47.07346938775509,"wind_avg_mph":0.6026042448979589,"wind_dir_deg":118.51020408163265,"rain_in":0}}