{"Cotech-367959":{"time":"2026-01-03 04:35:35","model":"Cotech-367959","id":13,"humidity":90,"temperature":56.74400000000002,"wind_avg_mph":3.7491114399999996,"wind_dir_deg":107.64,"rain_in":0}}