{"Cotech-367959":{"time":"2026-01-07 16:45:46","model":"Cotech-367959","id":13,"humidity":98,"temperature":48.355555555555576,"wind_avg_mph":0.5865753777777777,"wind_dir_deg":89.71111111111111,"rain_in":0}}