{"Cotech-367959":{"time":"2025-12-31 03:46:45","model":"Cotech-367959","id":13,"humidity":92,"temperature":42.92727272727274,"wind_avg_mph":0,"wind_dir_deg":64.11363636363636,"rain_in":0}}