{"Cotech-367959":{"time":"2026-01-04 23:20:08","model":"Cotech-367959","id":13,"humidity":98,"temperature":51.84468085106384,"wind_avg_mph":2.113194382978722,"wind_dir_deg":101.72340425531915,"rain_in":0}}