{"Cotech-367959":{"time":"2026-01-01 18:08:54","model":"Cotech-367959","id":13,"humidity":98,"temperature":51.88214285714291,"wind_avg_mph":0.5312732499999999,"wind_dir_deg":109.01785714285714,"rain_in":0}}