{"Cotech-367959":{"time":"2026-01-05 13:52:08","model":"Cotech-367959","id":13,"humidity":91,"temperature":50.28305084745768,"wind_avg_mph":1.1374271186440674,"wind_dir_deg":117.47457627118644,"rain_in":0}}