{"Cotech-367959":{"time":"2025-12-31 12:36:22","model":"Cotech-367959","id":13,"humidity":76,"temperature":47.47857142857144,"wind_avg_mph":0,"wind_dir_deg":296.94642857142856,"rain_in":0}}