{"Cotech-367959":{"time":"2026-01-01 02:27:18","model":"Cotech-367959","id":13,"humidity":97,"temperature":50.22631578947371,"wind_avg_mph":0.12950705263157897,"wind_dir_deg":293.36842105263156,"rain_in":0}}