{"Cotech-367959":{"time":"2026-01-08 01:04:26","model":"Cotech-367959","id":13,"humidity":83,"temperature":54.11739130434782,"wind_avg_mph":1.2546315652173912,"wind_dir_deg":209.69565217391303,"rain_in":0}}