{"Cotech-367959":{"time":"2026-01-04 19:42:16","model":"Cotech-367959","id":13,"humidity":98,"temperature":51.98222222222222,"wind_avg_mph":2.3363595555555547,"wind_dir_deg":100.37777777777778,"rain_in":0}}