{"Cotech-367959":{"time":"2026-01-08 05:51:54","model":"Cotech-367959","id":13,"humidity":83,"temperature":48.7781818181818,"wind_avg_mph":0.08134327272727274,"wind_dir_deg":95,"rain_in":0}}