{"Cotech-367959":{"time":"2026-01-01 18:47:18","model":"Cotech-367959","id":13,"humidity":98,"temperature":52.85882352941178,"wind_avg_mph":0.8947759999999998,"wind_dir_deg":102.74509803921569,"rain_in":0}}