{"Cotech-367959":{"time":"2026-01-02 17:51:35","model":"Cotech-367959","id":13,"humidity":82,"temperature":55.471739130434756,"wind_avg_mph":2.0910526086956525,"wind_dir_deg":112.08695652173913,"rain_in":0}}