{"Cotech-367959":{"time":"2026-01-07 13:24:42","model":"Cotech-367959","id":13,"humidity":98,"temperature":48.4,"wind_avg_mph":0.25439709803921573,"wind_dir_deg":99.07843137254902,"rain_in":0}}