{"Cotech-367959":{"time":"2026-01-06 15:49:45","model":"Cotech-367959","id":13,"humidity":97,"temperature":49.29298245614037,"wind_avg_mph":1.2558259649122803,"wind_dir_deg":279.4736842105263,"rain_in":0}}