{"Cotech-367959":{"time":"2026-01-06 07:39:21","model":"Cotech-367959","id":13,"humidity":97,"temperature":50.521428571428565,"wind_avg_mph":1.022601142857142,"wind_dir_deg":284.10714285714283,"rain_in":0}}