{"Cotech-367959":{"time":"2026-01-06 15:20:57","model":"Cotech-367959","id":13,"humidity":96,"temperature":49.04464285714284,"wind_avg_mph":0.24766121428571433,"wind_dir_deg":220.5,"rain_in":0}}