{"Cotech-367959":{"time":"2026-01-07 17:04:26","model":"Cotech-367959","id":13,"humidity":98,"temperature":48.82888888888889,"wind_avg_mph":0.03479684444444445,"wind_dir_deg":104.93333333333334,"rain_in":0}}