{"Cotech-367959":{"time":"2026-01-06 19:45:13","model":"Cotech-367959","id":13,"humidity":84,"temperature":58.08723404255317,"wind_avg_mph":1.6991225106382981,"wind_dir_deg":245.25531914893617,"rain_in":0}}