{"Cotech-367959":{"time":"2026-01-03 23:16:39","model":"Cotech-367959","id":13,"humidity":69,"temperature":60.06956521739132,"wind_avg_mph":6.414182304347825,"wind_dir_deg":98.1086956521739,"rain_in":0}}