{"Cotech-367959":{"time":"2026-01-03 05:30:15","model":"Cotech-367959","id":13,"humidity":94,"temperature":56.01086956521743,"wind_avg_mph":3.535337782608697,"wind_dir_deg":110.15217391304348,"rain_in":0}}