{"Cotech-367959":{"time":"2026-01-07 20:12:42","model":"Cotech-367959","id":13,"humidity":74,"temperature":55.47045454545455,"wind_avg_mph":1.5201024090909088,"wind_dir_deg":155.04545454545453,"rain_in":0}}