{"Cotech-367959":{"time":"2026-01-08 08:50:18","model":"Cotech-367959","id":13,"humidity":87,"temperature":48.15333333333332,"wind_avg_mph":1.0289923999999997,"wind_dir_deg":127.64444444444445,"rain_in":0}}