{"Cotech-367959":{"time":"2025-12-31 18:03:50","model":"Cotech-367959","id":13,"humidity":87,"temperature":50.04464285714287,"wind_avg_mph":0,"wind_dir_deg":101.05357142857143,"rain_in":0}}