{"Cotech-367959":{"time":"2026-01-03 12:24:07","model":"Cotech-367959","id":13,"humidity":88,"temperature":55.693617021276594,"wind_avg_mph":2.251218340425531,"wind_dir_deg":98.72340425531915,"rain_in":0}}