{"Cotech-367959":{"time":"2026-01-01 06:27:18","model":"Cotech-367959","id":13,"humidity":97,"temperature":49.86792452830193,"wind_avg_mph":0.31232747169811315,"wind_dir_deg":204.0943396226415,"rain_in":0}}