{"Cotech-367959":{"time":"2026-01-09 17:44:44","model":"Cotech-367959","id":13,"humidity":53,"temperature":48.34716981132073,"wind_avg_mph":1.8064345660377354,"wind_dir_deg":104.32075471698113,"rain_in":0}}