{"Cotech-367959":{"time":"2026-01-03 16:51:03","model":"Cotech-367959","id":13,"humidity":88,"temperature":57.29423076923076,"wind_avg_mph":3.0800943076923066,"wind_dir_deg":104.28846153846153,"rain_in":0}}