{"Cotech-367959":{"time":"2026-01-06 07:01:29","model":"Cotech-367959","id":13,"humidity":97,"temperature":50.61568627450976,"wind_avg_mph":0.548269607843137,"wind_dir_deg":276.03921568627453,"rain_in":0}}