{"Cotech-367959":{"time":"2026-01-03 11:58:31","model":"Cotech-367959","id":13,"humidity":87,"temperature":56.11199999999997,"wind_avg_mph":4.0578091600000015,"wind_dir_deg":108.7,"rain_in":0}}