{"Cotech-367959":{"time":"2026-01-01 15:31:02","model":"Cotech-367959","id":13,"humidity":98,"temperature":49.72941176470586,"wind_avg_mph":0.33773407843137254,"wind_dir_deg":290.05882352941177,"rain_in":0}}