{"Cotech-367959":{"time":"2026-01-04 07:07:52","model":"Cotech-367959","id":13,"humidity":90,"temperature":54.084210526315786,"wind_avg_mph":1.1773368421052628,"wind_dir_deg":104.66666666666667,"rain_in":0}}