{"Cotech-367959":{"time":"2026-01-07 21:08:42","model":"Cotech-367959","id":13,"humidity":64,"temperature":60.95098039215683,"wind_avg_mph":1.425500980392157,"wind_dir_deg":99.33333333333333,"rain_in":0}}