{"Cotech-367959":{"time":"2026-01-04 16:20:08","model":"Cotech-367959","id":13,"humidity":98,"temperature":52.16888888888888,"wind_avg_mph":0.36785235555555557,"wind_dir_deg":81.13333333333334,"rain_in":0}}