{"Cotech-367959":{"time":"2026-01-02 00:42:15","model":"Cotech-367959","id":13,"humidity":89,"temperature":57.427450980392166,"wind_avg_mph":1.8334135686274504,"wind_dir_deg":103.2156862745098,"rain_in":0}}