{"Cotech-367959":{"time":"2025-12-31 08:49:57","model":"Cotech-367959","id":13,"humidity":81,"temperature":44.95555555555555,"wind_avg_mph":0,"wind_dir_deg":283.1777777777778,"rain_in":0}}