{"Cotech-367959":{"time":"2026-01-04 17:07:52","model":"Cotech-367959","id":13,"humidity":98,"temperature":52.02280701754389,"wind_avg_mph":1.8170231929824552,"wind_dir_deg":102.50877192982456,"rain_in":0}}