{"Cotech-367959":{"time":"2026-01-04 13:37:44","model":"Cotech-367959","id":13,"humidity":97,"temperature":51.59245283018865,"wind_avg_mph":0.979188830188679,"wind_dir_deg":83.94339622641509,"rain_in":0}}