{"Cotech-367959":{"time":"2026-01-06 21:47:37","model":"Cotech-367959","id":13,"humidity":63,"temperature":66.24186046511626,"wind_avg_mph":0.8375519534883721,"wind_dir_deg":218.6046511627907,"rain_in":0}}