{"Cotech-367959":{"time":"2026-01-08 05:42:02","model":"Cotech-367959","id":13,"humidity":83,"temperature":48.52142857142851,"wind_avg_mph":0.17575957142857143,"wind_dir_deg":172.85714285714286,"rain_in":0}}