{"Cotech-367959":{"time":"2026-01-07 03:47:05","model":"Cotech-367959","id":13,"humidity":95,"temperature":50.294117647058776,"wind_avg_mph":0.4561603137254901,"wind_dir_deg":289.96078431372547,"rain_in":0}}