{"Cotech-367959":{"time":"2026-01-02 14:54:47","model":"Cotech-367959","id":13,"humidity":96,"temperature":50.68363636363634,"wind_avg_mph":0.2318283272727273,"wind_dir_deg":251.54545454545453,"rain_in":0}}