{"Cotech-367959":{"time":"2026-01-03 07:52:55","model":"Cotech-367959","id":13,"humidity":96,"temperature":55.144444444444424,"wind_avg_mph":2.6644440888888887,"wind_dir_deg":106.2,"rain_in":0}}