{"Cotech-367959":{"time":"2026-01-05 20:38:33","model":"Cotech-367959","id":13,"humidity":77,"temperature":56.14347826086959,"wind_avg_mph":5.300575217391303,"wind_dir_deg":105.69565217391305,"rain_in":0}}