{"Cotech-367959":{"time":"2026-01-09 00:00:11","model":"Cotech-367959","id":13,"humidity":31,"temperature":59.986956521739124,"wind_avg_mph":1.1476474782608694,"wind_dir_deg":163.1304347826087,"rain_in":0}}