{"Cotech-367959":{"time":"2025-12-31 13:43:02","model":"Cotech-367959","id":13,"humidity":76,"temperature":48.178947368421035,"wind_avg_mph":0,"wind_dir_deg":290.05263157894734,"rain_in":0}}