{"Cotech-367959":{"time":"2026-01-02 16:28:07","model":"Cotech-367959","id":13,"humidity":93,"temperature":52.04772727272727,"wind_avg_mph":0.9761192727272725,"wind_dir_deg":90.77272727272727,"rain_in":0}}