{"Cotech-367959":{"time":"2026-01-06 08:24:25","model":"Cotech-367959","id":13,"humidity":97,"temperature":50.18181818181816,"wind_avg_mph":0.7280222909090907,"wind_dir_deg":291.1272727272727,"rain_in":0}}