{"Cotech-367959":{"time":"2026-01-02 08:54:47","model":"Cotech-367959","id":13,"humidity":97,"temperature":53.70999999999998,"wind_avg_mph":0.12974252000000003,"wind_dir_deg":275.34,"rain_in":0}}