{"Cotech-367959":{"time":"2025-12-31 11:15:01","model":"Cotech-367959","id":13,"humidity":74,"temperature":47.24107142857148,"wind_avg_mph":0,"wind_dir_deg":292.51785714285717,"rain_in":0}}