{"Cotech-367959":{"time":"2026-01-09 22:38:04","model":"Cotech-367959","id":13,"humidity":27,"temperature":62.33207547169811,"wind_avg_mph":2.0048047169811314,"wind_dir_deg":264.1320754716981,"rain_in":0}}