{"Cotech-367959":{"time":"2026-01-04 09:52:08","model":"Cotech-367959","id":13,"humidity":94,"temperature":53.41956521739134,"wind_avg_mph":1.2643573913043475,"wind_dir_deg":100.23913043478261,"rain_in":0}}