{"Cotech-367959":{"time":"2026-01-04 11:38:00","model":"Cotech-367959","id":13,"humidity":97,"temperature":52.239999999999974,"wind_avg_mph":1.0289923999999993,"wind_dir_deg":100.1,"rain_in":0}}