{"Cotech-367959":{"time":"2026-01-06 22:14:01","model":"Cotech-367959","id":13,"humidity":62,"temperature":66.82222222222224,"wind_avg_mph":0.6263431999999997,"wind_dir_deg":193.73333333333332,"rain_in":0}}