{"Cotech-367959":{"time":"2026-01-09 01:50:03","model":"Cotech-367959","id":13,"humidity":50,"temperature":47.84905660377358,"wind_avg_mph":0.46427056603773575,"wind_dir_deg":134.16981132075472,"rain_in":0}}