{"Cotech-367959":{"time":"2026-01-06 18:02:01","model":"Cotech-367959","id":13,"humidity":89,"temperature":54.282352941176434,"wind_avg_mph":0.28948635294117653,"wind_dir_deg":98.96078431372548,"rain_in":0}}