{"Cotech-367959":{"time":"2026-01-06 06:34:01","model":"Cotech-367959","id":13,"humidity":97,"temperature":50.40196078431377,"wind_avg_mph":0.32896176470588234,"wind_dir_deg":285.7450980392157,"rain_in":0}}