{"Cotech-367959":{"time":"2026-01-08 21:24:43","model":"Cotech-367959","id":13,"humidity":38,"temperature":60.415217391304324,"wind_avg_mph":1.794414913043478,"wind_dir_deg":200.80434782608697,"rain_in":0}}