{"Cotech-367959":{"time":"2026-01-01 12:35:18","model":"Cotech-367959","id":13,"humidity":98,"temperature":49.20000000000002,"wind_avg_mph":0.3797595813953489,"wind_dir_deg":293.83720930232556,"rain_in":0}}