{"Cotech-367959":{"time":"2026-01-04 17:35:20","model":"Cotech-367959","id":13,"humidity":98,"temperature":51.737499999999955,"wind_avg_mph":2.5205520357142857,"wind_dir_deg":101.03571428571429,"rain_in":0}}