{"Cotech-367959":{"time":"2026-01-05 12:23:52","model":"Cotech-367959","id":13,"humidity":94,"temperature":49.49122807017545,"wind_avg_mph":1.3146928070175425,"wind_dir_deg":125.43859649122807,"rain_in":0}}