{"Cotech-367959":{"time":"2025-12-31 10:37:41","model":"Cotech-367959","id":13,"humidity":78,"temperature":46.60535714285715,"wind_avg_mph":0,"wind_dir_deg":280.42857142857144,"rain_in":0}}