{"Cotech-367959":{"time":"2026-01-06 12:38:17","model":"Cotech-367959","id":13,"humidity":97,"temperature":49.79298245614037,"wind_avg_mph":1.5737069122807013,"wind_dir_deg":274.3333333333333,"rain_in":0}}