{"Cotech-367959":{"time":"2026-01-09 18:12:44","model":"Cotech-367959","id":13,"humidity":50,"temperature":50.09600000000001,"wind_avg_mph":0.4921267999999999,"wind_dir_deg":264.3,"rain_in":0}}