{"Cotech-367959":{"time":"2026-01-08 09:08:58","model":"Cotech-367959","id":13,"humidity":85,"temperature":48.3534482758621,"wind_avg_mph":0.6942227586206893,"wind_dir_deg":140.79310344827587,"rain_in":0}}