{"Cotech-367959":{"time":"2026-01-05 11:39:36","model":"Cotech-367959","id":13,"humidity":96,"temperature":48.46666666666666,"wind_avg_mph":1.0614499607843133,"wind_dir_deg":101.56862745098039,"rain_in":0}}