{"Cotech-367959":{"time":"2026-01-06 12:27:53","model":"Cotech-367959","id":13,"humidity":97,"temperature":49.68799999999998,"wind_avg_mph":1.2661080399999998,"wind_dir_deg":284.84,"rain_in":0}}