{"Cotech-367959":{"time":"2026-01-07 15:56:58","model":"Cotech-367959","id":13,"humidity":98,"temperature":47.23137254901961,"wind_avg_mph":0.3552787058823528,"wind_dir_deg":281.94117647058823,"rain_in":0}}