{"Cotech-367959":{"time":"2026-01-04 04:57:27","model":"Cotech-367959","id":13,"humidity":85,"temperature":54.945454545454574,"wind_avg_mph":1.7437964090909084,"wind_dir_deg":100.25,"rain_in":0}}