{"Cotech-367959":{"time":"2026-01-03 04:10:15","model":"Cotech-367959","id":13,"humidity":88,"temperature":57.06304347826085,"wind_avg_mph":3.5402006956521745,"wind_dir_deg":105.08695652173913,"rain_in":0}}