{"Cotech-367959":{"time":"2026-01-05 12:43:04","model":"Cotech-367959","id":13,"humidity":94,"temperature":49.475438596491244,"wind_avg_mph":0.6082907017543858,"wind_dir_deg":81.56140350877193,"rain_in":0}}