{"Cotech-367959":{"time":"2026-01-08 00:36:42","model":"Cotech-367959","id":13,"humidity":85,"temperature":54.957692307692355,"wind_avg_mph":2.2928634999999997,"wind_dir_deg":101.28846153846153,"rain_in":0}}