{"Cotech-367959":{"time":"2026-01-03 18:18:15","model":"Cotech-367959","id":13,"humidity":86,"temperature":58.274999999999984,"wind_avg_mph":4.47388,"wind_dir_deg":109.375,"rain_in":0}}