{"Cotech-367959":{"time":"2026-01-06 05:58:17","model":"Cotech-367959","id":13,"humidity":97,"temperature":50.60434782608692,"wind_avg_mph":0.35985556521739126,"wind_dir_deg":293.60869565217394,"rain_in":0}}