{"Cotech-367959":{"time":"2026-01-07 07:57:45","model":"Cotech-367959","id":13,"humidity":97,"temperature":46.386274509803954,"wind_avg_mph":0.9298652549019599,"wind_dir_deg":282.27450980392155,"rain_in":0}}