{"Cotech-367959":{"time":"2026-01-05 03:10:32","model":"Cotech-367959","id":13,"humidity":98,"temperature":48.878431372549,"wind_avg_mph":0,"wind_dir_deg":265.3529411764706,"rain_in":0}}