{"Cotech-367959":{"time":"2026-01-04 04:49:27","model":"Cotech-367959","id":13,"humidity":85,"temperature":54.85111111111114,"wind_avg_mph":2.614734311111111,"wind_dir_deg":108.06666666666666,"rain_in":0}}