{"Cotech-367959":{"time":"2026-01-02 23:34:47","model":"Cotech-367959","id":13,"humidity":66,"temperature":60.85000000000004,"wind_avg_mph":2.381926851851851,"wind_dir_deg":114.51851851851852,"rain_in":0}}