{"Cotech-367959":{"time":"2026-01-04 05:16:39","model":"Cotech-367959","id":13,"humidity":85,"temperature":54.981132075471706,"wind_avg_mph":2.764520188679245,"wind_dir_deg":103.71698113207547,"rain_in":0}}