{"Cotech-367959":{"time":"2026-01-05 18:27:36","model":"Cotech-367959","id":13,"humidity":79,"temperature":54.63260869565218,"wind_avg_mph":3.180345130434783,"wind_dir_deg":130.2826086956522,"rain_in":0}}