{"Cotech-367959":{"time":"2026-01-04 07:46:32","model":"Cotech-367959","id":13,"humidity":91,"temperature":53.690909090909074,"wind_avg_mph":1.5333206909090902,"wind_dir_deg":105.72727272727273,"rain_in":0}}