{"Cotech-367959":{"time":"2026-01-07 16:28:10","model":"Cotech-367959","id":13,"humidity":98,"temperature":47.88392857142854,"wind_avg_mph":0.2596448214285715,"wind_dir_deg":76.82142857142857,"rain_in":0}}