{"Cotech-367959":{"time":"2026-01-01 16:36:54","model":"Cotech-367959","id":13,"humidity":98,"temperature":49.31999999999999,"wind_avg_mph":1.426670622222222,"wind_dir_deg":280.15555555555557,"rain_in":0}}