{"Cotech-367959":{"time":"2026-01-03 10:39:03","model":"Cotech-367959","id":13,"humidity":87,"temperature":56.15087719298251,"wind_avg_mph":1.9622280701754378,"wind_dir_deg":102.15789473684211,"rain_in":0}}