{"Cotech-367959":{"time":"2026-01-08 20:03:55","model":"Cotech-367959","id":13,"humidity":50,"temperature":53.506122448979546,"wind_avg_mph":1.4425980408163261,"wind_dir_deg":139.6530612244898,"rain_in":0}}