{"Cotech-367959":{"time":"2026-01-08 03:00:26","model":"Cotech-367959","id":13,"humidity":83,"temperature":49.868181818181824,"wind_avg_mph":0.24911377272727275,"wind_dir_deg":142.25,"rain_in":0}}