{"Cotech-367959":{"time":"2026-01-03 14:16:55","model":"Cotech-367959","id":13,"humidity":86,"temperature":56.48627450980387,"wind_avg_mph":3.342251529411764,"wind_dir_deg":96.92156862745098,"rain_in":0}}