{"Cotech-367959":{"time":"2026-01-02 16:56:23","model":"Cotech-367959","id":13,"humidity":91,"temperature":53.4877551020408,"wind_avg_mph":1.1093396326530611,"wind_dir_deg":103.48979591836735,"rain_in":0}}