{"Cotech-367959":{"time":"2026-01-06 11:41:29","model":"Cotech-367959","id":13,"humidity":98,"temperature":49.23863636363638,"wind_avg_mph":0.9659513636363634,"wind_dir_deg":291.27272727272725,"rain_in":0}}