{"Cotech-367959":{"time":"2026-01-07 18:58:18","model":"Cotech-367959","id":13,"humidity":89,"temperature":52.68823529411768,"wind_avg_mph":0.9474098823529404,"wind_dir_deg":89.15686274509804,"rain_in":0}}