{"Cotech-367959":{"time":"2026-01-04 04:25:11","model":"Cotech-367959","id":13,"humidity":85,"temperature":55.19999999999998,"wind_avg_mph":2.3340147547169807,"wind_dir_deg":108.39622641509433,"rain_in":0}}