{"Cotech-367959":{"time":"2026-01-06 17:26:49","model":"Cotech-367959","id":13,"humidity":94,"temperature":51.74107142857141,"wind_avg_mph":0.1278251428571429,"wind_dir_deg":213.07142857142858,"rain_in":0}}