{"Cotech-367959":{"time":"2026-01-08 20:46:19","model":"Cotech-367959","id":13,"humidity":42,"temperature":57.579999999999984,"wind_avg_mph":1.8790295999999997,"wind_dir_deg":219.62,"rain_in":0}}