{"Cotech-367959":{"time":"2026-01-03 18:43:35","model":"Cotech-367959","id":13,"humidity":86,"temperature":59.13555555555556,"wind_avg_mph":4.906355066666666,"wind_dir_deg":112.13333333333334,"rain_in":0}}