{"Cotech-367959":{"time":"2026-01-07 14:21:30","model":"Cotech-367959","id":13,"humidity":98,"temperature":48.605769230769184,"wind_avg_mph":0.2279958076923077,"wind_dir_deg":295.1730769230769,"rain_in":0}}