{"Cotech-367959":{"time":"2026-01-07 06:36:57","model":"Cotech-367959","id":13,"humidity":97,"temperature":47.38269230769234,"wind_avg_mph":0.5076133076923072,"wind_dir_deg":288.2307692307692,"rain_in":0}}