{"Cotech-367959":{"time":"2026-01-03 20:26:31","model":"Cotech-367959","id":13,"humidity":80,"temperature":59.91636363636368,"wind_avg_mph":5.128693345454545,"wind_dir_deg":103.58181818181818,"rain_in":0}}