{"Cotech-367959":{"time":"2026-01-01 08:56:22","model":"Cotech-367959","id":13,"humidity":97,"temperature":49.56530612244896,"wind_avg_mph":0.22369400000000003,"wind_dir_deg":264.53061224489795,"rain_in":0}}