{"Cotech-367959":{"time":"2026-01-03 06:05:59","model":"Cotech-367959","id":13,"humidity":96,"temperature":55.39000000000006,"wind_avg_mph":3.6551599599999993,"wind_dir_deg":108.96,"rain_in":0}}