{"Cotech-367959":{"time":"2026-01-01 10:34:46","model":"Cotech-367959","id":13,"humidity":97,"temperature":49.11914893617017,"wind_avg_mph":0,"wind_dir_deg":210.27659574468086,"rain_in":0}}