{"Cotech-367959":{"time":"2026-01-02 22:03:03","model":"Cotech-367959","id":13,"humidity":70,"temperature":59.71555555555559,"wind_avg_mph":0.6661110222222222,"wind_dir_deg":146.7111111111111,"rain_in":0}}