{"Cotech-367959":{"time":"2026-01-04 10:11:36","model":"Cotech-367959","id":13,"humidity":95,"temperature":53.21929824561398,"wind_avg_mph":2.7039502807017546,"wind_dir_deg":99.15789473684211,"rain_in":0}}