{"Cotech-367959":{"time":"2026-01-08 13:20:58","model":"Cotech-367959","id":13,"humidity":80,"temperature":43.33921568627451,"wind_avg_mph":0.06140619607843138,"wind_dir_deg":150.41176470588235,"rain_in":0}}