{"Cotech-367959":{"time":"2026-01-03 23:33:11","model":"Cotech-367959","id":13,"humidity":71,"temperature":60.677777777777756,"wind_avg_mph":5.587379022222223,"wind_dir_deg":104.6,"rain_in":0}}