{"Cotech-367959":{"time":"2026-01-07 11:22:34","model":"Cotech-367959","id":13,"humidity":97,"temperature":47.51964285714284,"wind_avg_mph":0.15978142857142857,"wind_dir_deg":310.5357142857143,"rain_in":0}}