{"Cotech-367959":{"time":"2025-12-31 17:34:30","model":"Cotech-367959","id":13,"humidity":80,"temperature":50.51739130434781,"wind_avg_mph":0,"wind_dir_deg":267.82608695652175,"rain_in":0}}