{"Cotech-367959":{"time":"2026-01-06 05:50:01","model":"Cotech-367959","id":13,"humidity":97,"temperature":50.62399999999997,"wind_avg_mph":0.5413394799999998,"wind_dir_deg":292.22,"rain_in":0}}