{"Cotech-367959":{"time":"2025-12-31 05:17:57","model":"Cotech-367959","id":13,"humidity":91,"temperature":43.02280701754383,"wind_avg_mph":0,"wind_dir_deg":291.43859649122805,"rain_in":0}}