{"Cotech-367959":{"time":"2026-01-04 16:12:08","model":"Cotech-367959","id":13,"humidity":98,"temperature":52.06136363636359,"wind_avg_mph":0.26944959090909093,"wind_dir_deg":84.79545454545455,"rain_in":0}}