{"Cotech-367959":{"time":"2026-01-05 03:26:48","model":"Cotech-367959","id":13,"humidity":98,"temperature":48.465909090909115,"wind_avg_mph":0.20844213636363637,"wind_dir_deg":301.3636363636364,"rain_in":0}}