{"Cotech-367959":{"time":"2026-01-05 04:02:32","model":"Cotech-367959","id":13,"humidity":98,"temperature":48.13260869565215,"wind_avg_mph":0.07294369565217393,"wind_dir_deg":290.69565217391306,"rain_in":0}}