{"Cotech-367959":{"time":"2026-01-03 05:03:51","model":"Cotech-367959","id":13,"humidity":90,"temperature":57.14736842105262,"wind_avg_mph":5.223451122807015,"wind_dir_deg":99.7719298245614,"rain_in":0}}