{"Cotech-367959":{"time":"2026-01-08 19:54:35","model":"Cotech-367959","id":13,"humidity":53,"temperature":52.86730769230768,"wind_avg_mph":0.7054964615384611,"wind_dir_deg":158.42307692307693,"rain_in":0}}