{"Cotech-367959":{"time":"2026-01-07 05:31:53","model":"Cotech-367959","id":13,"humidity":97,"temperature":48.55423728813559,"wind_avg_mph":0.8796103050847452,"wind_dir_deg":280.1525423728813,"rain_in":0}}