{"Cotech-367959":{"time":"2026-01-09 12:45:47","model":"Cotech-367959","id":13,"humidity":70,"temperature":38.84318181818182,"wind_avg_mph":0.6914178181818179,"wind_dir_deg":281.8636363636364,"rain_in":0}}