{"Cotech-367959":{"time":"2026-01-07 12:08:58","model":"Cotech-367959","id":13,"humidity":97,"temperature":46.785964912280704,"wind_avg_mph":0.2943342105263158,"wind_dir_deg":298.7719298245614,"rain_in":0}}