{"Cotech-367959":{"time":"2026-01-05 15:08:24","model":"Cotech-367959","id":13,"humidity":87,"temperature":51.30701754385968,"wind_avg_mph":2.539123122807017,"wind_dir_deg":104.57894736842105,"rain_in":0}}