{"Cotech-367959":{"time":"2026-01-08 19:00:43","model":"Cotech-367959","id":13,"humidity":61,"temperature":50.633928571428605,"wind_avg_mph":0.8428470357142857,"wind_dir_deg":169.23214285714286,"rain_in":0}}