{"Cotech-367959":{"time":"2026-01-09 02:18:03","model":"Cotech-367959","id":13,"humidity":53,"temperature":46.61555555555554,"wind_avg_mph":0.9544277333333331,"wind_dir_deg":84.13333333333334,"rain_in":0}}