{"Cotech-367959":{"time":"2026-01-08 22:54:51","model":"Cotech-367959","id":13,"humidity":31,"temperature":62.71428571428573,"wind_avg_mph":1.0499922448979588,"wind_dir_deg":148.9591836734694,"rain_in":0}}