{"Cotech-367959":{"time":"2026-01-09 07:35:39","model":"Cotech-367959","id":13,"humidity":66,"temperature":41.280851063829786,"wind_avg_mph":0.537817489361702,"wind_dir_deg":276.8723404255319,"rain_in":0}}