{"Cotech-367959":{"time":"2026-01-06 16:28:41","model":"Cotech-367959","id":13,"humidity":96,"temperature":50.021052631578925,"wind_avg_mph":1.0713765263157893,"wind_dir_deg":284.7894736842105,"rain_in":0}}