{"Cotech-367959":{"time":"2026-01-04 22:18:48","model":"Cotech-367959","id":13,"humidity":98,"temperature":51.367924528301906,"wind_avg_mph":2.2200574339622636,"wind_dir_deg":102.05660377358491,"rain_in":0}}