{"Cotech-367959":{"time":"2025-12-31 05:35:17","model":"Cotech-367959","id":13,"humidity":90,"temperature":42.835294117647045,"wind_avg_mph":0,"wind_dir_deg":316.6666666666667,"rain_in":0}}