{"Cotech-367959":{"time":"2026-01-07 08:18:17","model":"Cotech-367959","id":13,"humidity":97,"temperature":46.35555555555558,"wind_avg_mph":0.9651981851851845,"wind_dir_deg":287.01851851851853,"rain_in":0}}