{"Cotech-367959":{"time":"2026-01-05 19:42:17","model":"Cotech-367959","id":13,"humidity":77,"temperature":56.147999999999946,"wind_avg_mph":4.894424719999999,"wind_dir_deg":103.28,"rain_in":0}}