{"Cotech-367959":{"time":"2026-01-04 01:56:07","model":"Cotech-367959","id":13,"humidity":81,"temperature":56.019230769230795,"wind_avg_mph":3.209148538461539,"wind_dir_deg":103.71153846153847,"rain_in":0}}