{"Cotech-367959":{"time":"2026-01-01 21:22:31","model":"Cotech-367959","id":13,"humidity":95,"temperature":58.19821428571425,"wind_avg_mph":1.9413443571428568,"wind_dir_deg":101.01785714285714,"rain_in":0}}