{"Cotech-367959":{"time":"2026-01-02 10:25:11","model":"Cotech-367959","id":13,"humidity":97,"temperature":53.92600000000004,"wind_avg_mph":0.22816788000000002,"wind_dir_deg":252.94,"rain_in":0}}