{"Cotech-367959":{"time":"2026-01-02 00:16:55","model":"Cotech-367959","id":13,"humidity":91,"temperature":57.66727272727271,"wind_avg_mph":0.5124626181818179,"wind_dir_deg":111.87272727272727,"rain_in":0}}