{"Cotech-367959":{"time":"2026-01-05 02:34:32","model":"Cotech-367959","id":13,"humidity":98,"temperature":50.23928571428571,"wind_avg_mph":0.01597814285714286,"wind_dir_deg":80.23214285714286,"rain_in":0}}