{"Cotech-367959":{"time":"2026-01-03 22:33:43","model":"Cotech-367959","id":13,"humidity":60,"temperature":64.64727272727274,"wind_avg_mph":3.538432363636363,"wind_dir_deg":118.85454545454546,"rain_in":0}}