{"Cotech-367959":{"time":"2026-01-07 02:32:57","model":"Cotech-367959","id":13,"humidity":93,"temperature":51.29444444444442,"wind_avg_mph":0.02485488888888889,"wind_dir_deg":319.3703703703704,"rain_in":0}}