{"Cotech-367959":{"time":"2026-01-09 22:46:36","model":"Cotech-367959","id":13,"humidity":27,"temperature":62.85319148936169,"wind_avg_mph":1.0661160851063824,"wind_dir_deg":158.6595744680851,"rain_in":0}}