{"Cotech-367959":{"time":"2026-01-09 10:42:51","model":"Cotech-367959","id":13,"humidity":69,"temperature":40.021999999999984,"wind_avg_mph":0.8813543599999997,"wind_dir_deg":280,"rain_in":0}}