{"Cotech-367959":{"time":"2025-12-31 20:25:42","model":"Cotech-367959","id":13,"humidity":90,"temperature":51.65434782608693,"wind_avg_mph":0,"wind_dir_deg":271.30434782608694,"rain_in":0}}