{"Cotech-367959":{"time":"2026-01-01 14:12:22","model":"Cotech-367959","id":13,"humidity":98,"temperature":49.44042553191491,"wind_avg_mph":0.7234359148936168,"wind_dir_deg":296.93617021276594,"rain_in":0}}