{"Cotech-367959":{"time":"2026-01-08 07:34:34","model":"Cotech-367959","id":13,"humidity":93,"temperature":48.93157894736844,"wind_avg_mph":0.4787836491228069,"wind_dir_deg":76.73684210526316,"rain_in":0}}