{"Cotech-367959":{"time":"2026-01-04 07:26:16","model":"Cotech-367959","id":13,"humidity":91,"temperature":53.75217391304346,"wind_avg_mph":1.0358004782608692,"wind_dir_deg":104.54347826086956,"rain_in":0}}