{"Cotech-367959":{"time":"2026-01-08 11:38:18","model":"Cotech-367959","id":13,"humidity":80,"temperature":45.04565217391305,"wind_avg_mph":0.14102447826086958,"wind_dir_deg":155.43478260869566,"rain_in":0}}