{"Cotech-367959":{"time":"2025-12-31 20:08:22","model":"Cotech-367959","id":13,"humidity":90,"temperature":51.59111111111111,"wind_avg_mph":0,"wind_dir_deg":40.733333333333334,"rain_in":0}}