{"Cotech-367959":{"time":"2026-01-07 03:56:41","model":"Cotech-367959","id":13,"humidity":95,"temperature":50.02115384615387,"wind_avg_mph":0.4559916153846153,"wind_dir_deg":293.3269230769231,"rain_in":0}}