{"Cotech-367959":{"time":"2026-01-07 00:02:17","model":"Cotech-367959","id":13,"humidity":66,"temperature":64.10535714285716,"wind_avg_mph":0.5232841785714282,"wind_dir_deg":230.46428571428572,"rain_in":0}}