{"Cotech-367959":{"time":"2026-01-07 13:15:22","model":"Cotech-367959","id":13,"humidity":98,"temperature":47.81304347826087,"wind_avg_mph":0.21883108695652176,"wind_dir_deg":291.04347826086956,"rain_in":0}}