{"Cotech-367959":{"time":"2026-01-09 19:27:56","model":"Cotech-367959","id":13,"humidity":34,"temperature":54.743749999999984,"wind_avg_mph":1.1417714583333334,"wind_dir_deg":142.1875,"rain_in":0}}