{"Cotech-367959":{"time":"2026-01-07 10:54:34","model":"Cotech-367959","id":13,"humidity":97,"temperature":47.30465116279068,"wind_avg_mph":0.816743209302325,"wind_dir_deg":287.16279069767444,"rain_in":0}}