{"Cotech-367959":{"time":"2026-01-05 07:54:16","model":"Cotech-367959","id":13,"humidity":98,"temperature":47.97368421052636,"wind_avg_mph":0.04709347368421053,"wind_dir_deg":276.4736842105263,"rain_in":0}}