{"Cotech-367959":{"time":"2026-01-01 21:40:39","model":"Cotech-367959","id":13,"humidity":92,"temperature":58.642222222222244,"wind_avg_mph":1.710016355555555,"wind_dir_deg":93.42222222222222,"rain_in":0}}