{"Cotech-367959":{"time":"2026-01-02 07:01:27","model":"Cotech-367959","id":13,"humidity":97,"temperature":54.23541666666663,"wind_avg_mph":1.1930346666666667,"wind_dir_deg":115.33333333333333,"rain_in":0}}