{"Cotech-367959":{"time":"2026-01-06 00:13:13","model":"Cotech-367959","id":13,"humidity":96,"temperature":52.30000000000002,"wind_avg_mph":0.40867173076923063,"wind_dir_deg":131.51923076923077,"rain_in":0}}