{"Cotech-367959":{"time":"2026-01-04 12:05:44","model":"Cotech-367959","id":13,"humidity":97,"temperature":51.77058823529407,"wind_avg_mph":0,"wind_dir_deg":117.94117647058823,"rain_in":0}}