{"Cotech-367959":{"time":"2026-01-08 02:24:10","model":"Cotech-367959","id":13,"humidity":83,"temperature":50.158695652173925,"wind_avg_mph":0.7342998695652172,"wind_dir_deg":165.7391304347826,"rain_in":0}}