{"Cotech-367959":{"time":"2026-01-05 15:18:32","model":"Cotech-367959","id":13,"humidity":86,"temperature":51.44642857142856,"wind_avg_mph":2.3447924642857143,"wind_dir_deg":116.67857142857143,"rain_in":0}}