{"Cotech-367959":{"time":"2026-01-07 19:55:06","model":"Cotech-367959","id":13,"humidity":74,"temperature":55.17142857142861,"wind_avg_mph":1.3375988163265302,"wind_dir_deg":121.81632653061224,"rain_in":0}}