{"Cotech-367959":{"time":"2026-01-01 10:07:18","model":"Cotech-367959","id":13,"humidity":97,"temperature":49.193478260869554,"wind_avg_mph":0.04376621739130435,"wind_dir_deg":211.7826086956522,"rain_in":0}}