{"Cotech-367959":{"time":"2026-01-04 11:28:56","model":"Cotech-367959","id":13,"humidity":97,"temperature":52.348888888888894,"wind_avg_mph":1.3222800888888886,"wind_dir_deg":116.66666666666667,"rain_in":0}}