{"Cotech-367959":{"time":"2026-01-04 14:42:00","model":"Cotech-367959","id":13,"humidity":98,"temperature":51.72857142857147,"wind_avg_mph":0.8354286122448976,"wind_dir_deg":100.06122448979592,"rain_in":0}}