{"Cotech-367959":{"time":"2026-01-01 05:41:10","model":"Cotech-367959","id":13,"humidity":97,"temperature":50.039999999999985,"wind_avg_mph":0.19237684000000002,"wind_dir_deg":222.08,"rain_in":0}}