{"Cotech-367959":{"time":"2026-01-09 07:16:43","model":"Cotech-367959","id":13,"humidity":64,"temperature":41.729999999999976,"wind_avg_mph":0.9350409199999996,"wind_dir_deg":282.6,"rain_in":0}}