{"Cotech-367959":{"time":"2026-01-01 02:56:38","model":"Cotech-367959","id":13,"humidity":97,"temperature":50.48070175438596,"wind_avg_mph":0.08633803508771931,"wind_dir_deg":245.21052631578948,"rain_in":0}}