{"Cotech-367959":{"time":"2026-01-03 05:12:55","model":"Cotech-367959","id":13,"humidity":92,"temperature":56.49803921568633,"wind_avg_mph":4.522127725490197,"wind_dir_deg":118.41176470588235,"rain_in":0}}