{"Cotech-367959":{"time":"2026-01-02 02:39:51","model":"Cotech-367959","id":13,"humidity":93,"temperature":55.760714285714236,"wind_avg_mph":0.07589617857142858,"wind_dir_deg":273.01785714285717,"rain_in":0}}