{"Cotech-367959":{"time":"2026-01-08 00:27:22","model":"Cotech-367959","id":13,"humidity":83,"temperature":55.61304347826088,"wind_avg_mph":2.40227904347826,"wind_dir_deg":151.7826086956522,"rain_in":0}}