{"Cotech-367959":{"time":"2026-01-01 12:51:34","model":"Cotech-367959","id":13,"humidity":98,"temperature":49.202222222222254,"wind_avg_mph":0.009941955555555557,"wind_dir_deg":259.02222222222224,"rain_in":0}}