{"Cotech-367959":{"time":"2026-01-07 07:40:09","model":"Cotech-367959","id":13,"humidity":97,"temperature":46.47954545454548,"wind_avg_mph":1.0269588181818181,"wind_dir_deg":281.52272727272725,"rain_in":0}}