{"Cotech-367959":{"time":"2026-01-06 02:40:57","model":"Cotech-367959","id":13,"humidity":98,"temperature":51.543137254901964,"wind_avg_mph":0.7763497647058821,"wind_dir_deg":153.09803921568627,"rain_in":0}}