{"Cotech-367959":{"time":"2026-01-02 05:04:07","model":"Cotech-367959","id":13,"humidity":96,"temperature":55.09565217391304,"wind_avg_mph":1.5901725652173908,"wind_dir_deg":120.41304347826087,"rain_in":0}}