{"Cotech-367959":{"time":"2026-01-07 13:51:38","model":"Cotech-367959","id":13,"humidity":98,"temperature":48.501724137931035,"wind_avg_mph":0.26997551724137936,"wind_dir_deg":295.55172413793105,"rain_in":0}}