{"Cotech-367959":{"time":"2026-01-05 16:26:16","model":"Cotech-367959","id":13,"humidity":84,"temperature":52.07884615384608,"wind_avg_mph":2.456332192307693,"wind_dir_deg":110.51923076923077,"rain_in":0}}