{"Cotech-367959":{"time":"2026-01-06 09:56:09","model":"Cotech-367959","id":13,"humidity":98,"temperature":49.47843137254906,"wind_avg_mph":0.6666958431372545,"wind_dir_deg":285.7450980392157,"rain_in":0}}