{"Cotech-367959":{"time":"2026-01-09 19:58:52","model":"Cotech-367959","id":13,"humidity":33,"temperature":55.61379310344828,"wind_avg_mph":1.3383072068965516,"wind_dir_deg":154.70689655172413,"rain_in":0}}