{"Cotech-367959":{"time":"2026-01-05 17:35:04","model":"Cotech-367959","id":13,"humidity":80,"temperature":54.21000000000003,"wind_avg_mph":3.52989132,"wind_dir_deg":110.86,"rain_in":0}}