{"Cotech-367959":{"time":"2026-01-06 01:53:13","model":"Cotech-367959","id":13,"humidity":97,"temperature":51.90943396226419,"wind_avg_mph":1.308398867924528,"wind_dir_deg":94.35849056603773,"rain_in":0}}