{"Cotech-367959":{"time":"2026-01-02 04:55:51","model":"Cotech-367959","id":13,"humidity":96,"temperature":55.259090909090894,"wind_avg_mph":1.9166508636363637,"wind_dir_deg":111.43181818181819,"rain_in":0}}