{"Cotech-367959":{"time":"2026-01-03 00:28:55","model":"Cotech-367959","id":13,"humidity":70,"temperature":59.78749999999998,"wind_avg_mph":0.23168307142857145,"wind_dir_deg":153.41071428571428,"rain_in":0}}