{"Cotech-367959":{"time":"2026-01-02 08:45:43","model":"Cotech-367959","id":13,"humidity":97,"temperature":53.64999999999994,"wind_avg_mph":0.21171039285714288,"wind_dir_deg":256.8392857142857,"rain_in":0}}