{"Cotech-367959":{"time":"2026-01-06 18:21:45","model":"Cotech-367959","id":13,"humidity":89,"temperature":55.20000000000002,"wind_avg_mph":0.26241026923076927,"wind_dir_deg":160.07692307692307,"rain_in":0}}