{"Cotech-367959":{"time":"2026-01-07 17:13:46","model":"Cotech-367959","id":13,"humidity":98,"temperature":49.01568627450977,"wind_avg_mph":0.2982586666666667,"wind_dir_deg":101.41176470588235,"rain_in":0}}