{"Cotech-367959":{"time":"2026-01-03 17:20:39","model":"Cotech-367959","id":13,"humidity":86,"temperature":57.90576923076924,"wind_avg_mph":2.989756346153847,"wind_dir_deg":111.9423076923077,"rain_in":0}}