{"Cotech-367959":{"time":"2026-01-06 01:43:53","model":"Cotech-367959","id":13,"humidity":97,"temperature":51.86976744186047,"wind_avg_mph":2.4554318139534885,"wind_dir_deg":101.83720930232558,"rain_in":0}}