{"Cotech-367959":{"time":"2026-01-06 08:06:01","model":"Cotech-367959","id":13,"humidity":97,"temperature":50.471111111111114,"wind_avg_mph":0.7406756888888887,"wind_dir_deg":288.0888888888889,"rain_in":0}}