{"Cotech-367959":{"time":"2026-01-01 09:14:30","model":"Cotech-367959","id":13,"humidity":97,"temperature":49.56862745098037,"wind_avg_mph":0.31580329411764707,"wind_dir_deg":242.8235294117647,"rain_in":0}}