{"Cotech-367959":{"time":"2025-12-31 03:10:29","model":"Cotech-367959","id":13,"humidity":91,"temperature":44.13333333333334,"wind_avg_mph":0,"wind_dir_deg":244.98039215686273,"rain_in":0}}