{"Cotech-367959":{"time":"2025-12-31 17:53:42","model":"Cotech-367959","id":13,"humidity":82,"temperature":50.4982142857143,"wind_avg_mph":0,"wind_dir_deg":217.23214285714286,"rain_in":0}}