{"Cotech-367959":{"time":"2026-01-07 07:04:57","model":"Cotech-367959","id":13,"humidity":97,"temperature":46.61403508771929,"wind_avg_mph":0.25116519298245615,"wind_dir_deg":307.43859649122805,"rain_in":0}}