{"Cotech-367959":{"time":"2026-01-08 08:23:22","model":"Cotech-367959","id":13,"humidity":93,"temperature":48.09821428571423,"wind_avg_mph":1.2822459642857142,"wind_dir_deg":148.14285714285714,"rain_in":0}}