{"Cotech-367959":{"time":"2026-01-03 03:17:27","model":"Cotech-367959","id":13,"humidity":83,"temperature":57.942307692307686,"wind_avg_mph":4.151244423076923,"wind_dir_deg":109.84615384615384,"rain_in":0}}