{"Cotech-367959":{"time":"2026-01-06 08:34:49","model":"Cotech-367959","id":13,"humidity":97,"temperature":50.14210526315786,"wind_avg_mph":0.8594558947368418,"wind_dir_deg":283.2280701754386,"rain_in":0}}