{"Cotech-367959":{"time":"2026-01-01 17:22:14","model":"Cotech-367959","id":13,"humidity":98,"temperature":50.2,"wind_avg_mph":0.9123206274509805,"wind_dir_deg":149.37254901960785,"rain_in":0}}