{"Cotech-367959":{"time":"2026-01-07 16:37:30","model":"Cotech-367959","id":13,"humidity":98,"temperature":48.27692307692309,"wind_avg_mph":0.07313073076923078,"wind_dir_deg":60.51923076923077,"rain_in":0}}