{"Cotech-367959":{"time":"2026-01-07 08:34:49","model":"Cotech-367959","id":13,"humidity":97,"temperature":46.34222222222223,"wind_avg_mph":1.585741911111111,"wind_dir_deg":277.6,"rain_in":0}}