{"Cotech-367959":{"time":"2026-01-05 22:56:25","model":"Cotech-367959","id":13,"humidity":90,"temperature":54.00000000000002,"wind_avg_mph":2.32327803508772,"wind_dir_deg":100.66666666666667,"rain_in":0}}