{"Cotech-367959":{"time":"2026-01-09 22:20:28","model":"Cotech-367959","id":13,"humidity":28,"temperature":63.68965517241378,"wind_avg_mph":1.1416107586206892,"wind_dir_deg":209.8448275862069,"rain_in":0}}