{"Cotech-367959":{"time":"2026-01-09 01:04:27","model":"Cotech-367959","id":13,"humidity":46,"temperature":49.973170731707356,"wind_avg_mph":0.33281302439024396,"wind_dir_deg":84.29268292682927,"rain_in":0}}