{"Cotech-367959":{"time":"2026-01-07 09:04:57","model":"Cotech-367959","id":13,"humidity":97,"temperature":46.435714285714326,"wind_avg_mph":0.7669508571428567,"wind_dir_deg":291.23214285714283,"rain_in":0}}