{"Cotech-367959":{"time":"2026-01-07 23:53:14","model":"Cotech-367959","id":13,"humidity":74,"temperature":59.14423076923075,"wind_avg_mph":2.370296038461538,"wind_dir_deg":161.75,"rain_in":0}}