{"Cotech-367959":{"time":"2026-01-07 12:39:06","model":"Cotech-367959","id":13,"humidity":97,"temperature":46.28275862068969,"wind_avg_mph":0.7983561724137931,"wind_dir_deg":281.08620689655174,"rain_in":0}}