{"Cotech-367959":{"time":"2026-01-02 19:28:55","model":"Cotech-367959","id":13,"humidity":74,"temperature":58.35964912280701,"wind_avg_mph":2.2212421754385963,"wind_dir_deg":105.9298245614035,"rain_in":0}}