{"Cotech-367959":{"time":"2026-01-09 19:09:00","model":"Cotech-367959","id":13,"humidity":35,"temperature":53.86346153846154,"wind_avg_mph":1.0496410769230764,"wind_dir_deg":129.1346153846154,"rain_in":0}}