{"Cotech-367959":{"time":"2026-01-09 12:01:47","model":"Cotech-367959","id":13,"humidity":71,"temperature":39.28103448275859,"wind_avg_mph":0.7366474827586207,"wind_dir_deg":286.62068965517244,"rain_in":0}}