{"Cotech-367959":{"time":"2026-01-07 08:26:33","model":"Cotech-367959","id":13,"humidity":97,"temperature":46.3391304347826,"wind_avg_mph":1.4151076956521733,"wind_dir_deg":275.8478260869565,"rain_in":0}}