{"Cotech-367959":{"time":"2025-12-31 18:12:54","model":"Cotech-367959","id":13,"humidity":87,"temperature":49.419607843137285,"wind_avg_mph":0,"wind_dir_deg":218.2156862745098,"rain_in":0}}