{"Cotech-367959":{"time":"2026-01-02 22:13:11","model":"Cotech-367959","id":13,"humidity":70,"temperature":59.93333333333335,"wind_avg_mph":0.3767477894736842,"wind_dir_deg":101.33333333333333,"rain_in":0}}