{"Cotech-367959":{"time":"2026-01-03 18:27:19","model":"Cotech-367959","id":13,"humidity":87,"temperature":58.095833333333296,"wind_avg_mph":4.897966541666666,"wind_dir_deg":116.89583333333333,"rain_in":0}}