{"Cotech-367959":{"time":"2026-01-03 03:08:07","model":"Cotech-367959","id":13,"humidity":82,"temperature":57.955102040816314,"wind_avg_mph":4.665617714285713,"wind_dir_deg":101.61224489795919,"rain_in":0}}