{"Cotech-367959":{"time":"2026-01-08 11:30:02","model":"Cotech-367959","id":13,"humidity":81,"temperature":44.74666666666668,"wind_avg_mph":0.7854144888888889,"wind_dir_deg":181.17777777777778,"rain_in":0}}