{"Cotech-367959":{"time":"2026-01-02 22:21:11","model":"Cotech-367959","id":13,"humidity":69,"temperature":60.011363636363654,"wind_avg_mph":0.6761659545454543,"wind_dir_deg":104.93181818181819,"rain_in":0}}