{"Cotech-367959":{"time":"2026-01-05 20:02:49","model":"Cotech-367959","id":13,"humidity":78,"temperature":56.312500000000036,"wind_avg_mph":3.0358471428571425,"wind_dir_deg":106.75,"rain_in":0}}