{"Cotech-367959":{"time":"2026-01-05 15:26:48","model":"Cotech-367959","id":13,"humidity":86,"temperature":51.517391304347804,"wind_avg_mph":2.616247217391304,"wind_dir_deg":103.78260869565217,"rain_in":0}}