{"Cotech-367959":{"time":"2025-12-31 10:09:09","model":"Cotech-367959","id":13,"humidity":77,"temperature":46.43928571428575,"wind_avg_mph":0,"wind_dir_deg":240.83928571428572,"rain_in":0}}