{"Cotech-367959":{"time":"2025-12-31 20:43:50","model":"Cotech-367959","id":13,"humidity":91,"temperature":51.847727272727255,"wind_avg_mph":0,"wind_dir_deg":184.0909090909091,"rain_in":0}}