{"Cotech-367959":{"time":"2026-01-08 17:33:31","model":"Cotech-367959","id":13,"humidity":73,"temperature":46.20566037735852,"wind_avg_mph":0.725950339622641,"wind_dir_deg":215.62264150943398,"rain_in":0}}