{"Cotech-367959":{"time":"2026-01-01 19:05:26","model":"Cotech-367959","id":13,"humidity":98,"temperature":53.35600000000005,"wind_avg_mph":0.39817532,"wind_dir_deg":70.64,"rain_in":0}}