{"Cotech-367959":{"time":"2026-01-02 17:33:11","model":"Cotech-367959","id":13,"humidity":83,"temperature":55.11555555555553,"wind_avg_mph":2.495430844444444,"wind_dir_deg":117.22222222222223,"rain_in":0}}