{"Cotech-367959":{"time":"2026-01-03 02:48:55","model":"Cotech-367959","id":13,"humidity":82,"temperature":57.961818181818195,"wind_avg_mph":3.4448875999999986,"wind_dir_deg":106.94545454545455,"rain_in":0}}