{"Cotech-367959":{"time":"2026-01-04 14:32:56","model":"Cotech-367959","id":13,"humidity":98,"temperature":51.569230769230714,"wind_avg_mph":0.7485145384615384,"wind_dir_deg":103.40384615384616,"rain_in":0}}