{"Cotech-367959":{"time":"2026-01-08 01:57:14","model":"Cotech-367959","id":13,"humidity":85,"temperature":50.346666666666664,"wind_avg_mph":0,"wind_dir_deg":116.5111111111111,"rain_in":0}}