{"Cotech-367959":{"time":"2026-01-01 22:07:19","model":"Cotech-367959","id":13,"humidity":92,"temperature":59.28666666666664,"wind_avg_mph":1.4167286666666665,"wind_dir_deg":94.44444444444444,"rain_in":0}}