{"Cotech-367959":{"time":"2026-01-04 10:39:04","model":"Cotech-367959","id":13,"humidity":96,"temperature":52.67555555555555,"wind_avg_mph":2.1126655555555547,"wind_dir_deg":108.55555555555556,"rain_in":0}}