{"Cotech-367959":{"time":"2026-01-03 08:37:11","model":"Cotech-367959","id":13,"humidity":93,"temperature":55.43400000000001,"wind_avg_mph":3.019869,"wind_dir_deg":103.9,"rain_in":0}}