{"Cotech-367959":{"time":"2026-01-07 07:48:25","model":"Cotech-367959","id":13,"humidity":97,"temperature":46.38913043478264,"wind_avg_mph":0.8121064782608692,"wind_dir_deg":282.2826086956522,"rain_in":0}}