{"Cotech-367959":{"time":"2026-01-09 04:22:03","model":"Cotech-367959","id":13,"humidity":44,"temperature":48.20392156862744,"wind_avg_mph":2.302732352941176,"wind_dir_deg":263.6666666666667,"rain_in":0}}