{"Cotech-367959":{"time":"2026-01-06 20:55:05","model":"Cotech-367959","id":13,"humidity":75,"temperature":61.86923076923079,"wind_avg_mph":1.3808802692307691,"wind_dir_deg":222.5,"rain_in":0}}