{"Cotech-367959":{"time":"2026-01-04 05:26:47","model":"Cotech-367959","id":13,"humidity":86,"temperature":54.749999999999964,"wind_avg_mph":2.189005571428571,"wind_dir_deg":104.21428571428571,"rain_in":0}}