{"Cotech-367959":{"time":"2026-01-06 23:34:33","model":"Cotech-367959","id":13,"humidity":66,"temperature":64.67719298245615,"wind_avg_mph":0.3885211578947368,"wind_dir_deg":235.6315789473684,"rain_in":0}}