{"Cotech-367959":{"time":"2026-01-03 13:02:47","model":"Cotech-367959","id":13,"humidity":91,"temperature":54.71454545454548,"wind_avg_mph":2.2938802909090907,"wind_dir_deg":106.7090909090909,"rain_in":0}}