{"Cotech-367959":{"time":"2026-01-06 15:30:17","model":"Cotech-367959","id":13,"humidity":97,"temperature":49.0264150943396,"wind_avg_mph":0.40940222641509416,"wind_dir_deg":298.75471698113205,"rain_in":0}}