{"Cotech-367959":{"time":"2026-01-01 06:08:22","model":"Cotech-367959","id":13,"humidity":97,"temperature":50,"wind_avg_mph":0.33554100000000003,"wind_dir_deg":230.38636363636363,"rain_in":0}}