{"Cotech-367959":{"time":"2026-01-02 13:13:11","model":"Cotech-367959","id":13,"humidity":97,"temperature":51.69772727272728,"wind_avg_mph":0.2745335454545455,"wind_dir_deg":298.47727272727275,"rain_in":0}}