{"Cotech-367959":{"time":"2025-12-31 03:55:01","model":"Cotech-367959","id":13,"humidity":92,"temperature":42.771739130434774,"wind_avg_mph":0,"wind_dir_deg":68.15217391304348,"rain_in":0}}