{"Cotech-367959":{"time":"2026-01-09 08:32:59","model":"Cotech-367959","id":13,"humidity":67,"temperature":40.61754385964914,"wind_avg_mph":1.828796561403509,"wind_dir_deg":273.57894736842104,"rain_in":0}}