{"Cotech-367959":{"time":"2026-01-07 20:22:02","model":"Cotech-367959","id":13,"humidity":71,"temperature":56.40961538461541,"wind_avg_mph":1.7766465769230775,"wind_dir_deg":102,"rain_in":0}}