{"Cotech-367959":{"time":"2026-01-03 12:33:11","model":"Cotech-367959","id":13,"humidity":89,"temperature":55.36122448979596,"wind_avg_mph":2.8167183265306126,"wind_dir_deg":106.48979591836735,"rain_in":0}}