{"Cotech-367959":{"time":"2026-01-03 20:07:03","model":"Cotech-367959","id":13,"humidity":84,"temperature":59.775,"wind_avg_mph":2.7588926666666658,"wind_dir_deg":110.95833333333333,"rain_in":0}}