{"Cotech-367959":{"time":"2026-01-09 10:14:03","model":"Cotech-367959","id":13,"humidity":75,"temperature":38.649056603773566,"wind_avg_mph":0.5318008301886792,"wind_dir_deg":272.811320754717,"rain_in":0}}