{"Cotech-367959":{"time":"2026-01-08 19:27:39","model":"Cotech-367959","id":13,"humidity":55,"temperature":51.98604651162787,"wind_avg_mph":0.8427541395348833,"wind_dir_deg":225.51162790697674,"rain_in":0}}