{"Cotech-367959":{"time":"2026-01-05 00:06:16","model":"Cotech-367959","id":13,"humidity":98,"temperature":51.644444444444424,"wind_avg_mph":1.2278315111111113,"wind_dir_deg":84.55555555555556,"rain_in":0}}