{"Cotech-367959":{"time":"2026-01-05 22:36:57","model":"Cotech-367959","id":13,"humidity":91,"temperature":53.91454545454546,"wind_avg_mph":1.045261054545454,"wind_dir_deg":97.65454545454546,"rain_in":0}}