{"Cotech-367959":{"time":"2026-01-09 04:58:03","model":"Cotech-367959","id":13,"humidity":43,"temperature":48.843181818181826,"wind_avg_mph":2.079337409090908,"wind_dir_deg":250.20454545454547,"rain_in":0}}