{"Cotech-367959":{"time":"2026-01-04 02:31:51","model":"Cotech-367959","id":13,"humidity":85,"temperature":54.91333333333334,"wind_avg_mph":1.486322355555555,"wind_dir_deg":101.46666666666667,"rain_in":0}}