{"Cotech-367959":{"time":"2026-01-05 03:01:12","model":"Cotech-367959","id":13,"humidity":98,"temperature":49.39791666666665,"wind_avg_mph":0,"wind_dir_deg":83.95833333333333,"rain_in":0}}