{"Cotech-367959":{"time":"2026-01-02 03:51:51","model":"Cotech-367959","id":13,"humidity":93,"temperature":55.9040816326531,"wind_avg_mph":1.4517284081632646,"wind_dir_deg":102.20408163265306,"rain_in":0}}