{"Cotech-367959":{"time":"2026-01-01 21:03:18","model":"Cotech-367959","id":13,"humidity":97,"temperature":57.907142857142844,"wind_avg_mph":1.7735738571428568,"wind_dir_deg":109.33928571428571,"rain_in":0}}