{"Cotech-367959":{"time":"2026-01-03 05:48:39","model":"Cotech-367959","id":13,"humidity":95,"temperature":55.64821428571427,"wind_avg_mph":3.331442785714288,"wind_dir_deg":108.5,"rain_in":0}}