{"Cotech-367959":{"time":"2026-01-01 01:49:42","model":"Cotech-367959","id":13,"humidity":97,"temperature":50.01403508771929,"wind_avg_mph":0.09026249122807019,"wind_dir_deg":149.52631578947367,"rain_in":0}}