{"Cotech-367959":{"time":"2026-01-08 15:56:27","model":"Cotech-367959","id":13,"humidity":93,"temperature":37.79298245614034,"wind_avg_mph":0,"wind_dir_deg":281.280701754386,"rain_in":0}}