{"Cotech-367959":{"time":"2025-12-31 21:09:58","model":"Cotech-367959","id":13,"humidity":92,"temperature":51.5829268292683,"wind_avg_mph":0,"wind_dir_deg":172.26829268292684,"rain_in":0}}