{"Cotech-367959":{"time":"2026-01-02 07:10:31","model":"Cotech-367959","id":13,"humidity":97,"temperature":54.180392156862716,"wind_avg_mph":0.6140619607843135,"wind_dir_deg":123.94117647058823,"rain_in":0}}