{"Cotech-367959":{"time":"2026-01-07 14:41:14","model":"Cotech-367959","id":13,"humidity":98,"temperature":48.020338983050834,"wind_avg_mph":0,"wind_dir_deg":15.203389830508474,"rain_in":0}}