{"Cotech-367959":{"time":"2026-01-03 14:53:43","model":"Cotech-367959","id":13,"humidity":88,"temperature":56.44736842105269,"wind_avg_mph":2.4056916140350864,"wind_dir_deg":105.26315789473684,"rain_in":0}}