{"Cotech-367959":{"time":"2026-01-02 10:07:51","model":"Cotech-367959","id":13,"humidity":97,"temperature":53.87500000000004,"wind_avg_mph":0.14779782142857142,"wind_dir_deg":287.01785714285717,"rain_in":0}}