{"Cotech-367959":{"time":"2026-01-07 01:15:53","model":"Cotech-367959","id":13,"humidity":87,"temperature":54.73793103448271,"wind_avg_mph":0.5399510344827585,"wind_dir_deg":289.7068965517241,"rain_in":0}}