{"Cotech-367959":{"time":"2026-01-07 04:44:09","model":"Cotech-367959","id":13,"humidity":96,"temperature":49.05200000000001,"wind_avg_mph":0.6666081199999998,"wind_dir_deg":279.46,"rain_in":0}}