{"Cotech-367959":{"time":"2026-01-06 17:16:25","model":"Cotech-367959","id":13,"humidity":95,"temperature":51.23773584905665,"wind_avg_mph":0.42206415094339594,"wind_dir_deg":286.49056603773585,"rain_in":0}}