{"Cotech-367959":{"time":"2026-01-06 20:10:01","model":"Cotech-367959","id":13,"humidity":81,"temperature":59.273333333333326,"wind_avg_mph":1.1482958666666663,"wind_dir_deg":213.7111111111111,"rain_in":0}}