{"Cotech-367959":{"time":"2025-12-31 11:52:38","model":"Cotech-367959","id":13,"humidity":74,"temperature":47.328571428571465,"wind_avg_mph":0,"wind_dir_deg":300.76785714285717,"rain_in":0}}