{"Cotech-367959":{"time":"2026-01-06 04:30:17","model":"Cotech-367959","id":13,"humidity":97,"temperature":50.804000000000016,"wind_avg_mph":0.10289924,"wind_dir_deg":307.56,"rain_in":0}}