{"Cotech-367959":{"time":"2026-01-03 10:00:23","model":"Cotech-367959","id":13,"humidity":90,"temperature":55.64090909090907,"wind_avg_mph":0.7422573636363636,"wind_dir_deg":121.79545454545455,"rain_in":0}}