{"Cotech-367959":{"time":"2026-01-02 04:01:59","model":"Cotech-367959","id":13,"humidity":94,"temperature":55.54444444444447,"wind_avg_mph":1.1184699999999996,"wind_dir_deg":120.53703703703704,"rain_in":0}}