{"Cotech-367959":{"time":"2026-01-05 07:44:08","model":"Cotech-367959","id":13,"humidity":98,"temperature":48.201923076923045,"wind_avg_mph":0,"wind_dir_deg":39.78846153846154,"rain_in":0}}