{"Cotech-367959":{"time":"2026-01-08 20:28:43","model":"Cotech-367959","id":13,"humidity":46,"temperature":56.40000000000001,"wind_avg_mph":1.546406347826087,"wind_dir_deg":206.2173913043478,"rain_in":0}}