{"Cotech-367959":{"time":"2026-01-07 21:29:14","model":"Cotech-367959","id":13,"humidity":61,"temperature":61.146428571428565,"wind_avg_mph":1.8215082857142846,"wind_dir_deg":121.41071428571429,"rain_in":0}}