{"Cotech-367959":{"time":"2026-01-05 00:15:36","model":"Cotech-367959","id":13,"humidity":98,"temperature":51.661538461538456,"wind_avg_mph":1.002321192307692,"wind_dir_deg":92.42307692307692,"rain_in":0}}