{"Cotech-367959":{"time":"2026-01-04 21:52:08","model":"Cotech-367959","id":13,"humidity":98,"temperature":51.79999999999999,"wind_avg_mph":3.2062806666666654,"wind_dir_deg":102.55555555555556,"rain_in":0}}