{"Cotech-367959":{"time":"2026-01-03 21:15:19","model":"Cotech-367959","id":13,"humidity":69,"temperature":63.92000000000001,"wind_avg_mph":3.749111439999999,"wind_dir_deg":120.14,"rain_in":0}}