{"Cotech-367959":{"time":"2026-01-08 22:37:15","model":"Cotech-367959","id":13,"humidity":33,"temperature":62.49772727272725,"wind_avg_mph":1.10830209090909,"wind_dir_deg":180.45454545454547,"rain_in":0}}