{"Cotech-367959":{"time":"2026-01-01 18:29:10","model":"Cotech-367959","id":13,"humidity":98,"temperature":52.626785714285745,"wind_avg_mph":0.4274153214285713,"wind_dir_deg":125.85714285714286,"rain_in":0}}