{"Cotech-367959":{"time":"2026-01-06 11:05:29","model":"Cotech-367959","id":13,"humidity":98,"temperature":49.03999999999996,"wind_avg_mph":0.44332083636363623,"wind_dir_deg":301.74545454545455,"rain_in":0}}