{"Cotech-367959":{"time":"2026-01-06 22:39:37","model":"Cotech-367959","id":13,"humidity":72,"temperature":61.51333333333332,"wind_avg_mph":0.7158207999999999,"wind_dir_deg":273.26666666666665,"rain_in":0}}