{"Cotech-367959":{"time":"2026-01-03 08:28:07","model":"Cotech-367959","id":13,"humidity":94,"temperature":55.19183673469393,"wind_avg_mph":2.803022775510203,"wind_dir_deg":106.12244897959184,"rain_in":0}}