{"Cotech-367959":{"time":"2026-01-09 20:27:56","model":"Cotech-367959","id":13,"humidity":31,"temperature":58.6237288135593,"wind_avg_mph":1.334581152542373,"wind_dir_deg":185.40677966101694,"rain_in":0}}