{"Cotech-367959":{"time":"2026-01-09 21:52:12","model":"Cotech-367959","id":13,"humidity":27,"temperature":64.10909090909091,"wind_avg_mph":1.4438430909090907,"wind_dir_deg":180.29545454545453,"rain_in":0}}