{"Cotech-367959":{"time":"2026-01-09 10:33:47","model":"Cotech-367959","id":13,"humidity":70,"temperature":39.60754716981131,"wind_avg_mph":0.5740072452830186,"wind_dir_deg":282.8867924528302,"rain_in":0}}