{"Cotech-367959":{"time":"2026-01-05 23:06:33","model":"Cotech-367959","id":13,"humidity":91,"temperature":53.59649122807015,"wind_avg_mph":2.4488606315789476,"wind_dir_deg":104.40350877192982,"rain_in":0}}