{"Cotech-367959":{"time":"2026-01-01 15:41:10","model":"Cotech-367959","id":13,"humidity":98,"temperature":49.67592592592591,"wind_avg_mph":1.2013196296296296,"wind_dir_deg":280.6111111111111,"rain_in":0}}