{"Cotech-367959":{"time":"2025-12-31 14:44:54","model":"Cotech-367959","id":13,"humidity":82,"temperature":47.90666666666669,"wind_avg_mph":0,"wind_dir_deg":272.5777777777778,"rain_in":0}}