{"Cotech-367959":{"time":"2025-12-31 09:33:41","model":"Cotech-367959","id":13,"humidity":81,"temperature":45.384444444444476,"wind_avg_mph":0,"wind_dir_deg":299.4222222222222,"rain_in":0}}