{"Cotech-367959":{"time":"2025-12-31 19:52:06","model":"Cotech-367959","id":13,"humidity":90,"temperature":51.43214285714287,"wind_avg_mph":0,"wind_dir_deg":70.30357142857143,"rain_in":0}}