{"Cotech-367959":{"time":"2026-01-06 21:14:49","model":"Cotech-367959","id":13,"humidity":70,"temperature":64.8596153846154,"wind_avg_mph":0.6882892307692307,"wind_dir_deg":209.23076923076923,"rain_in":0}}