{"Cotech-367959":{"time":"2026-01-04 02:05:11","model":"Cotech-367959","id":13,"humidity":81,"temperature":55.920000000000044,"wind_avg_mph":3.221193600000001,"wind_dir_deg":101.3,"rain_in":0}}