{"Cotech-367959":{"time":"2026-01-08 15:02:34","model":"Cotech-367959","id":13,"humidity":90,"temperature":39.4063829787234,"wind_avg_mph":0.4711852340425528,"wind_dir_deg":293.8510638297872,"rain_in":0}}