{"Cotech-367959":{"time":"2026-01-07 02:05:13","model":"Cotech-367959","id":13,"humidity":91,"temperature":52.48793103448276,"wind_avg_mph":0,"wind_dir_deg":29.362068965517242,"rain_in":0}}