{"Cotech-367959":{"time":"2026-01-02 13:05:11","model":"Cotech-367959","id":13,"humidity":97,"temperature":51.902040816326576,"wind_avg_mph":0.43369244897959164,"wind_dir_deg":292.2857142857143,"rain_in":0}}