{"Cotech-367959":{"time":"2026-01-06 19:36:57","model":"Cotech-367959","id":13,"humidity":84,"temperature":58.006976744186005,"wind_avg_mph":1.4930273953488367,"wind_dir_deg":223.69767441860466,"rain_in":0}}