{"Cotech-367959":{"time":"2026-01-02 20:38:47","model":"Cotech-367959","id":13,"humidity":73,"temperature":59.29534883720933,"wind_avg_mph":0.7022951162790695,"wind_dir_deg":151.1627906976744,"rain_in":0}}