{"Cotech-367959":{"time":"2025-12-31 23:40:22","model":"Cotech-367959","id":13,"humidity":94,"temperature":50.0490909090909,"wind_avg_mph":0.3375745818181818,"wind_dir_deg":97.47272727272727,"rain_in":0}}