{"Cotech-367959":{"time":"2026-01-04 04:41:11","model":"Cotech-367959","id":13,"humidity":85,"temperature":54.83636363636361,"wind_avg_mph":1.8556434090909077,"wind_dir_deg":100.97727272727273,"rain_in":0}}