{"Cotech-367959":{"time":"2026-01-05 16:44:40","model":"Cotech-367959","id":13,"humidity":83,"temperature":52.44285714285712,"wind_avg_mph":3.38337175,"wind_dir_deg":102.19642857142857,"rain_in":0}}