{"Cotech-367959":{"time":"2026-01-05 14:19:36","model":"Cotech-367959","id":13,"humidity":89,"temperature":50.86888888888892,"wind_avg_mph":1.376960844444444,"wind_dir_deg":111.91111111111111,"rain_in":0}}