{"Cotech-367959":{"time":"2026-01-06 13:44:57","model":"Cotech-367959","id":13,"humidity":97,"temperature":48.74999999999999,"wind_avg_mph":0.04067163636363637,"wind_dir_deg":240.11363636363637,"rain_in":0}}