{"Cotech-367959":{"time":"2026-01-08 11:02:02","model":"Cotech-367959","id":13,"humidity":84,"temperature":45.35263157894739,"wind_avg_mph":0.054942385964912285,"wind_dir_deg":246.03508771929825,"rain_in":0}}