{"Cotech-367959":{"time":"2026-01-09 05:07:39","model":"Cotech-367959","id":13,"humidity":45,"temperature":48.164705882352955,"wind_avg_mph":1.2061931372549015,"wind_dir_deg":187.41176470588235,"rain_in":0}}