{"Cotech-367959":{"time":"2025-12-31 16:44:38","model":"Cotech-367959","id":13,"humidity":75,"temperature":50.60666666666665,"wind_avg_mph":0,"wind_dir_deg":291.9111111111111,"rain_in":0}}