{"Cotech-367959":{"time":"2026-01-03 15:20:23","model":"Cotech-367959","id":13,"humidity":89,"temperature":56.2522727272727,"wind_avg_mph":1.4997665909090907,"wind_dir_deg":101.31818181818181,"rain_in":0}}