{"Cotech-367959":{"time":"2026-01-09 03:44:43","model":"Cotech-367959","id":13,"humidity":44,"temperature":48.45438596491229,"wind_avg_mph":2.201619894736842,"wind_dir_deg":241.42105263157896,"rain_in":0}}