{"Cotech-367959":{"time":"2026-01-01 18:56:22","model":"Cotech-367959","id":13,"humidity":98,"temperature":53.09599999999995,"wind_avg_mph":0.16105968,"wind_dir_deg":84.66,"rain_in":0}}