{"Cotech-367959":{"time":"2026-01-06 18:12:25","model":"Cotech-367959","id":13,"humidity":89,"temperature":54.52931034482758,"wind_avg_mph":0.420390448275862,"wind_dir_deg":115.96551724137932,"rain_in":0}}