{"Cotech-367959":{"time":"2026-01-05 10:52:24","model":"Cotech-367959","id":13,"humidity":97,"temperature":48.067924528301866,"wind_avg_mph":0.30810683018867924,"wind_dir_deg":144.77358490566039,"rain_in":0}}