{"Cotech-367959":{"time":"2026-01-07 05:12:09","model":"Cotech-367959","id":13,"humidity":96,"temperature":48.86346153846158,"wind_avg_mph":0.8173434615384612,"wind_dir_deg":284.7692307692308,"rain_in":0}}