{"Cotech-367959":{"time":"2026-01-06 12:08:25","model":"Cotech-367959","id":13,"humidity":98,"temperature":49.502272727272725,"wind_avg_mph":0.9100278636363633,"wind_dir_deg":271,"rain_in":0}}