{"Cotech-367959":{"time":"2026-01-06 23:42:49","model":"Cotech-367959","id":13,"humidity":68,"temperature":64.26666666666668,"wind_avg_mph":0.3181425777777778,"wind_dir_deg":160.04444444444445,"rain_in":0}}