{"Cotech-367959":{"time":"2026-01-09 14:10:03","model":"Cotech-367959","id":13,"humidity":73,"temperature":37.98545454545457,"wind_avg_mph":0.47179098181818174,"wind_dir_deg":290.1272727272727,"rain_in":0}}