{"Cotech-367959":{"time":"2026-01-04 03:17:43","model":"Cotech-367959","id":13,"humidity":87,"temperature":54.814035087719255,"wind_avg_mph":2.397842701754386,"wind_dir_deg":101.94736842105263,"rain_in":0}}