{"Cotech-367959":{"time":"2025-12-31 17:01:58","model":"Cotech-367959","id":13,"humidity":77,"temperature":50.73913043478261,"wind_avg_mph":0,"wind_dir_deg":175.2173913043478,"rain_in":0}}