{"Cotech-367959":{"time":"2026-01-03 19:49:43","model":"Cotech-367959","id":13,"humidity":84,"temperature":59.53214285714283,"wind_avg_mph":3.443289785714285,"wind_dir_deg":108.05357142857143,"rain_in":0}}