{"Cotech-367959":{"time":"2025-12-31 14:27:50","model":"Cotech-367959","id":13,"humidity":82,"temperature":47.823913043478264,"wind_avg_mph":0,"wind_dir_deg":333.9782608695652,"rain_in":0}}