{"Cotech-367959":{"time":"2026-01-03 00:55:19","model":"Cotech-367959","id":13,"humidity":70,"temperature":59.98000000000004,"wind_avg_mph":1.342164,"wind_dir_deg":124.88888888888889,"rain_in":0}}