{"Cotech-367959":{"time":"2026-01-09 08:03:55","model":"Cotech-367959","id":13,"humidity":67,"temperature":40.86037735849057,"wind_avg_mph":0.8145838113207544,"wind_dir_deg":260.41509433962267,"rain_in":0}}