{"Cotech-367959":{"time":"2026-01-01 04:45:26","model":"Cotech-367959","id":13,"humidity":97,"temperature":50.2872340425532,"wind_avg_mph":0.19513731914893617,"wind_dir_deg":154.06382978723406,"rain_in":0}}