{"Cotech-367959":{"time":"2026-01-08 00:56:10","model":"Cotech-367959","id":13,"humidity":86,"temperature":54.525454545454544,"wind_avg_mph":0.9395147999999997,"wind_dir_deg":128.43636363636364,"rain_in":0}}