{"Cotech-367959":{"time":"2025-12-31 16:17:58","model":"Cotech-367959","id":13,"humidity":74,"temperature":50.02653061224486,"wind_avg_mph":0,"wind_dir_deg":314.2448979591837,"rain_in":0}}