{"Cotech-367959":{"time":"2026-01-01 22:42:31","model":"Cotech-367959","id":13,"humidity":94,"temperature":57.69777777777782,"wind_avg_mph":1.1134990222222216,"wind_dir_deg":135.15555555555557,"rain_in":0}}