{"Cotech-367959":{"time":"2026-01-09 07:54:19","model":"Cotech-367959","id":13,"humidity":66,"temperature":41.11176470588235,"wind_avg_mph":1.3202332156862742,"wind_dir_deg":271.5098039215686,"rain_in":0}}