{"Cotech-367959":{"time":"2026-01-04 06:57:44","model":"Cotech-367959","id":13,"humidity":89,"temperature":54.34035087719305,"wind_avg_mph":1.8130987368421052,"wind_dir_deg":107.56140350877193,"rain_in":0}}