{"Cotech-367959":{"time":"2026-01-06 13:54:17","model":"Cotech-367959","id":13,"humidity":97,"temperature":48.211538461538424,"wind_avg_mph":0.20648676923076925,"wind_dir_deg":208.5,"rain_in":0}}