{"Cotech-367959":{"time":"2026-01-08 07:54:18","model":"Cotech-367959","id":13,"humidity":94,"temperature":48.58979591836732,"wind_avg_mph":0.4519531836734693,"wind_dir_deg":79.12244897959184,"rain_in":0}}