{"Cotech-367959":{"time":"2026-01-06 04:21:13","model":"Cotech-367959","id":13,"humidity":97,"temperature":50.875000000000064,"wind_avg_mph":0.25810846153846156,"wind_dir_deg":297.4423076923077,"rain_in":0}}