{"Cotech-367959":{"time":"2026-01-01 16:55:02","model":"Cotech-367959","id":13,"humidity":98,"temperature":49.53111111111107,"wind_avg_mph":0.7257627555555555,"wind_dir_deg":286.3333333333333,"rain_in":0}}