{"Cotech-367959":{"time":"2026-01-05 20:21:13","model":"Cotech-367959","id":13,"humidity":75,"temperature":56.63999999999998,"wind_avg_mph":4.67073072,"wind_dir_deg":102.78,"rain_in":0}}