{"Cotech-367959":{"time":"2026-01-01 10:26:30","model":"Cotech-367959","id":13,"humidity":97,"temperature":49.14285714285712,"wind_avg_mph":0.22369400000000003,"wind_dir_deg":272.46938775510205,"rain_in":0}}