{"Cotech-367959":{"time":"2026-01-04 04:07:35","model":"Cotech-367959","id":13,"humidity":86,"temperature":55.00545454545452,"wind_avg_mph":2.0213803272727278,"wind_dir_deg":99.78181818181818,"rain_in":0}}