{"Cotech-367959":{"time":"2026-01-01 20:01:26","model":"Cotech-367959","id":13,"humidity":98,"temperature":55.36739130434784,"wind_avg_mph":1.4442851739130431,"wind_dir_deg":102.21739130434783,"rain_in":0}}