{"Cotech-367959":{"time":"2026-01-06 10:55:05","model":"Cotech-367959","id":13,"humidity":98,"temperature":48.90508474576274,"wind_avg_mph":0.5383821694915253,"wind_dir_deg":265.8813559322034,"rain_in":0}}