{"Cotech-367959":{"time":"2026-01-09 11:22:35","model":"Cotech-367959","id":13,"humidity":67,"temperature":40.11724137931034,"wind_avg_mph":0.3509681724137928,"wind_dir_deg":241.86206896551724,"rain_in":0}}