{"Cotech-367959":{"time":"2025-12-31 04:57:41","model":"Cotech-367959","id":13,"humidity":90,"temperature":43.60980392156862,"wind_avg_mph":0,"wind_dir_deg":226.52941176470588,"rain_in":0}}