{"Cotech-367959":{"time":"2026-01-06 22:58:17","model":"Cotech-367959","id":13,"humidity":76,"temperature":59.75576923076926,"wind_avg_mph":0.602253076923077,"wind_dir_deg":274.90384615384613,"rain_in":0}}