{"Cotech-367959":{"time":"2026-01-02 01:46:15","model":"Cotech-367959","id":13,"humidity":90,"temperature":56.562222222222196,"wind_avg_mph":0.6810239555555552,"wind_dir_deg":110.46666666666667,"rain_in":0}}