{"Cotech-367959":{"time":"2026-01-09 04:50:03","model":"Cotech-367959","id":13,"humidity":43,"temperature":48.62727272727272,"wind_avg_mph":2.794141418181818,"wind_dir_deg":270.3272727272727,"rain_in":0}}