{"Cotech-367959":{"time":"2026-01-02 03:04:23","model":"Cotech-367959","id":13,"humidity":94,"temperature":55.54444444444442,"wind_avg_mph":0.0447388,"wind_dir_deg":144.84444444444443,"rain_in":0}}