{"Cotech-367959":{"time":"2026-01-06 12:00:09","model":"Cotech-367959","id":13,"humidity":98,"temperature":49.42500000000002,"wind_avg_mph":1.066848307692307,"wind_dir_deg":282.7692307692308,"rain_in":0}}