{"Cotech-367959":{"time":"2026-01-08 20:20:27","model":"Cotech-367959","id":13,"humidity":46,"temperature":55.666666666666664,"wind_avg_mph":1.1184699999999996,"wind_dir_deg":181.8,"rain_in":0}}