{"Cotech-367959":{"time":"2026-01-04 14:50:16","model":"Cotech-367959","id":13,"humidity":98,"temperature":51.86956521739135,"wind_avg_mph":1.4199706086956514,"wind_dir_deg":103.97826086956522,"rain_in":0}}