{"Cotech-367959":{"time":"2026-01-07 18:09:30","model":"Cotech-367959","id":13,"humidity":98,"temperature":50.87551020408164,"wind_avg_mph":1.4060765714285715,"wind_dir_deg":57.46938775510204,"rain_in":0}}