{"Cotech-367959":{"time":"2026-01-02 13:23:35","model":"Cotech-367959","id":13,"humidity":97,"temperature":51.56666666666665,"wind_avg_mph":0.317880947368421,"wind_dir_deg":220.42105263157896,"rain_in":0}}