{"Cotech-367959":{"time":"2026-01-05 18:19:20","model":"Cotech-367959","id":13,"humidity":80,"temperature":54.638297872340395,"wind_avg_mph":2.708125234042552,"wind_dir_deg":122.17021276595744,"rain_in":0}}