{"Cotech-367959":{"time":"2026-01-09 12:18:35","model":"Cotech-367959","id":13,"humidity":72,"temperature":38.940909090909095,"wind_avg_mph":0.767677136363636,"wind_dir_deg":207.52272727272728,"rain_in":0}}