{"Cotech-367959":{"time":"2026-01-06 12:57:45","model":"Cotech-367959","id":13,"humidity":97,"temperature":49.813999999999986,"wind_avg_mph":0.9439886799999995,"wind_dir_deg":287.48,"rain_in":0}}