{"Cotech-367959":{"time":"2026-01-09 06:00:43","model":"Cotech-367959","id":13,"humidity":49,"temperature":46.11698113207548,"wind_avg_mph":0.434726075471698,"wind_dir_deg":164.8490566037736,"rain_in":0}}