{"Cotech-367959":{"time":"2026-01-02 16:03:35","model":"Cotech-367959","id":13,"humidity":93,"temperature":51.86140350877197,"wind_avg_mph":0.20799617543859653,"wind_dir_deg":158.98245614035088,"rain_in":0}}