{"Cotech-367959":{"time":"2026-01-04 11:46:16","model":"Cotech-367959","id":13,"humidity":97,"temperature":52.09148936170212,"wind_avg_mph":0.2570101276595745,"wind_dir_deg":106.68085106382979,"rain_in":0}}