{"Cotech-367959":{"time":"2026-01-06 19:28:57","model":"Cotech-367959","id":13,"humidity":85,"temperature":57.39607843137257,"wind_avg_mph":2.04833525490196,"wind_dir_deg":262.45098039215685,"rain_in":0}}