{"Cotech-367959":{"time":"2026-01-03 10:09:27","model":"Cotech-367959","id":13,"humidity":90,"temperature":55.60833333333331,"wind_avg_mph":0.45670858333333336,"wind_dir_deg":110.95833333333333,"rain_in":0}}