{"Cotech-367959":{"time":"2026-01-09 18:51:24","model":"Cotech-367959","id":13,"humidity":37,"temperature":53.40851063829789,"wind_avg_mph":1.3564423404255321,"wind_dir_deg":80.91489361702128,"rain_in":0}}