{"Cotech-367959":{"time":"2026-01-03 23:57:27","model":"Cotech-367959","id":13,"humidity":72,"temperature":60.31777777777775,"wind_avg_mph":5.110165155555556,"wind_dir_deg":101.04444444444445,"rain_in":0}}