{"Cotech-367959":{"time":"2026-01-07 11:58:34","model":"Cotech-367959","id":13,"humidity":97,"temperature":46.963043478260886,"wind_avg_mph":0.20424234782608697,"wind_dir_deg":283,"rain_in":0}}