{"Cotech-367959":{"time":"2025-12-31 01:40:21","model":"Cotech-367959","id":13,"humidity":88,"temperature":45.478260869565226,"wind_avg_mph":0,"wind_dir_deg":126.34782608695652,"rain_in":0}}