{"Cotech-367959":{"time":"2026-01-01 06:00:22","model":"Cotech-367959","id":13,"humidity":97,"temperature":50,"wind_avg_mph":0.25165575,"wind_dir_deg":189.08928571428572,"rain_in":0}}