{"Cotech-367959":{"time":"2026-01-07 01:54:49","model":"Cotech-367959","id":13,"humidity":91,"temperature":53.069090909090896,"wind_avg_mph":0.1220149090909091,"wind_dir_deg":310.05454545454546,"rain_in":0}}