{"Cotech-367959":{"time":"2026-01-03 03:33:43","model":"Cotech-367959","id":13,"humidity":87,"temperature":56.82888888888889,"wind_avg_mph":5.194671777777779,"wind_dir_deg":104.44444444444444,"rain_in":0}}