{"Cotech-367959":{"time":"2026-01-08 10:03:54","model":"Cotech-367959","id":13,"humidity":84,"temperature":47.43404255319153,"wind_avg_mph":0.5996902978723402,"wind_dir_deg":170.12765957446808,"rain_in":0}}