{"Cotech-367959":{"time":"2026-01-02 12:28:39","model":"Cotech-367959","id":13,"humidity":96,"temperature":53.19302325581393,"wind_avg_mph":0.24970493023255816,"wind_dir_deg":267.4186046511628,"rain_in":0}}