{"Cotech-367959":{"time":"2026-01-08 03:09:46","model":"Cotech-367959","id":13,"humidity":83,"temperature":49.707999999999956,"wind_avg_mph":0.50107456,"wind_dir_deg":138.5,"rain_in":0}}