{"Cotech-367959":{"time":"2026-01-06 09:29:29","model":"Cotech-367959","id":13,"humidity":98,"temperature":50.03863636363636,"wind_avg_mph":0.1423507272727273,"wind_dir_deg":250.22727272727272,"rain_in":0}}