{"Cotech-367959":{"time":"2026-01-05 23:43:05","model":"Cotech-367959","id":13,"humidity":95,"temperature":52.613043478260835,"wind_avg_mph":1.4783255652173917,"wind_dir_deg":107.3695652173913,"rain_in":0}}