{"Cotech-367959":{"time":"2026-01-06 03:53:29","model":"Cotech-367959","id":13,"humidity":97,"temperature":50.99111111111112,"wind_avg_mph":0.4523589777777778,"wind_dir_deg":287.8,"rain_in":0}}