{"Cotech-367959":{"time":"2026-01-05 01:39:20","model":"Cotech-367959","id":13,"humidity":98,"temperature":50.90181818181823,"wind_avg_mph":1.240484909090908,"wind_dir_deg":82.85454545454546,"rain_in":0}}