{"Cotech-367959":{"time":"2026-01-01 05:05:42","model":"Cotech-367959","id":13,"humidity":97,"temperature":50.14107142857139,"wind_avg_mph":0.07589617857142858,"wind_dir_deg":161.14285714285714,"rain_in":0}}