{"Cotech-367959":{"time":"2026-01-05 09:10:48","model":"Cotech-367959","id":13,"humidity":98,"temperature":47.61428571428566,"wind_avg_mph":0.06790710714285715,"wind_dir_deg":173.125,"rain_in":0}}