{"Cotech-367959":{"time":"2026-01-08 04:04:42","model":"Cotech-367959","id":13,"humidity":79,"temperature":49.16727272727274,"wind_avg_mph":0.46365665454545435,"wind_dir_deg":228.5818181818182,"rain_in":0}}