{"Cotech-367959":{"time":"2026-01-06 17:35:05","model":"Cotech-367959","id":13,"humidity":93,"temperature":52.65434782608698,"wind_avg_mph":0.29663769565217396,"wind_dir_deg":309.39130434782606,"rain_in":0}}