{"Cotech-367959":{"time":"2026-01-08 15:37:46","model":"Cotech-367959","id":13,"humidity":92,"temperature":38.07608695652173,"wind_avg_mph":0,"wind_dir_deg":297.2826086956522,"rain_in":0}}