{"Cotech-367959":{"time":"2026-01-08 14:14:50","model":"Cotech-367959","id":13,"humidity":89,"temperature":40.22926829268295,"wind_avg_mph":0.3764606341463415,"wind_dir_deg":289.3658536585366,"rain_in":0}}