{"Cotech-367959":{"time":"2026-01-04 14:05:12","model":"Cotech-367959","id":13,"humidity":97,"temperature":51.47142857142859,"wind_avg_mph":1.3940929642857145,"wind_dir_deg":101.46428571428571,"rain_in":0}}