{"Cotech-367959":{"time":"2026-01-07 17:50:02","model":"Cotech-367959","id":13,"humidity":98,"temperature":50.80384615384616,"wind_avg_mph":0.2968247307692308,"wind_dir_deg":126.71153846153847,"rain_in":0}}