{"Cotech-367959":{"time":"2026-01-04 21:06:16","model":"Cotech-367959","id":13,"humidity":98,"temperature":51.84782608695656,"wind_avg_mph":2.426593608695653,"wind_dir_deg":101.04347826086956,"rain_in":0}}