{"Cotech-367959":{"time":"2026-01-03 15:29:27","model":"Cotech-367959","id":13,"humidity":89,"temperature":56.205882352941195,"wind_avg_mph":2.320276980392156,"wind_dir_deg":101.43137254901961,"rain_in":0}}