{"Cotech-367959":{"time":"2026-01-06 03:37:13","model":"Cotech-367959","id":13,"humidity":97,"temperature":51.16140350877192,"wind_avg_mph":0.2276184561403509,"wind_dir_deg":174.01754385964912,"rain_in":0}}