{"Cotech-367959":{"time":"2026-01-08 17:23:23","model":"Cotech-367959","id":13,"humidity":76,"temperature":45.0142857142857,"wind_avg_mph":0.4913278928571427,"wind_dir_deg":199.41071428571428,"rain_in":0}}