{"Cotech-367959":{"time":"2026-01-02 05:14:15","model":"Cotech-367959","id":13,"humidity":96,"temperature":54.78333333333329,"wind_avg_mph":2.526913703703704,"wind_dir_deg":105.03703703703704,"rain_in":0}}