{"Cotech-367959":{"time":"2026-01-07 06:17:29","model":"Cotech-367959","id":13,"humidity":97,"temperature":47.85098039215686,"wind_avg_mph":1.1009253725490193,"wind_dir_deg":279.6078431372549,"rain_in":0}}