{"Cotech-367959":{"time":"2025-12-31 23:11:50","model":"Cotech-367959","id":13,"humidity":92,"temperature":50.059090909090884,"wind_avg_mph":0.23386190909090912,"wind_dir_deg":117.63636363636364,"rain_in":0}}