{"Cotech-367959":{"time":"2026-01-09 06:37:15","model":"Cotech-367959","id":13,"humidity":62,"temperature":42.615555555555574,"wind_avg_mph":0.3529394222222223,"wind_dir_deg":187.84444444444443,"rain_in":0}}