{"Cotech-367959":{"time":"2026-01-08 05:04:42","model":"Cotech-367959","id":13,"humidity":84,"temperature":48.0428571428571,"wind_avg_mph":0.4993169642857141,"wind_dir_deg":202.17857142857142,"rain_in":0}}