{"Cotech-367959":{"time":"2026-01-08 16:53:15","model":"Cotech-367959","id":13,"humidity":83,"temperature":42.83392857142858,"wind_avg_mph":0.2436666785714286,"wind_dir_deg":189.10714285714286,"rain_in":0}}