{"Cotech-367959":{"time":"2026-01-01 21:32:39","model":"Cotech-367959","id":13,"humidity":93,"temperature":59.45714285714286,"wind_avg_mph":1.3501530714285717,"wind_dir_deg":99.46428571428571,"rain_in":0}}