{"Cotech-367959":{"time":"2026-01-01 02:37:26","model":"Cotech-367959","id":13,"humidity":97,"temperature":50.305357142857176,"wind_avg_mph":0.14380328571428572,"wind_dir_deg":223.42857142857142,"rain_in":0}}