{"Cotech-367959":{"time":"2026-01-03 08:01:59","model":"Cotech-367959","id":13,"humidity":95,"temperature":55.07058823529412,"wind_avg_mph":3.0264482352941173,"wind_dir_deg":103.6078431372549,"rain_in":0}}