{"Cotech-367959":{"time":"2026-01-01 19:53:10","model":"Cotech-367959","id":13,"humidity":98,"temperature":54.96739130434781,"wind_avg_mph":1.8138665652173913,"wind_dir_deg":99.97826086956522,"rain_in":0}}