{"Cotech-367959":{"time":"2026-01-09 13:14:03","model":"Cotech-367959","id":13,"humidity":68,"temperature":39.20212765957447,"wind_avg_mph":0.6330064255319148,"wind_dir_deg":277.29787234042556,"rain_in":0}}