{"Cotech-367959":{"time":"2025-12-31 11:04:53","model":"Cotech-367959","id":13,"humidity":75,"temperature":47.19607843137257,"wind_avg_mph":0,"wind_dir_deg":281.1764705882353,"rain_in":0}}