{"Cotech-367959":{"time":"2026-01-07 09:25:29","model":"Cotech-367959","id":13,"humidity":97,"temperature":46.60892857142857,"wind_avg_mph":0,"wind_dir_deg":288.1607142857143,"rain_in":0}}