{"Cotech-367959":{"time":"2026-01-02 11:46:15","model":"Cotech-367959","id":13,"humidity":96,"temperature":54.021818181818176,"wind_avg_mph":0.1545522181818182,"wind_dir_deg":252.78181818181818,"rain_in":0}}