{"Cotech-367959":{"time":"2026-01-03 02:11:19","model":"Cotech-367959","id":13,"humidity":85,"temperature":57.04561403508772,"wind_avg_mph":1.8876634035087718,"wind_dir_deg":123.89473684210526,"rain_in":0}}