{"Cotech-367959":{"time":"2026-01-08 18:50:19","model":"Cotech-367959","id":13,"humidity":64,"temperature":50.2232558139535,"wind_avg_mph":1.3109508837209298,"wind_dir_deg":184.65116279069767,"rain_in":0}}