{"Cotech-367959":{"time":"2025-12-31 16:08:54","model":"Cotech-367959","id":13,"humidity":75,"temperature":49.73035714285719,"wind_avg_mph":0,"wind_dir_deg":307.48214285714283,"rain_in":0}}