{"Cotech-367959":{"time":"2026-01-09 16:27:56","model":"Cotech-367959","id":13,"humidity":62,"temperature":41.9362068965517,"wind_avg_mph":0.16584210344827588,"wind_dir_deg":257.5689655172414,"rain_in":0}}