{"Cotech-367959":{"time":"2026-01-02 09:32:07","model":"Cotech-367959","id":13,"humidity":97,"temperature":53.816071428571476,"wind_avg_mph":0.06391257142857144,"wind_dir_deg":260.55357142857144,"rain_in":0}}