{"Cotech-367959":{"time":"2026-01-01 12:08:06","model":"Cotech-367959","id":13,"humidity":98,"temperature":49.201818181818155,"wind_avg_mph":0.06914178181818183,"wind_dir_deg":252.98181818181817,"rain_in":0}}