{"Cotech-367959":{"time":"2026-01-01 17:58:46","model":"Cotech-367959","id":13,"humidity":98,"temperature":51.551111111111105,"wind_avg_mph":0,"wind_dir_deg":340.31111111111113,"rain_in":0}}