{"Cotech-367959":{"time":"2026-01-04 15:55:36","model":"Cotech-367959","id":13,"humidity":98,"temperature":51.843137254902,"wind_avg_mph":0.21930784313725493,"wind_dir_deg":60.705882352941174,"rain_in":0}}