{"Cotech-367959":{"time":"2026-01-05 14:29:44","model":"Cotech-367959","id":13,"humidity":87,"temperature":51.117857142857176,"wind_avg_mph":1.8934099285714279,"wind_dir_deg":113.16071428571429,"rain_in":0}}