{"Cotech-367959":{"time":"2026-01-07 05:02:49","model":"Cotech-367959","id":13,"humidity":96,"temperature":48.99347826086957,"wind_avg_mph":1.3324381739130433,"wind_dir_deg":274.39130434782606,"rain_in":0}}