{"Cotech-367959":{"time":"2026-01-07 08:08:09","model":"Cotech-367959","id":13,"humidity":97,"temperature":46.32456140350879,"wind_avg_mph":0.7103265614035082,"wind_dir_deg":287.140350877193,"rain_in":0}}