{"Cotech-367959":{"time":"2025-12-31 23:20:06","model":"Cotech-367959","id":13,"humidity":93,"temperature":49.991304347826095,"wind_avg_mph":0.1750648695652174,"wind_dir_deg":115.1304347826087,"rain_in":0}}