{"Cotech-367959":{"time":"2026-01-07 22:25:14","model":"Cotech-367959","id":13,"humidity":69,"temperature":59.76491228070175,"wind_avg_mph":1.3617862807017542,"wind_dir_deg":161.42105263157896,"rain_in":0}}