{"Cotech-367959":{"time":"2026-01-01 17:32:22","model":"Cotech-367959","id":13,"humidity":98,"temperature":50.63928571428568,"wind_avg_mph":0.8987705357142858,"wind_dir_deg":109.69642857142857,"rain_in":0}}