{"Cotech-367959":{"time":"2026-01-07 05:40:09","model":"Cotech-367959","id":13,"humidity":97,"temperature":48.38863636363637,"wind_avg_mph":1.2048972272727265,"wind_dir_deg":278.9318181818182,"rain_in":0}}