{"Cotech-367959":{"time":"2026-01-02 05:24:23","model":"Cotech-367959","id":13,"humidity":96,"temperature":54.53928571428571,"wind_avg_mph":1.9812897142857138,"wind_dir_deg":111.55357142857143,"rain_in":0}}