{"Cotech-367959":{"time":"2026-01-09 23:05:32","model":"Cotech-367959","id":13,"humidity":26,"temperature":65.24791666666663,"wind_avg_mph":0.8295319166666665,"wind_dir_deg":145.70833333333334,"rain_in":0}}