{"Cotech-367959":{"time":"2026-01-03 21:53:11","model":"Cotech-367959","id":13,"humidity":64,"temperature":63.675,"wind_avg_mph":5.377259615384615,"wind_dir_deg":107.40384615384616,"rain_in":0}}