{"Cotech-367959":{"time":"2026-01-04 16:47:36","model":"Cotech-367959","id":13,"humidity":98,"temperature":52.03414634146342,"wind_avg_mph":1.5494901463414632,"wind_dir_deg":114.36585365853658,"rain_in":0}}