{"Cotech-367959":{"time":"2026-01-06 13:18:17","model":"Cotech-367959","id":13,"humidity":97,"temperature":49.87636363636368,"wind_avg_mph":1.9929101818181811,"wind_dir_deg":273.41818181818184,"rain_in":0}}