{"Cotech-367959":{"time":"2026-01-07 21:39:38","model":"Cotech-367959","id":13,"humidity":61,"temperature":60.4155172413793,"wind_avg_mph":1.820406344827586,"wind_dir_deg":122.20689655172414,"rain_in":0}}