{"Cotech-367959":{"time":"2026-01-02 07:39:03","model":"Cotech-367959","id":13,"humidity":97,"temperature":53.78035714285717,"wind_avg_mph":0.30757924999999997,"wind_dir_deg":102.5,"rain_in":0}}