{"Cotech-367959":{"time":"2026-01-08 10:41:14","model":"Cotech-367959","id":13,"humidity":82,"temperature":46.29807692307691,"wind_avg_mph":0.21078857692307695,"wind_dir_deg":198.28846153846155,"rain_in":0}}