{"Cotech-367959":{"time":"2026-01-04 03:47:19","model":"Cotech-367959","id":13,"humidity":88,"temperature":54.753703703703685,"wind_avg_mph":1.6528501111111107,"wind_dir_deg":100.14814814814815,"rain_in":0}}