{"Cotech-367959":{"time":"2026-01-07 09:15:21","model":"Cotech-367959","id":13,"humidity":97,"temperature":46.28620689655169,"wind_avg_mph":0,"wind_dir_deg":80.27586206896552,"rain_in":0}}