{"Cotech-367959":{"time":"2026-01-09 22:00:44","model":"Cotech-367959","id":13,"humidity":27,"temperature":63.774999999999984,"wind_avg_mph":1.2070155416666661,"wind_dir_deg":212.1875,"rain_in":0}}