{"Cotech-367959":{"time":"2026-01-02 01:29:42","model":"Cotech-367959","id":13,"humidity":89,"temperature":56.8946428571429,"wind_avg_mph":1.7895519999999998,"wind_dir_deg":105.01785714285714,"rain_in":0}}