{"Cotech-367959":{"time":"2026-01-02 11:01:11","model":"Cotech-367959","id":13,"humidity":96,"temperature":54.08139534883718,"wind_avg_mph":0.431781441860465,"wind_dir_deg":289.3720930232558,"rain_in":0}}