{"Cotech-367959":{"time":"2026-01-03 05:21:59","model":"Cotech-367959","id":13,"humidity":93,"temperature":56.237254901960746,"wind_avg_mph":3.780867215686274,"wind_dir_deg":103.05882352941177,"rain_in":0}}