{"Cotech-367959":{"time":"2026-01-06 03:08:41","model":"Cotech-367959","id":13,"humidity":97,"temperature":51.2318181818182,"wind_avg_mph":0.5033114999999999,"wind_dir_deg":78.04545454545455,"rain_in":0}}