{"Cotech-367959":{"time":"2026-01-04 19:34:00","model":"Cotech-367959","id":13,"humidity":98,"temperature":51.86140350877194,"wind_avg_mph":2.032868280701755,"wind_dir_deg":106.17543859649123,"rain_in":0}}