{"Cotech-367959":{"time":"2026-01-02 10:53:27","model":"Cotech-367959","id":13,"humidity":96,"temperature":53.96428571428574,"wind_avg_mph":0.22768853571428574,"wind_dir_deg":230.5,"rain_in":0}}