{"Cotech-367959":{"time":"2026-01-06 06:06:33","model":"Cotech-367959","id":13,"humidity":98,"temperature":50.591111111111076,"wind_avg_mph":0.6561690666666665,"wind_dir_deg":283.15555555555557,"rain_in":0}}