{"Cotech-367959":{"time":"2026-01-02 23:24:55","model":"Cotech-367959","id":13,"humidity":65,"temperature":60.92941176470589,"wind_avg_mph":2.772051137254903,"wind_dir_deg":106.72549019607843,"rain_in":0}}