{"Cotech-367959":{"time":"2025-12-31 12:00:54","model":"Cotech-367959","id":13,"humidity":74,"temperature":47.36521739130436,"wind_avg_mph":0,"wind_dir_deg":290.67391304347825,"rain_in":0}}