{"Cotech-367959":{"time":"2026-01-06 17:43:21","model":"Cotech-367959","id":13,"humidity":90,"temperature":53.2695652173913,"wind_avg_mph":0.5203316956521736,"wind_dir_deg":223.58695652173913,"rain_in":0}}