{"Cotech-367959":{"time":"2026-01-07 09:44:09","model":"Cotech-367959","id":13,"humidity":97,"temperature":46.99482758620692,"wind_avg_mph":0.3972496896551723,"wind_dir_deg":296.63793103448273,"rain_in":0}}