{"Cotech-367959":{"time":"2026-01-06 02:51:21","model":"Cotech-367959","id":13,"humidity":97,"temperature":51.418965517241425,"wind_avg_mph":0.6209436896551721,"wind_dir_deg":149.86206896551724,"rain_in":0}}