{"Cotech-367959":{"time":"2026-01-05 13:23:20","model":"Cotech-367959","id":13,"humidity":92,"temperature":49.954237288135566,"wind_avg_mph":1.1753413559322032,"wind_dir_deg":110.08474576271186,"rain_in":0}}