{"Cotech-367959":{"time":"2026-01-04 09:26:48","model":"Cotech-367959","id":13,"humidity":91,"temperature":54.23478260869564,"wind_avg_mph":1.5658579999999989,"wind_dir_deg":109.54347826086956,"rain_in":0}}