{"Cotech-367959":{"time":"2026-01-02 20:21:59","model":"Cotech-367959","id":13,"humidity":76,"temperature":58.58444444444445,"wind_avg_mph":0.18889715555555556,"wind_dir_deg":181.13333333333333,"rain_in":0}}