{"Cotech-367959":{"time":"2026-01-09 00:56:11","model":"Cotech-367959","id":13,"humidity":44,"temperature":50.73035714285716,"wind_avg_mph":0.2436666785714286,"wind_dir_deg":95.10714285714286,"rain_in":0}}