{"Cotech-367959":{"time":"2026-01-04 22:35:20","model":"Cotech-367959","id":13,"humidity":98,"temperature":51.38510638297872,"wind_avg_mph":1.3992773617021268,"wind_dir_deg":101.65957446808511,"rain_in":0}}