{"Cotech-367959":{"time":"2026-01-05 11:48:40","model":"Cotech-367959","id":13,"humidity":95,"temperature":49.101999999999954,"wind_avg_mph":1.6284923199999994,"wind_dir_deg":109.78,"rain_in":0}}