{"Cotech-367959":{"time":"2026-01-02 04:37:27","model":"Cotech-367959","id":13,"humidity":95,"temperature":55.43454545454549,"wind_avg_mph":1.651268436363635,"wind_dir_deg":105.94545454545455,"rain_in":0}}