{"Cotech-367959":{"time":"2026-01-05 11:20:08","model":"Cotech-367959","id":13,"humidity":97,"temperature":48.15094339622639,"wind_avg_mph":0.05908898113207548,"wind_dir_deg":170.62264150943398,"rain_in":0}}