{"Cotech-367959":{"time":"2026-01-03 17:48:07","model":"Cotech-367959","id":13,"humidity":84,"temperature":58.834000000000024,"wind_avg_mph":3.8967494799999987,"wind_dir_deg":109.04,"rain_in":0}}