{"Cotech-367959":{"time":"2026-01-02 04:47:35","model":"Cotech-367959","id":13,"humidity":95,"temperature":55.36111111111117,"wind_avg_mph":1.8351192962962963,"wind_dir_deg":105.9074074074074,"rain_in":0}}