{"Cotech-367959":{"time":"2026-01-09 16:08:12","model":"Cotech-367959","id":13,"humidity":61,"temperature":41.530508474576266,"wind_avg_mph":0.3715595254237286,"wind_dir_deg":240.8135593220339,"rain_in":0}}