{"Cotech-367959":{"time":"2026-01-04 08:31:36","model":"Cotech-367959","id":13,"humidity":90,"temperature":54.05714285714286,"wind_avg_mph":0.6750765357142853,"wind_dir_deg":99.375,"rain_in":0}}