{"Cotech-367959":{"time":"2026-01-07 19:46:02","model":"Cotech-367959","id":13,"humidity":77,"temperature":54.65263157894737,"wind_avg_mph":1.4245775789473683,"wind_dir_deg":140.12280701754386,"rain_in":0}}