{"Cotech-367959":{"time":"2026-01-01 21:12:22","model":"Cotech-367959","id":13,"humidity":96,"temperature":57.98199999999997,"wind_avg_mph":1.8253430400000001,"wind_dir_deg":99.96,"rain_in":0}}