{"Cotech-367959":{"time":"2025-12-31 10:27:33","model":"Cotech-367959","id":13,"humidity":79,"temperature":46.39333333333336,"wind_avg_mph":0,"wind_dir_deg":309.84444444444443,"rain_in":0}}