{"Cotech-367959":{"time":"2026-01-03 14:25:59","model":"Cotech-367959","id":13,"humidity":86,"temperature":56.584313725490176,"wind_avg_mph":3.1975083529411767,"wind_dir_deg":100.96078431372548,"rain_in":0}}