{"Cotech-367959":{"time":"2026-01-05 04:51:20","model":"Cotech-367959","id":13,"humidity":98,"temperature":49.00350877192982,"wind_avg_mph":0,"wind_dir_deg":133.49122807017545,"rain_in":0}}