{"Cotech-367959":{"time":"2026-01-01 01:19:34","model":"Cotech-367959","id":13,"humidity":96,"temperature":49.95869565217392,"wind_avg_mph":0.024314565217391306,"wind_dir_deg":133.34782608695653,"rain_in":0}}