{"Cotech-367959":{"time":"2026-01-05 11:10:48","model":"Cotech-367959","id":13,"humidity":97,"temperature":48.09122807017538,"wind_avg_mph":0.05101792982456141,"wind_dir_deg":196.35087719298247,"rain_in":0}}