{"Cotech-367959":{"time":"2026-01-09 08:22:35","model":"Cotech-367959","id":13,"humidity":68,"temperature":40.61428571428569,"wind_avg_mph":1.8260734693877554,"wind_dir_deg":270.53061224489795,"rain_in":0}}