{"Cotech-367959":{"time":"2026-01-03 07:44:39","model":"Cotech-367959","id":13,"humidity":96,"temperature":55.19999999999997,"wind_avg_mph":2.9467382692307686,"wind_dir_deg":109.46153846153847,"rain_in":0}}