{"Cotech-367959":{"time":"2026-01-09 06:28:59","model":"Cotech-367959","id":13,"humidity":60,"temperature":43.21875,"wind_avg_mph":0.25165575,"wind_dir_deg":198.64583333333334,"rain_in":0}}