{"Cotech-367959":{"time":"2026-01-08 11:56:58","model":"Cotech-367959","id":13,"humidity":79,"temperature":44.567999999999984,"wind_avg_mph":0.5010745599999998,"wind_dir_deg":207.42,"rain_in":0}}