{"Cotech-367959":{"time":"2026-01-05 22:26:49","model":"Cotech-367959","id":13,"humidity":90,"temperature":53.90192307692313,"wind_avg_mph":0.8603615384615382,"wind_dir_deg":94.21153846153847,"rain_in":0}}