{"Cotech-367959":{"time":"2026-01-06 19:19:37","model":"Cotech-367959","id":13,"humidity":84,"temperature":57.96724137931035,"wind_avg_mph":2.0788114827586206,"wind_dir_deg":239.13793103448276,"rain_in":0}}