{"Cotech-367959":{"time":"2026-01-09 06:11:07","model":"Cotech-367959","id":13,"humidity":52,"temperature":45.43454545454545,"wind_avg_mph":0.4758581454545454,"wind_dir_deg":119.54545454545455,"rain_in":0}}