{"Cotech-367959":{"time":"2026-01-04 13:28:24","model":"Cotech-367959","id":13,"humidity":97,"temperature":51.61785714285712,"wind_avg_mph":1.3102077142857138,"wind_dir_deg":84.94642857142857,"rain_in":0}}