{"Cotech-367959":{"time":"2026-01-05 12:32:56","model":"Cotech-367959","id":13,"humidity":94,"temperature":49.489795918367356,"wind_avg_mph":1.2782514285714281,"wind_dir_deg":95.73469387755102,"rain_in":0}}