{"Cotech-367959":{"time":"2025-12-31 10:55:49","model":"Cotech-367959","id":13,"humidity":75,"temperature":47.16818181818182,"wind_avg_mph":0,"wind_dir_deg":285.6818181818182,"rain_in":0}}