{"Cotech-367959":{"time":"2026-01-04 16:39:36","model":"Cotech-367959","id":13,"humidity":98,"temperature":52.145283018867914,"wind_avg_mph":0.780818679245283,"wind_dir_deg":120.49056603773585,"rain_in":0}}