{"Cotech-367959":{"time":"2026-01-01 01:59:50","model":"Cotech-367959","id":13,"humidity":97,"temperature":50.04821428571425,"wind_avg_mph":0.00798907142857143,"wind_dir_deg":256.89285714285717,"rain_in":0}}