{"Cotech-367959":{"time":"2025-12-31 06:52:05","model":"Cotech-367959","id":13,"humidity":85,"temperature":43.78666666666663,"wind_avg_mph":0,"wind_dir_deg":287.46666666666664,"rain_in":0}}