{"Cotech-367959":{"time":"2026-01-05 17:09:28","model":"Cotech-367959","id":13,"humidity":81,"temperature":53.49333333333331,"wind_avg_mph":3.549278133333334,"wind_dir_deg":103.64444444444445,"rain_in":0}}