{"Cotech-367959":{"time":"2026-01-06 00:48:57","model":"Cotech-367959","id":13,"humidity":97,"temperature":52.128571428571384,"wind_avg_mph":1.1743935,"wind_dir_deg":106.66071428571429,"rain_in":0}}