{"Cotech-367959":{"time":"2026-01-04 08:12:08","model":"Cotech-367959","id":13,"humidity":90,"temperature":54.005882352941164,"wind_avg_mph":1.552699529411764,"wind_dir_deg":108.62745098039215,"rain_in":0}}