{"Cotech-367959":{"time":"2026-01-08 11:11:22","model":"Cotech-367959","id":13,"humidity":86,"temperature":44.352083333333326,"wind_avg_mph":0.027961750000000004,"wind_dir_deg":129.375,"rain_in":0}}