{"Cotech-367959":{"time":"2026-01-07 00:38:33","model":"Cotech-367959","id":13,"humidity":81,"temperature":57.38448275862065,"wind_avg_mph":0.18512606896551725,"wind_dir_deg":282.7068965517241,"rain_in":0}}