{"Cotech-367959":{"time":"2026-01-09 08:41:31","model":"Cotech-367959","id":13,"humidity":69,"temperature":40.18333333333332,"wind_avg_mph":0.8481730833333333,"wind_dir_deg":212.89583333333334,"rain_in":0}}