{"Cotech-367959":{"time":"2026-01-01 22:52:39","model":"Cotech-367959","id":13,"humidity":94,"temperature":57.971428571428575,"wind_avg_mph":0.9027650714285714,"wind_dir_deg":102.05357142857143,"rain_in":0}}