{"Cotech-367959":{"time":"2026-01-08 16:25:15","model":"Cotech-367959","id":13,"humidity":90,"temperature":40.31800000000001,"wind_avg_mph":0.09395148,"wind_dir_deg":273.66,"rain_in":0}}