{"Cotech-367959":{"time":"2026-01-01 07:35:18","model":"Cotech-367959","id":13,"humidity":97,"temperature":49.17799999999998,"wind_avg_mph":0.7381901999999997,"wind_dir_deg":242.8,"rain_in":0}}