{"Cotech-367959":{"time":"2026-01-09 15:17:31","model":"Cotech-367959","id":13,"humidity":66,"temperature":39.46610169491529,"wind_avg_mph":0.4853022372881353,"wind_dir_deg":243.5084745762712,"rain_in":0}}