{"Cotech-367959":{"time":"2025-12-31 09:51:01","model":"Cotech-367959","id":13,"humidity":79,"temperature":45.910869565217396,"wind_avg_mph":0,"wind_dir_deg":309.2608695652174,"rain_in":0}}