{"Cotech-367959":{"time":"2026-01-02 20:31:03","model":"Cotech-367959","id":13,"humidity":75,"temperature":59.250000000000036,"wind_avg_mph":0.34896264000000005,"wind_dir_deg":179.74,"rain_in":0}}