{"Cotech-367959":{"time":"2026-01-07 14:12:10","model":"Cotech-367959","id":13,"humidity":98,"temperature":48.57017543859644,"wind_avg_mph":0.09811140350877194,"wind_dir_deg":301.5263157894737,"rain_in":0}}