{"Cotech-367959":{"time":"2026-01-09 13:22:19","model":"Cotech-367959","id":13,"humidity":70,"temperature":39.006818181818204,"wind_avg_mph":0.681249909090909,"wind_dir_deg":285.29545454545456,"rain_in":0}}