{"Cotech-367959":{"time":"2026-01-09 10:24:27","model":"Cotech-367959","id":13,"humidity":73,"temperature":38.85925925925927,"wind_avg_mph":0.9776256296296296,"wind_dir_deg":253.14814814814815,"rain_in":0}}