{"Cotech-367959":{"time":"2026-01-01 06:56:54","model":"Cotech-367959","id":13,"humidity":97,"temperature":49.574999999999974,"wind_avg_mph":0.3115737857142857,"wind_dir_deg":286.6607142857143,"rain_in":0}}