{"Cotech-367959":{"time":"2026-01-04 06:28:07","model":"Cotech-367959","id":13,"humidity":89,"temperature":54.1911111111111,"wind_avg_mph":2.3810983555555554,"wind_dir_deg":100.33333333333333,"rain_in":0}}