{"Cotech-367959":{"time":"2026-01-04 18:48:08","model":"Cotech-367959","id":13,"humidity":98,"temperature":51.37391304347827,"wind_avg_mph":1.1816878695652173,"wind_dir_deg":100.30434782608695,"rain_in":0}}