{"Cotech-367959":{"time":"2025-12-31 07:00:21","model":"Cotech-367959","id":13,"humidity":85,"temperature":44.04893617021272,"wind_avg_mph":0,"wind_dir_deg":277.74468085106383,"rain_in":0}}