{"Cotech-367959":{"time":"2026-01-06 15:10:49","model":"Cotech-367959","id":13,"humidity":96,"temperature":49.24999999999996,"wind_avg_mph":0.05991803571428572,"wind_dir_deg":136.71428571428572,"rain_in":0}}