{"Cotech-367959":{"time":"2026-01-03 18:08:07","model":"Cotech-367959","id":13,"humidity":84,"temperature":58.710909090909084,"wind_avg_mph":4.807387418181817,"wind_dir_deg":109.25454545454545,"rain_in":0}}