{"Cotech-367959":{"time":"2026-01-02 15:04:55","model":"Cotech-367959","id":13,"humidity":95,"temperature":50.93090909090909,"wind_avg_mph":0.6263431999999998,"wind_dir_deg":288.3818181818182,"rain_in":0}}