{"Cotech-367959":{"time":"2026-01-09 09:00:27","model":"Cotech-367959","id":13,"humidity":69,"temperature":40.10714285714287,"wind_avg_mph":1.5099345000000004,"wind_dir_deg":278.07142857142856,"rain_in":0}}