{"Cotech-367959":{"time":"2026-01-06 00:03:53","model":"Cotech-367959","id":13,"humidity":96,"temperature":52.38103448275868,"wind_avg_mph":0.563091793103448,"wind_dir_deg":113.03448275862068,"rain_in":0}}