{"Cotech-367959":{"time":"2026-01-08 21:34:03","model":"Cotech-367959","id":13,"humidity":37,"temperature":60.00188679245284,"wind_avg_mph":1.688256603773585,"wind_dir_deg":208.41509433962264,"rain_in":0}}