{"Cotech-367959":{"time":"2026-01-08 16:33:31","model":"Cotech-367959","id":13,"humidity":87,"temperature":41.28636363636365,"wind_avg_mph":0.2440298181818182,"wind_dir_deg":206.36363636363637,"rain_in":0}}