{"Cotech-367959":{"time":"2026-01-06 02:21:45","model":"Cotech-367959","id":13,"humidity":97,"temperature":51.739285714285664,"wind_avg_mph":0.4034481071428569,"wind_dir_deg":122.78571428571429,"rain_in":0}}