{"Cotech-367959":{"time":"2026-01-08 09:26:34","model":"Cotech-367959","id":13,"humidity":84,"temperature":48.27399999999996,"wind_avg_mph":0.47870515999999985,"wind_dir_deg":175.66,"rain_in":0}}