{"Cotech-367959":{"time":"2025-12-31 15:04:06","model":"Cotech-367959","id":13,"humidity":80,"temperature":48.32352941176474,"wind_avg_mph":0,"wind_dir_deg":287.84313725490193,"rain_in":0}}