{"Cotech-367959":{"time":"2026-01-01 09:23:34","model":"Cotech-367959","id":13,"humidity":97,"temperature":49.50000000000002,"wind_avg_mph":0.18342908000000002,"wind_dir_deg":230.96,"rain_in":0}}