{"Cotech-367959":{"time":"2025-12-31 04:13:09","model":"Cotech-367959","id":13,"humidity":93,"temperature":42.63673469387755,"wind_avg_mph":0,"wind_dir_deg":228.30612244897958,"rain_in":0}}