{"Cotech-367959":{"time":"2026-01-01 19:25:42","model":"Cotech-367959","id":13,"humidity":98,"temperature":53.810526315789495,"wind_avg_mph":0.8751537192982451,"wind_dir_deg":98.6140350877193,"rain_in":0}}