{"Cotech-367959":{"time":"2026-01-04 15:28:08","model":"Cotech-367959","id":13,"humidity":98,"temperature":51.83269230769235,"wind_avg_mph":0.5807440384615383,"wind_dir_deg":89.1923076923077,"rain_in":0}}