{"Cotech-367959":{"time":"2026-01-07 16:17:46","model":"Cotech-367959","id":13,"humidity":98,"temperature":47.698214285714286,"wind_avg_mph":0.24766121428571433,"wind_dir_deg":69.96428571428571,"rain_in":0}}