{"Cotech-367959":{"time":"2026-01-05 21:31:37","model":"Cotech-367959","id":13,"humidity":83,"temperature":54.88600000000001,"wind_avg_mph":2.903548119999999,"wind_dir_deg":116,"rain_in":0}}