{"Cotech-367959":{"time":"2026-01-04 16:03:52","model":"Cotech-367959","id":13,"humidity":98,"temperature":51.92391304347828,"wind_avg_mph":0.04862913043478261,"wind_dir_deg":109.23913043478261,"rain_in":0}}