{"Cotech-367959":{"time":"2026-01-06 23:24:09","model":"Cotech-367959","id":13,"humidity":65,"temperature":66.00000000000001,"wind_avg_mph":0.28204895652173917,"wind_dir_deg":162.2608695652174,"rain_in":0}}