{"Cotech-367959":{"time":"2026-01-06 03:45:13","model":"Cotech-367959","id":13,"humidity":97,"temperature":51.0590909090909,"wind_avg_mph":0.04575559090909091,"wind_dir_deg":287.59090909090907,"rain_in":0}}