{"Cotech-367959":{"time":"2026-01-02 00:33:11","model":"Cotech-367959","id":13,"humidity":91,"temperature":57.42666666666671,"wind_avg_mph":0.9991665333333328,"wind_dir_deg":102.4888888888889,"rain_in":0}}