{"Cotech-367959":{"time":"2026-01-01 19:44:54","model":"Cotech-367959","id":13,"humidity":98,"temperature":54.53999999999996,"wind_avg_mph":1.1139961200000001,"wind_dir_deg":103.86,"rain_in":0}}