{"Cotech-367959":{"time":"2026-01-06 19:53:29","model":"Cotech-367959","id":13,"humidity":84,"temperature":58.277777777777764,"wind_avg_mph":1.0737311999999994,"wind_dir_deg":203.9777777777778,"rain_in":0}}