{"Cotech-367959":{"time":"2026-01-03 22:03:19","model":"Cotech-367959","id":13,"humidity":63,"temperature":63.7892857142857,"wind_avg_mph":5.288765285714285,"wind_dir_deg":101.98214285714286,"rain_in":0}}