{"Cotech-367959":{"time":"2025-12-31 22:45:26","model":"Cotech-367959","id":13,"humidity":90,"temperature":50.171999999999954,"wind_avg_mph":1.2884774399999994,"wind_dir_deg":239.7,"rain_in":0}}