{"Cotech-367959":{"time":"2026-01-07 06:54:33","model":"Cotech-367959","id":13,"humidity":97,"temperature":46.644444444444446,"wind_avg_mph":0.0049709777777777785,"wind_dir_deg":289.1111111111111,"rain_in":0}}