{"Cotech-367959":{"time":"2026-01-07 16:07:22","model":"Cotech-367959","id":13,"humidity":98,"temperature":47.342105263157904,"wind_avg_mph":0.16482715789473684,"wind_dir_deg":289.8421052631579,"rain_in":0}}