{"Cotech-367959":{"time":"2026-01-01 02:08:54","model":"Cotech-367959","id":13,"humidity":97,"temperature":50.141176470588206,"wind_avg_mph":0.38159564705882354,"wind_dir_deg":285.8235294117647,"rain_in":0}}