{"Cotech-367959":{"time":"2026-01-01 22:34:31","model":"Cotech-367959","id":13,"humidity":93,"temperature":57.75294117647054,"wind_avg_mph":1.9255228627450984,"wind_dir_deg":111.11764705882354,"rain_in":0}}