{"Cotech-367959":{"time":"2026-01-08 02:05:30","model":"Cotech-367959","id":13,"humidity":86,"temperature":49.69999999999999,"wind_avg_mph":0.02917747826086957,"wind_dir_deg":254.32608695652175,"rain_in":0}}