{"Cotech-367959":{"time":"2026-01-09 10:53:31","model":"Cotech-367959","id":13,"humidity":67,"temperature":40.33571428571428,"wind_avg_mph":1.110480928571428,"wind_dir_deg":281.80357142857144,"rain_in":0}}