{"Cotech-367959":{"time":"2026-01-07 15:28:58","model":"Cotech-367959","id":13,"humidity":98,"temperature":47.60877192982455,"wind_avg_mph":0.3257298596491228,"wind_dir_deg":295.05263157894734,"rain_in":0}}