{"Cotech-367959":{"time":"2025-12-31 09:42:45","model":"Cotech-367959","id":13,"humidity":80,"temperature":45.45490196078433,"wind_avg_mph":0,"wind_dir_deg":263.8235294117647,"rain_in":0}}