{"Cotech-367959":{"time":"2026-01-05 02:15:20","model":"Cotech-367959","id":13,"humidity":98,"temperature":50.39400000000004,"wind_avg_mph":0.3892275599999999,"wind_dir_deg":70.6,"rain_in":0}}