{"Cotech-367959":{"time":"2026-01-08 23:51:55","model":"Cotech-367959","id":13,"humidity":31,"temperature":61.05918367346939,"wind_avg_mph":1.0682529795918365,"wind_dir_deg":150.20408163265307,"rain_in":0}}