{"Cotech-367959":{"time":"2026-01-06 18:31:05","model":"Cotech-367959","id":13,"humidity":88,"temperature":55.84313725490197,"wind_avg_mph":0.539497294117647,"wind_dir_deg":209.76470588235293,"rain_in":0}}