{"Cotech-367959":{"time":"2026-01-06 21:55:37","model":"Cotech-367959","id":13,"humidity":64,"temperature":66.4272727272727,"wind_avg_mph":0.8439364545454544,"wind_dir_deg":226.52272727272728,"rain_in":0}}