{"Cotech-367959":{"time":"2026-01-04 12:44:24","model":"Cotech-367959","id":13,"humidity":97,"temperature":51.42500000000003,"wind_avg_mph":1.1184699999999994,"wind_dir_deg":85.03846153846153,"rain_in":0}}