{"Cotech-367959":{"time":"2025-12-31 04:40:37","model":"Cotech-367959","id":13,"humidity":89,"temperature":44.324444444444445,"wind_avg_mph":0,"wind_dir_deg":265.3777777777778,"rain_in":0}}