{"Cotech-367959":{"time":"2026-01-06 12:48:41","model":"Cotech-367959","id":13,"humidity":97,"temperature":49.798275862068984,"wind_avg_mph":1.797265586206897,"wind_dir_deg":277.94827586206895,"rain_in":0}}