{"Cotech-367959":{"time":"2026-01-03 03:52:55","model":"Cotech-367959","id":13,"humidity":88,"temperature":56.67272727272728,"wind_avg_mph":3.9776860363636364,"wind_dir_deg":106.05454545454545,"rain_in":0}}