{"Cotech-367959":{"time":"2026-01-03 22:13:27","model":"Cotech-367959","id":13,"humidity":60,"temperature":63.86607142857142,"wind_avg_mph":4.897300785714286,"wind_dir_deg":112.28571428571429,"rain_in":0}}