{"Cotech-367959":{"time":"2026-01-03 14:07:51","model":"Cotech-367959","id":13,"humidity":86,"temperature":56.49824561403512,"wind_avg_mph":2.927644280701754,"wind_dir_deg":103.26315789473684,"rain_in":0}}