{"Cotech-367959":{"time":"2026-01-08 15:46:03","model":"Cotech-367959","id":13,"humidity":93,"temperature":37.82380952380951,"wind_avg_mph":0,"wind_dir_deg":114.04761904761905,"rain_in":0}}