{"Cotech-367959":{"time":"2026-01-04 14:23:36","model":"Cotech-367959","id":13,"humidity":98,"temperature":51.451785714285734,"wind_avg_mph":0.543256857142857,"wind_dir_deg":103.73214285714286,"rain_in":0}}