{"Cotech-367959":{"time":"2026-01-05 21:22:33","model":"Cotech-367959","id":13,"humidity":82,"temperature":55.14444444444445,"wind_avg_mph":4.0463759111111095,"wind_dir_deg":103.95555555555555,"rain_in":0}}