{"Cotech-367959":{"time":"2026-01-02 20:58:15","model":"Cotech-367959","id":13,"humidity":73,"temperature":59.40000000000004,"wind_avg_mph":0.9267322857142853,"wind_dir_deg":134.98214285714286,"rain_in":0}}