{"Cotech-367959":{"time":"2026-01-03 09:52:23","model":"Cotech-367959","id":13,"humidity":89,"temperature":55.953333333333376,"wind_avg_mph":0.5269236444444442,"wind_dir_deg":85.66666666666667,"rain_in":0}}