{"Cotech-367959":{"time":"2026-01-01 11:02:14","model":"Cotech-367959","id":13,"humidity":98,"temperature":49.12954545454543,"wind_avg_mph":0.020335818181818184,"wind_dir_deg":215.72727272727272,"rain_in":0}}