{"Cotech-367959":{"time":"2026-01-02 19:37:11","model":"Cotech-367959","id":13,"humidity":75,"temperature":58.365957446808544,"wind_avg_mph":1.808589787234042,"wind_dir_deg":123.80851063829788,"rain_in":0}}