{"Cotech-367959":{"time":"2026-01-08 17:43:55","model":"Cotech-367959","id":13,"humidity":73,"temperature":46.93035714285719,"wind_avg_mph":0.5472513928571425,"wind_dir_deg":178.32142857142858,"rain_in":0}}