{"Cotech-367959":{"time":"2026-01-06 23:15:53","model":"Cotech-367959","id":13,"humidity":69,"temperature":64.25217391304348,"wind_avg_mph":0.4911542173913042,"wind_dir_deg":209.19565217391303,"rain_in":0}}