{"Cotech-367959":{"time":"2026-01-02 01:37:59","model":"Cotech-367959","id":13,"humidity":89,"temperature":56.826086956521706,"wind_avg_mph":0.8218323043478261,"wind_dir_deg":105.17391304347827,"rain_in":0}}