{"Cotech-367959":{"time":"2025-12-31 22:13:58","model":"Cotech-367959","id":13,"humidity":90,"temperature":50.82954545454541,"wind_avg_mph":0,"wind_dir_deg":179.02272727272728,"rain_in":0}}