{"Cotech-367959":{"time":"2026-01-06 19:00:57","model":"Cotech-367959","id":13,"humidity":82,"temperature":57.86603773584904,"wind_avg_mph":1.671374037735849,"wind_dir_deg":262.8867924528302,"rain_in":0}}