{"Cotech-367959":{"time":"2026-01-01 09:31:34","model":"Cotech-367959","id":13,"humidity":97,"temperature":49.36511627906978,"wind_avg_mph":0.35374865116279075,"wind_dir_deg":264.06976744186045,"rain_in":0}}