{"Cotech-367959":{"time":"2026-01-08 13:31:22","model":"Cotech-367959","id":13,"humidity":83,"temperature":42.63793103448274,"wind_avg_mph":0.10413341379310347,"wind_dir_deg":245.94827586206895,"rain_in":0}}