{"Cotech-367959":{"time":"2026-01-06 05:22:33","model":"Cotech-367959","id":13,"humidity":97,"temperature":50.72888888888888,"wind_avg_mph":0.7158207999999999,"wind_dir_deg":284.8666666666667,"rain_in":0}}