{"Cotech-367959":{"time":"2026-01-03 13:31:03","model":"Cotech-367959","id":13,"humidity":89,"temperature":55.122000000000014,"wind_avg_mph":2.2100967199999997,"wind_dir_deg":104.26,"rain_in":0}}