{"Cotech-367959":{"time":"2026-01-09 04:03:23","model":"Cotech-367959","id":13,"humidity":45,"temperature":48.317241379310346,"wind_avg_mph":1.7509840689655174,"wind_dir_deg":255.6551724137931,"rain_in":0}}