{"Cotech-367959":{"time":"2026-01-09 17:55:08","model":"Cotech-367959","id":13,"humidity":52,"temperature":49.1017857142857,"wind_avg_mph":0.5832022142857137,"wind_dir_deg":177.08928571428572,"rain_in":0}}