{"Cotech-367959":{"time":"2026-01-05 06:43:36","model":"Cotech-367959","id":13,"humidity":98,"temperature":49.445454545454545,"wind_avg_mph":1.5760259090909086,"wind_dir_deg":105.6590909090909,"rain_in":0}}