{"Cotech-367959":{"time":"2026-01-05 18:37:28","model":"Cotech-367959","id":13,"humidity":78,"temperature":55.10892857142863,"wind_avg_mph":4.270158678571428,"wind_dir_deg":106,"rain_in":0}}