{"Cotech-367959":{"time":"2026-01-06 20:45:45","model":"Cotech-367959","id":13,"humidity":79,"temperature":60.07999999999999,"wind_avg_mph":0.7727610909090906,"wind_dir_deg":233.72727272727272,"rain_in":0}}