{"Cotech-367959":{"time":"2026-01-02 03:13:27","model":"Cotech-367959","id":13,"humidity":94,"temperature":55.56399999999997,"wind_avg_mph":0.12526864000000001,"wind_dir_deg":152.5,"rain_in":0}}