{"Cotech-367959":{"time":"2026-01-06 11:50:49","model":"Cotech-367959","id":13,"humidity":98,"temperature":49.31020408163265,"wind_avg_mph":1.2599906938775507,"wind_dir_deg":283.42857142857144,"rain_in":0}}