{"Cotech-367959":{"time":"2026-01-01 10:53:58","model":"Cotech-367959","id":13,"humidity":98,"temperature":49.10175438596486,"wind_avg_mph":0.11773368421052634,"wind_dir_deg":238.7719298245614,"rain_in":0}}