{"Cotech-367959":{"time":"2026-01-02 11:25:59","model":"Cotech-367959","id":13,"humidity":96,"temperature":54.15106382978722,"wind_avg_mph":0.33316127659574474,"wind_dir_deg":283.6595744680851,"rain_in":0}}