{"Cotech-367959":{"time":"2026-01-08 13:58:18","model":"Cotech-367959","id":13,"humidity":87,"temperature":40.77555555555552,"wind_avg_mph":0.23363595555555558,"wind_dir_deg":237.88888888888889,"rain_in":0}}