{"Cotech-367959":{"time":"2026-01-08 21:51:39","model":"Cotech-367959","id":13,"humidity":34,"temperature":60.498039215686276,"wind_avg_mph":1.7500765882352938,"wind_dir_deg":189.7450980392157,"rain_in":0}}