{"Cotech-367959":{"time":"2026-01-05 01:00:40","model":"Cotech-367959","id":13,"humidity":97,"temperature":50.80000000000001,"wind_avg_mph":1.1053115294117648,"wind_dir_deg":90.3529411764706,"rain_in":0}}