{"Cotech-367959":{"time":"2026-01-02 06:34:15","model":"Cotech-367959","id":13,"humidity":97,"temperature":54.19019607843134,"wind_avg_mph":1.2983024313725489,"wind_dir_deg":112.25490196078431,"rain_in":0}}