{"Cotech-367959":{"time":"2026-01-09 13:05:31","model":"Cotech-367959","id":13,"humidity":68,"temperature":39.42156862745099,"wind_avg_mph":0.4210710588235293,"wind_dir_deg":216.37254901960785,"rain_in":0}}