{"Cotech-367959":{"time":"2026-01-06 00:38:49","model":"Cotech-367959","id":13,"humidity":96,"temperature":52.18269230769229,"wind_avg_mph":0.7356091153846152,"wind_dir_deg":96.88461538461539,"rain_in":0}}