{"Cotech-367959":{"time":"2025-12-31 14:55:02","model":"Cotech-367959","id":13,"humidity":81,"temperature":48.052727272727225,"wind_avg_mph":0,"wind_dir_deg":295.25454545454545,"rain_in":0}}