{"Cotech-367959":{"time":"2026-01-02 08:08:23","model":"Cotech-367959","id":13,"humidity":97,"temperature":53.58421052631576,"wind_avg_mph":0.10988477192982457,"wind_dir_deg":129.19298245614036,"rain_in":0}}