{"Cotech-367959":{"time":"2026-01-02 20:13:43","model":"Cotech-367959","id":13,"humidity":76,"temperature":58.184782608695684,"wind_avg_mph":0.36471847826086956,"wind_dir_deg":198.54347826086956,"rain_in":0}}