{"Cotech-367959":{"time":"2026-01-02 22:39:19","model":"Cotech-367959","id":13,"humidity":68,"temperature":60.84081632653066,"wind_avg_mph":0.9221671020408159,"wind_dir_deg":128.71428571428572,"rain_in":0}}