{"Cotech-367959":{"time":"2026-01-04 08:41:44","model":"Cotech-367959","id":13,"humidity":90,"temperature":53.755357142857115,"wind_avg_mph":0.30757925,"wind_dir_deg":110.53571428571429,"rain_in":0}}