{"Cotech-367959":{"time":"2026-01-06 10:15:37","model":"Cotech-367959","id":13,"humidity":98,"temperature":49.00892857142859,"wind_avg_mph":1.078524642857143,"wind_dir_deg":282.57142857142856,"rain_in":0}}