{"Cotech-367959":{"time":"2026-01-03 16:14:15","model":"Cotech-367959","id":13,"humidity":90,"temperature":56.18888888888887,"wind_avg_mph":1.8442327555555558,"wind_dir_deg":102.24444444444444,"rain_in":0}}