{"Cotech-367959":{"time":"2026-01-07 02:51:37","model":"Cotech-367959","id":13,"humidity":94,"temperature":50.91333333333337,"wind_avg_mph":0.14912933333333336,"wind_dir_deg":302.97777777777776,"rain_in":0}}