{"Cotech-367959":{"time":"2026-01-01 09:40:38","model":"Cotech-367959","id":13,"humidity":97,"temperature":49.42000000000004,"wind_avg_mph":0.01789552,"wind_dir_deg":181.98,"rain_in":0}}