{"Cotech-367959":{"time":"2026-01-09 09:10:35","model":"Cotech-367959","id":13,"humidity":68,"temperature":39.98113207547167,"wind_avg_mph":1.3041782264150943,"wind_dir_deg":279.6792452830189,"rain_in":0}}