{"Cotech-367959":{"time":"2026-01-07 06:08:09","model":"Cotech-367959","id":13,"humidity":97,"temperature":47.9617021276596,"wind_avg_mph":0.7805492765957441,"wind_dir_deg":285.6170212765957,"rain_in":0}}