{"Cotech-367959":{"time":"2026-01-01 11:20:38","model":"Cotech-367959","id":13,"humidity":98,"temperature":49.205357142857125,"wind_avg_mph":0.3235573928571429,"wind_dir_deg":231.10714285714286,"rain_in":0}}