{"Cotech-367959":{"time":"2026-01-06 15:58:49","model":"Cotech-367959","id":13,"humidity":97,"temperature":49.46938775510205,"wind_avg_mph":0.8719500816326525,"wind_dir_deg":284.7755102040816,"rain_in":0}}