{"Cotech-367959":{"time":"2026-01-05 13:31:36","model":"Cotech-367959","id":13,"humidity":91,"temperature":50.286956521739135,"wind_avg_mph":1.6436646086956515,"wind_dir_deg":96.17391304347827,"rain_in":0}}