{"Cotech-367959":{"time":"2026-01-03 02:59:03","model":"Cotech-367959","id":13,"humidity":83,"temperature":57.71636363636358,"wind_avg_mph":3.587238327272727,"wind_dir_deg":109.2909090909091,"rain_in":0}}