{"Cotech-367959":{"time":"2026-01-03 16:31:19","model":"Cotech-367959","id":13,"humidity":90,"temperature":56.248888888888914,"wind_avg_mph":2.6097633333333325,"wind_dir_deg":103.6,"rain_in":0}}