{"Cotech-367959":{"time":"2026-01-04 20:58:00","model":"Cotech-367959","id":13,"humidity":98,"temperature":51.86888888888892,"wind_avg_mph":3.082006222222222,"wind_dir_deg":101.44444444444444,"rain_in":0}}