{"Cotech-367959":{"time":"2026-01-09 01:13:47","model":"Cotech-367959","id":13,"humidity":47,"temperature":49.270588235294106,"wind_avg_mph":0.13158470588235296,"wind_dir_deg":113.13725490196079,"rain_in":0}}