{"Cotech-367959":{"time":"2026-01-06 14:51:05","model":"Cotech-367959","id":13,"humidity":96,"temperature":49.515999999999984,"wind_avg_mph":1.6777049999999991,"wind_dir_deg":273.5,"rain_in":0}}