{"Cotech-367959":{"time":"2026-01-06 15:00:25","model":"Cotech-367959","id":13,"humidity":96,"temperature":49.517307692307696,"wind_avg_mph":0.5205187307692303,"wind_dir_deg":232.6153846153846,"rain_in":0}}