{"Cotech-367959":{"time":"2026-01-09 09:18:51","model":"Cotech-367959","id":13,"humidity":68,"temperature":40.10444444444444,"wind_avg_mph":1.3371930222222221,"wind_dir_deg":280.55555555555554,"rain_in":0}}