{"Cotech-367959":{"time":"2025-12-31 06:00:37","model":"Cotech-367959","id":13,"humidity":88,"temperature":43.16470588235294,"wind_avg_mph":0,"wind_dir_deg":261.6470588235294,"rain_in":0}}