{"Cotech-367959":{"time":"2026-01-01 06:36:38","model":"Cotech-367959","id":13,"humidity":97,"temperature":49.759999999999955,"wind_avg_mph":0.25053728000000003,"wind_dir_deg":209.46,"rain_in":0}}