{"Cotech-367959":{"time":"2026-01-09 00:08:27","model":"Cotech-367959","id":13,"humidity":33,"temperature":58.79767441860466,"wind_avg_mph":0.7126994883720927,"wind_dir_deg":185.72093023255815,"rain_in":0}}