{"Cotech-367959":{"time":"2026-01-07 21:19:06","model":"Cotech-367959","id":13,"humidity":62,"temperature":60.90508474576271,"wind_avg_mph":1.986706033898305,"wind_dir_deg":215.135593220339,"rain_in":0}}