{"Cotech-367959":{"time":"2026-01-05 17:01:12","model":"Cotech-367959","id":13,"humidity":81,"temperature":53.177272727272744,"wind_avg_mph":3.3960816363636357,"wind_dir_deg":103,"rain_in":0}}