{"Cotech-367959":{"time":"2026-01-08 19:19:23","model":"Cotech-367959","id":13,"humidity":56,"temperature":51.243137254901946,"wind_avg_mph":1.2018069803921565,"wind_dir_deg":174.11764705882354,"rain_in":0}}