{"Cotech-367959":{"time":"2026-01-08 03:26:18","model":"Cotech-367959","id":13,"humidity":80,"temperature":49.84888888888889,"wind_avg_mph":0.36785235555555557,"wind_dir_deg":192.35555555555555,"rain_in":0}}