{"Cotech-367959":{"time":"2026-01-07 19:16:58","model":"Cotech-367959","id":13,"humidity":84,"temperature":53.76304347826084,"wind_avg_mph":0.9045018260869561,"wind_dir_deg":113.5,"rain_in":0}}