{"Cotech-367959":{"time":"2026-01-03 08:47:19","model":"Cotech-367959","id":13,"humidity":93,"temperature":55.45789473684212,"wind_avg_mph":2.229091087719299,"wind_dir_deg":104.82456140350877,"rain_in":0}}