{"Cotech-367959":{"time":"2026-01-07 07:23:37","model":"Cotech-367959","id":13,"humidity":97,"temperature":46.82857142857144,"wind_avg_mph":1.1093396326530611,"wind_dir_deg":279.9591836734694,"rain_in":0}}