{"Cotech-367959":{"time":"2025-12-31 06:35:49","model":"Cotech-367959","id":13,"humidity":89,"temperature":42.94999999999998,"wind_avg_mph":0,"wind_dir_deg":295.47727272727275,"rain_in":0}}