{"Cotech-367959":{"time":"2026-01-03 17:11:19","model":"Cotech-367959","id":13,"humidity":87,"temperature":57.721428571428525,"wind_avg_mph":3.3034810357142845,"wind_dir_deg":107.19642857142857,"rain_in":0}}