{"Cotech-367959":{"time":"2026-01-08 15:11:54","model":"Cotech-367959","id":13,"humidity":91,"temperature":39.02400000000001,"wind_avg_mph":0.08500372,"wind_dir_deg":293.12,"rain_in":0}}