{"Cotech-367959":{"time":"2026-01-06 13:26:33","model":"Cotech-367959","id":13,"humidity":97,"temperature":49.751063829787206,"wind_avg_mph":0.5949308510638295,"wind_dir_deg":238.2340425531915,"rain_in":0}}