{"Cotech-367959":{"time":"2026-01-01 17:13:10","model":"Cotech-367959","id":13,"humidity":98,"temperature":49.95490196078432,"wind_avg_mph":0.3070309803921569,"wind_dir_deg":280.19607843137254,"rain_in":0}}