{"Cotech-367959":{"time":"2026-01-05 15:35:04","model":"Cotech-367959","id":13,"humidity":85,"temperature":51.70425531914894,"wind_avg_mph":2.888984212765957,"wind_dir_deg":123.82978723404256,"rain_in":0}}