{"Cotech-367959":{"time":"2026-01-05 08:33:12","model":"Cotech-367959","id":13,"humidity":98,"temperature":48.20535714285713,"wind_avg_mph":0.01597814285714286,"wind_dir_deg":169.73214285714286,"rain_in":0}}