{"Cotech-367959":{"time":"2026-01-02 04:19:19","model":"Cotech-367959","id":13,"humidity":95,"temperature":55.42200000000005,"wind_avg_mph":0.8321416799999994,"wind_dir_deg":111,"rain_in":0}}