{"Cotech-367959":{"time":"2026-01-02 09:03:51","model":"Cotech-367959","id":13,"humidity":97,"temperature":53.76078431372552,"wind_avg_mph":0.2763278823529412,"wind_dir_deg":298.5098039215686,"rain_in":0}}