{"Cotech-367959":{"time":"2026-01-07 11:02:50","model":"Cotech-367959","id":13,"humidity":97,"temperature":47.346666666666664,"wind_avg_mph":0.894775999999999,"wind_dir_deg":283.1777777777778,"rain_in":0}}