{"Cotech-367959":{"time":"2026-01-09 21:43:56","model":"Cotech-367959","id":13,"humidity":27,"temperature":64.57659574468086,"wind_avg_mph":1.1470266808510634,"wind_dir_deg":216.74468085106383,"rain_in":0}}