{"Cotech-367959":{"time":"2026-01-02 19:18:47","model":"Cotech-367959","id":13,"humidity":75,"temperature":58.39824561403511,"wind_avg_mph":2.0132459999999996,"wind_dir_deg":107.47368421052632,"rain_in":0}}