{"Cotech-367959":{"time":"2026-01-09 15:57:48","model":"Cotech-367959","id":13,"humidity":65,"temperature":39.93137254901962,"wind_avg_mph":0.22808015686274513,"wind_dir_deg":119.52941176470588,"rain_in":0}}