{"Cotech-367959":{"time":"2026-01-02 13:40:55","model":"Cotech-367959","id":13,"humidity":97,"temperature":51.77872340425532,"wind_avg_mph":0.18085897872340426,"wind_dir_deg":289.3404255319149,"rain_in":0}}