{"Cotech-367959":{"time":"2026-01-07 18:19:54","model":"Cotech-367959","id":13,"humidity":96,"temperature":51.17192982456139,"wind_avg_mph":0.7731178596491224,"wind_dir_deg":121.80701754385964,"rain_in":0}}