{"Cotech-367959":{"time":"2026-01-05 05:19:52","model":"Cotech-367959","id":13,"humidity":99,"temperature":49.32142857142862,"wind_avg_mph":0.04393989285714286,"wind_dir_deg":64.55357142857143,"rain_in":0}}