{"Cotech-367959":{"time":"2025-12-31 19:05:42","model":"Cotech-367959","id":13,"humidity":86,"temperature":49.93392857142858,"wind_avg_mph":0,"wind_dir_deg":284.5357142857143,"rain_in":0}}