{"Cotech-367959":{"time":"2026-01-02 19:08:39","model":"Cotech-367959","id":13,"humidity":75,"temperature":58.176785714285714,"wind_avg_mph":2.5125629642857144,"wind_dir_deg":107.55357142857143,"rain_in":0}}