{"Cotech-367959":{"time":"2026-01-06 14:32:25","model":"Cotech-367959","id":13,"humidity":97,"temperature":49.262222222222235,"wind_avg_mph":2.2916207555555554,"wind_dir_deg":277.7111111111111,"rain_in":0}}