{"Cotech-367959":{"time":"2026-01-08 16:42:35","model":"Cotech-367959","id":13,"humidity":85,"temperature":41.9408163265306,"wind_avg_mph":0.29217175510204085,"wind_dir_deg":172.08163265306123,"rain_in":0}}