{"Cotech-367959":{"time":"2026-01-05 05:58:32","model":"Cotech-367959","id":13,"humidity":99,"temperature":49.3618181818182,"wind_avg_mph":0.1342164,"wind_dir_deg":55.96363636363636,"rain_in":0}}