{"Cotech-367959":{"time":"2026-01-04 00:24:55","model":"Cotech-367959","id":13,"humidity":75,"temperature":58.31521739130431,"wind_avg_mph":6.10295586956522,"wind_dir_deg":100.41304347826087,"rain_in":0}}