{"Cotech-367959":{"time":"2026-01-06 00:58:01","model":"Cotech-367959","id":13,"humidity":97,"temperature":52.125999999999955,"wind_avg_mph":0.9663580799999995,"wind_dir_deg":113.7,"rain_in":0}}