{"Cotech-367959":{"time":"2026-01-03 01:05:27","model":"Cotech-367959","id":13,"humidity":70,"temperature":59.87368421052634,"wind_avg_mph":0.38852115789473685,"wind_dir_deg":146.31578947368422,"rain_in":0}}