{"Cotech-367959":{"time":"2025-12-31 08:11:17","model":"Cotech-367959","id":13,"humidity":83,"temperature":44.32631578947368,"wind_avg_mph":0,"wind_dir_deg":264.10526315789474,"rain_in":0}}