{"Cotech-367959":{"time":"2026-01-06 01:17:29","model":"Cotech-367959","id":13,"humidity":97,"temperature":52.12264150943389,"wind_avg_mph":1.3506052830188677,"wind_dir_deg":99.45283018867924,"rain_in":0}}