{"Cotech-367959":{"time":"2026-01-06 07:49:29","model":"Cotech-367959","id":13,"humidity":97,"temperature":50.51636363636363,"wind_avg_mph":0.5449999272727271,"wind_dir_deg":297.58181818181816,"rain_in":0}}