{"Cotech-367959":{"time":"2026-01-08 15:20:10","model":"Cotech-367959","id":13,"humidity":91,"temperature":38.642222222222216,"wind_avg_mph":0.02485488888888889,"wind_dir_deg":262.75555555555553,"rain_in":0}}