{"Cotech-367959":{"time":"2026-01-08 08:42:02","model":"Cotech-367959","id":13,"humidity":88,"temperature":48.11568627450978,"wind_avg_mph":1.5483133725490184,"wind_dir_deg":172.86274509803923,"rain_in":0}}