{"Cotech-367959":{"time":"2026-01-03 21:06:15","model":"Cotech-367959","id":13,"humidity":70,"temperature":63.20714285714287,"wind_avg_mph":6.039738000000002,"wind_dir_deg":96.30357142857143,"rain_in":0}}