{"Cotech-367959":{"time":"2026-01-02 11:09:27","model":"Cotech-367959","id":13,"humidity":96,"temperature":54.13777777777776,"wind_avg_mph":0,"wind_dir_deg":302.8666666666667,"rain_in":0}}