{"Cotech-367959":{"time":"2026-01-01 08:09:42","model":"Cotech-367959","id":13,"humidity":97,"temperature":49.37777777777781,"wind_avg_mph":0.2734037777777778,"wind_dir_deg":248.84444444444443,"rain_in":0}}