{"Cotech-367959":{"time":"2025-12-31 11:42:30","model":"Cotech-367959","id":13,"humidity":73,"temperature":47.32978723404257,"wind_avg_mph":0,"wind_dir_deg":302.63829787234044,"rain_in":0}}