{"Cotech-367959":{"time":"2026-01-03 20:36:39","model":"Cotech-367959","id":13,"humidity":78,"temperature":60.899999999999984,"wind_avg_mph":4.40473821818182,"wind_dir_deg":101.03636363636363,"rain_in":0}}