{"Cotech-367959":{"time":"2026-01-07 13:41:14","model":"Cotech-367959","id":13,"humidity":98,"temperature":48.51333333333333,"wind_avg_mph":0.02982586666666667,"wind_dir_deg":138.57777777777778,"rain_in":0}}