{"Cotech-367959":{"time":"2026-01-09 05:16:11","model":"Cotech-367959","id":13,"humidity":44,"temperature":48.142553191489384,"wind_avg_mph":1.5658579999999993,"wind_dir_deg":141.06382978723406,"rain_in":0}}