{"Cotech-367959":{"time":"2026-01-09 02:00:11","model":"Cotech-367959","id":13,"humidity":51,"temperature":47.32321428571428,"wind_avg_mph":0.7589617857142853,"wind_dir_deg":70.69642857142857,"rain_in":0}}