{"Cotech-367959":{"time":"2026-01-04 19:13:44","model":"Cotech-367959","id":13,"humidity":98,"temperature":51.6804347826087,"wind_avg_mph":2.0229718260869562,"wind_dir_deg":100.97826086956522,"rain_in":0}}