{"Cotech-367959":{"time":"2026-01-06 23:07:37","model":"Cotech-367959","id":13,"humidity":75,"temperature":61.14038461538461,"wind_avg_mph":0.3140319615384616,"wind_dir_deg":190.26923076923077,"rain_in":0}}