{"Cotech-367959":{"time":"2026-01-08 01:13:46","model":"Cotech-367959","id":13,"humidity":81,"temperature":53.6576923076923,"wind_avg_mph":1.5744616153846152,"wind_dir_deg":114.4423076923077,"rain_in":0}}