{"Cotech-367959":{"time":"2026-01-08 04:23:22","model":"Cotech-367959","id":13,"humidity":82,"temperature":48.384482758620656,"wind_avg_mph":0.0809926551724138,"wind_dir_deg":205.56896551724137,"rain_in":0}}