{"Cotech-367959":{"time":"2026-01-09 15:27:56","model":"Cotech-367959","id":13,"humidity":66,"temperature":39.60862068965516,"wind_avg_mph":0.0809926551724138,"wind_dir_deg":237.56896551724137,"rain_in":0}}