{"Cotech-367959":{"time":"2026-01-04 22:27:04","model":"Cotech-367959","id":13,"humidity":98,"temperature":51.44888888888892,"wind_avg_mph":2.0579848000000003,"wind_dir_deg":100.35555555555555,"rain_in":0}}