{"Cotech-367959":{"time":"2026-01-06 04:02:49","model":"Cotech-367959","id":13,"humidity":97,"temperature":50.94150943396231,"wind_avg_mph":0.16460501886792453,"wind_dir_deg":252.22641509433961,"rain_in":0}}