{"Cotech-367959":{"time":"2026-01-07 02:13:29","model":"Cotech-367959","id":13,"humidity":92,"temperature":52.01956521739132,"wind_avg_mph":0.03404039130434783,"wind_dir_deg":221.7826086956522,"rain_in":0}}