{"Cotech-367959":{"time":"2025-12-31 23:49:26","model":"Cotech-367959","id":13,"humidity":94,"temperature":50.00599999999999,"wind_avg_mph":0.46975739999999966,"wind_dir_deg":96.62,"rain_in":0}}