{"Cotech-367959":{"time":"2026-01-07 10:36:58","model":"Cotech-367959","id":13,"humidity":97,"temperature":47.12399999999996,"wind_avg_mph":1.0021491199999994,"wind_dir_deg":279.18,"rain_in":0}}