{"Cotech-367959":{"time":"2026-01-05 05:01:28","model":"Cotech-367959","id":13,"humidity":98,"temperature":49.07678571428566,"wind_avg_mph":0,"wind_dir_deg":86.21428571428571,"rain_in":0}}