{"Cotech-367959":{"time":"2026-01-08 23:05:15","model":"Cotech-367959","id":13,"humidity":33,"temperature":62.694915254237266,"wind_avg_mph":0.8075732542372879,"wind_dir_deg":151.77966101694915,"rain_in":0}}