{"Cotech-367959":{"time":"2026-01-05 07:25:28","model":"Cotech-367959","id":13,"humidity":98,"temperature":49.15681818181815,"wind_avg_mph":0.5033114999999999,"wind_dir_deg":86.8409090909091,"rain_in":0}}