{"Cotech-367959":{"time":"2026-01-05 12:13:28","model":"Cotech-367959","id":13,"humidity":93,"temperature":49.70217391304346,"wind_avg_mph":1.2546315652173912,"wind_dir_deg":111.5,"rain_in":0}}