{"Cotech-367959":{"time":"2026-01-09 02:47:07","model":"Cotech-367959","id":13,"humidity":62,"temperature":43.927272727272744,"wind_avg_mph":0.1870895272727273,"wind_dir_deg":223.0909090909091,"rain_in":0}}