{"Cotech-367959":{"time":"2026-01-03 21:33:43","model":"Cotech-367959","id":13,"humidity":66,"temperature":64.12807017543857,"wind_avg_mph":4.6897250877192995,"wind_dir_deg":110.80701754385964,"rain_in":0}}