{"Cotech-367959":{"time":"2026-01-09 03:06:51","model":"Cotech-367959","id":13,"humidity":50,"temperature":46.96909090909094,"wind_avg_mph":1.1103356727272726,"wind_dir_deg":267.7818181818182,"rain_in":0}}