{"Cotech-367959":{"time":"2026-01-01 10:43:50","model":"Cotech-367959","id":13,"humidity":97,"temperature":49.13061224489792,"wind_avg_mph":0.11869477551020409,"wind_dir_deg":224.42857142857142,"rain_in":0}}