{"Cotech-367959":{"time":"2026-01-06 07:10:49","model":"Cotech-367959","id":13,"humidity":97,"temperature":50.64399999999998,"wind_avg_mph":0.84556332,"wind_dir_deg":281.1,"rain_in":0}}