{"Cotech-367959":{"time":"2026-01-01 14:48:38","model":"Cotech-367959","id":13,"humidity":98,"temperature":49.81000000000001,"wind_avg_mph":1.3511117599999998,"wind_dir_deg":276.24,"rain_in":0}}