{"Cotech-367959":{"time":"2026-01-09 05:51:23","model":"Cotech-367959","id":13,"humidity":49,"temperature":46.028260869565244,"wind_avg_mph":1.210865347826087,"wind_dir_deg":107.78260869565217,"rain_in":0}}