{"Cotech-367959":{"time":"2026-01-08 20:12:11","model":"Cotech-367959","id":13,"humidity":48,"temperature":53.94146341463416,"wind_avg_mph":1.7240805853658538,"wind_dir_deg":207.21951219512195,"rain_in":0}}