{"Cotech-367959":{"time":"2025-12-31 20:53:58","model":"Cotech-367959","id":13,"humidity":92,"temperature":51.852631578947424,"wind_avg_mph":0,"wind_dir_deg":199.19298245614036,"rain_in":0}}