{"Cotech-367959":{"time":"2026-01-06 22:22:17","model":"Cotech-367959","id":13,"humidity":64,"temperature":65.41999999999997,"wind_avg_mph":0.5219526666666663,"wind_dir_deg":208,"rain_in":0}}