{"Cotech-367959":{"time":"2025-12-31 06:44:05","model":"Cotech-367959","id":13,"humidity":86,"temperature":43.50888888888887,"wind_avg_mph":0,"wind_dir_deg":294.31111111111113,"rain_in":0}}