{"Cotech-367959":{"time":"2026-01-06 01:07:21","model":"Cotech-367959","id":13,"humidity":97,"temperature":52.09423076923072,"wind_avg_mph":0.7485145384615379,"wind_dir_deg":97.6923076923077,"rain_in":0}}