{"Cotech-367959":{"time":"2026-01-03 01:24:39","model":"Cotech-367959","id":13,"humidity":70,"temperature":59.791228070175485,"wind_avg_mph":0.7299488421052627,"wind_dir_deg":168.96491228070175,"rain_in":0}}