{"Cotech-367959":{"time":"2026-01-04 02:23:35","model":"Cotech-367959","id":13,"humidity":83,"temperature":55.31599999999997,"wind_avg_mph":2.268257159999999,"wind_dir_deg":102.7,"rain_in":0}}