{"Cotech-367959":{"time":"2026-01-01 19:15:34","model":"Cotech-367959","id":13,"humidity":98,"temperature":53.55357142857137,"wind_avg_mph":0.7589617857142855,"wind_dir_deg":109.625,"rain_in":0}}