{"Cotech-367959":{"time":"2026-01-09 21:35:24","model":"Cotech-367959","id":13,"humidity":28,"temperature":62.781034482758635,"wind_avg_mph":1.0529045172413793,"wind_dir_deg":208.94827586206895,"rain_in":0}}