{"Cotech-367959":{"time":"2026-01-09 00:27:07","model":"Cotech-367959","id":13,"humidity":37,"temperature":54.177777777777735,"wind_avg_mph":0.7332192222222221,"wind_dir_deg":159.2037037037037,"rain_in":0}}