{"Cotech-367959":{"time":"2026-01-05 21:14:17","model":"Cotech-367959","id":13,"humidity":79,"temperature":55.41764705882357,"wind_avg_mph":5.272160549019607,"wind_dir_deg":109.7843137254902,"rain_in":0}}