{"Cotech-367959":{"time":"2026-01-02 18:48:23","model":"Cotech-367959","id":13,"humidity":78,"temperature":58.04074074074068,"wind_avg_mph":1.868259148148148,"wind_dir_deg":115.4074074074074,"rain_in":0}}