{"Cotech-367959":{"time":"2026-01-08 05:14:02","model":"Cotech-367959","id":13,"humidity":84,"temperature":48.11399999999996,"wind_avg_mph":0.7426640799999998,"wind_dir_deg":214.94,"rain_in":0}}