{"Cotech-367959":{"time":"2025-12-31 15:24:22","model":"Cotech-367959","id":13,"humidity":81,"temperature":48.454385964912305,"wind_avg_mph":0,"wind_dir_deg":310.36842105263156,"rain_in":0}}