{"Cotech-367959":{"time":"2026-01-06 02:11:37","model":"Cotech-367959","id":13,"humidity":97,"temperature":51.7782608695652,"wind_avg_mph":1.2594944782608695,"wind_dir_deg":112.6304347826087,"rain_in":0}}