{"Cotech-367959":{"time":"2026-01-08 20:36:59","model":"Cotech-367959","id":13,"humidity":44,"temperature":56.57608695652174,"wind_avg_mph":1.410244782608696,"wind_dir_deg":171.1086956521739,"rain_in":0}}