{"Cotech-367959":{"time":"2026-01-09 13:31:39","model":"Cotech-367959","id":13,"humidity":70,"temperature":38.903999999999996,"wind_avg_mph":0.5592349999999997,"wind_dir_deg":281.3,"rain_in":0}}