{"Cotech-367959":{"time":"2026-01-04 23:48:56","model":"Cotech-367959","id":13,"humidity":98,"temperature":51.62941176470586,"wind_avg_mph":1.0263607058823523,"wind_dir_deg":98.19607843137256,"rain_in":0}}