{"Cotech-367959":{"time":"2026-01-05 17:53:28","model":"Cotech-367959","id":13,"humidity":79,"temperature":54.800000000000004,"wind_avg_mph":2.611497395348837,"wind_dir_deg":113.62790697674419,"rain_in":0}}