{"Cotech-367959":{"time":"2026-01-01 08:47:18","model":"Cotech-367959","id":13,"humidity":97,"temperature":49.555102040816294,"wind_avg_mph":0.6117346122448977,"wind_dir_deg":264.14285714285717,"rain_in":0}}