{"Cotech-367959":{"time":"2026-01-05 13:41:44","model":"Cotech-367959","id":13,"humidity":90,"temperature":50.38392857142861,"wind_avg_mph":1.0226011428571424,"wind_dir_deg":108.39285714285714,"rain_in":0}}