{"Cotech-367959":{"time":"2026-01-01 08:38:14","model":"Cotech-367959","id":13,"humidity":97,"temperature":49.508695652173905,"wind_avg_mph":0.39389595652173914,"wind_dir_deg":203.04347826086956,"rain_in":0}}