{"Cotech-367959":{"time":"2026-01-02 06:25:11","model":"Cotech-367959","id":13,"humidity":97,"temperature":54.23921568627446,"wind_avg_mph":1.9211367058823525,"wind_dir_deg":104.82352941176471,"rain_in":0}}