{"Cotech-367959":{"time":"2026-01-02 11:54:15","model":"Cotech-367959","id":13,"humidity":96,"temperature":53.99069767441861,"wind_avg_mph":0.30172679069767444,"wind_dir_deg":289.0232558139535,"rain_in":0}}