{"Cotech-367959":{"time":"2026-01-01 04:55:34","model":"Cotech-367959","id":13,"humidity":97,"temperature":50.224999999999966,"wind_avg_mph":0.051928964285714294,"wind_dir_deg":126.75,"rain_in":0}}