{"Cotech-367959":{"time":"2026-01-09 15:38:04","model":"Cotech-367959","id":13,"humidity":67,"temperature":39.53928571428572,"wind_avg_mph":0.3395355357142856,"wind_dir_deg":228.64285714285714,"rain_in":0}}