{"Cotech-367959":{"time":"2026-01-01 23:57:43","model":"Cotech-367959","id":13,"humidity":92,"temperature":57.7282608695652,"wind_avg_mph":0.8850501739130432,"wind_dir_deg":89.54347826086956,"rain_in":0}}