{"Cotech-367959":{"time":"2025-12-31 23:03:34","model":"Cotech-367959","id":13,"humidity":92,"temperature":50.06799999999996,"wind_avg_mph":0.28185444000000004,"wind_dir_deg":174.66,"rain_in":0}}