{"Cotech-367959":{"time":"2026-01-04 18:12:24","model":"Cotech-367959","id":13,"humidity":98,"temperature":51.28723404255315,"wind_avg_mph":1.7276791914893619,"wind_dir_deg":109.31914893617021,"rain_in":0}}