{"Cotech-367959":{"time":"2026-01-06 14:41:45","model":"Cotech-367959","id":13,"humidity":96,"temperature":49.40754716981135,"wind_avg_mph":1.8317584150943393,"wind_dir_deg":276,"rain_in":0}}