{"Cotech-367959":{"time":"2026-01-01 05:24:06","model":"Cotech-367959","id":13,"humidity":97,"temperature":50.11999999999997,"wind_avg_mph":0.0894776,"wind_dir_deg":229.4,"rain_in":0}}