{"Cotech-367959":{"time":"2026-01-07 05:59:53","model":"Cotech-367959","id":13,"humidity":97,"temperature":48.12115384615382,"wind_avg_mph":0.5936494615384613,"wind_dir_deg":287.40384615384613,"rain_in":0}}