{"Cotech-367959":{"time":"2026-01-05 01:29:12","model":"Cotech-367959","id":13,"humidity":98,"temperature":50.947826086956546,"wind_avg_mph":0.782929,"wind_dir_deg":96.82608695652173,"rain_in":0}}