{"Cotech-367959":{"time":"2026-01-08 13:41:46","model":"Cotech-367959","id":13,"humidity":84,"temperature":41.85714285714285,"wind_avg_mph":0.019972678571428572,"wind_dir_deg":197.89285714285714,"rain_in":0}}