{"Cotech-367959":{"time":"2026-01-01 03:58:46","model":"Cotech-367959","id":13,"humidity":97,"temperature":50.6022222222222,"wind_avg_mph":0.1342164,"wind_dir_deg":222.2,"rain_in":0}}