{"Cotech-367959":{"time":"2026-01-04 08:51:04","model":"Cotech-367959","id":13,"humidity":89,"temperature":54.12600000000003,"wind_avg_mph":1.1989998399999997,"wind_dir_deg":103.16,"rain_in":0}}