{"Cotech-367959":{"time":"2026-01-02 21:54:47","model":"Cotech-367959","id":13,"humidity":72,"temperature":59.282352941176484,"wind_avg_mph":0.6535373725490194,"wind_dir_deg":142.92156862745097,"rain_in":0}}