{"Cotech-367959":{"time":"2026-01-07 03:38:01","model":"Cotech-367959","id":13,"humidity":95,"temperature":50.60877192982453,"wind_avg_mph":0.7260243859649121,"wind_dir_deg":288.35087719298247,"rain_in":0}}