{"Cotech-367959":{"time":"2026-01-03 13:48:39","model":"Cotech-367959","id":13,"humidity":86,"temperature":56.362222222222236,"wind_avg_mph":3.2609614222222216,"wind_dir_deg":106.15555555555555,"rain_in":0}}