{"Cotech-367959":{"time":"2026-01-02 15:25:11","model":"Cotech-367959","id":13,"humidity":94,"temperature":51.105357142857095,"wind_avg_mph":0.5951858214285712,"wind_dir_deg":285.69642857142856,"rain_in":0}}