{"Cotech-367959":{"time":"2026-01-03 20:16:23","model":"Cotech-367959","id":13,"humidity":82,"temperature":60.01428571428571,"wind_avg_mph":3.1773678367346934,"wind_dir_deg":118.40816326530613,"rain_in":0}}