{"Cotech-367959":{"time":"2026-01-08 18:12:59","model":"Cotech-367959","id":13,"humidity":68,"temperature":48.162745098039245,"wind_avg_mph":0.973726823529411,"wind_dir_deg":194.98039215686273,"rain_in":0}}