{"Cotech-367959":{"time":"2026-01-08 14:34:34","model":"Cotech-367959","id":13,"humidity":88,"temperature":40.265454545454546,"wind_avg_mph":1.0289924,"wind_dir_deg":276.56363636363636,"rain_in":0}}