{"Cotech-367959":{"time":"2026-01-07 22:43:54","model":"Cotech-367959","id":13,"humidity":67,"temperature":61.58076923076924,"wind_avg_mph":2.0132459999999996,"wind_dir_deg":84.36538461538461,"rain_in":0}}