{"Cotech-367959":{"time":"2026-01-05 23:34:49","model":"Cotech-367959","id":13,"humidity":94,"temperature":52.71224489795917,"wind_avg_mph":1.3284684489795913,"wind_dir_deg":112.81632653061224,"rain_in":0}}