{"Cotech-367959":{"time":"2025-12-31 00:44:53","model":"Cotech-367959","id":13,"humidity":83,"temperature":47.96666666666667,"wind_avg_mph":0,"wind_dir_deg":4.666666666666667,"rain_in":0}}