{"Cotech-367959":{"time":"2026-01-02 04:27:19","model":"Cotech-367959","id":13,"humidity":95,"temperature":55.41627906976748,"wind_avg_mph":0.8791694418604651,"wind_dir_deg":114.02325581395348,"rain_in":0}}