{"Cotech-367959":{"time":"2026-01-06 06:43:05","model":"Cotech-367959","id":13,"humidity":97,"temperature":50.435294117647075,"wind_avg_mph":0.07017850980392158,"wind_dir_deg":314.94117647058823,"rain_in":0}}