{"Cotech-367959":{"time":"2026-01-03 11:24:07","model":"Cotech-367959","id":13,"humidity":85,"temperature":56.171739130434744,"wind_avg_mph":4.9212679999999995,"wind_dir_deg":99.3695652173913,"rain_in":0}}