{"Cotech-367959":{"time":"2026-01-07 22:06:34","model":"Cotech-367959","id":13,"humidity":69,"temperature":59.23773584905659,"wind_avg_mph":2.025907924528302,"wind_dir_deg":136.47169811320754,"rain_in":0}}