{"Cotech-367959":{"time":"2026-01-02 12:12:23","model":"Cotech-367959","id":13,"humidity":96,"temperature":53.87291666666667,"wind_avg_mph":0.14912933333333336,"wind_dir_deg":295.875,"rain_in":0}}