{"Cotech-367959":{"time":"2026-01-01 06:17:26","model":"Cotech-367959","id":13,"humidity":97,"temperature":49.96122448979594,"wind_avg_mph":0.13239032653061225,"wind_dir_deg":179.0408163265306,"rain_in":0}}