{"Cotech-367959":{"time":"2026-01-05 11:00:40","model":"Cotech-367959","id":13,"humidity":97,"temperature":48.09130434782605,"wind_avg_mph":0.05835495652173914,"wind_dir_deg":140,"rain_in":0}}