{"Cotech-367959":{"time":"2026-01-01 16:09:42","model":"Cotech-367959","id":13,"humidity":98,"temperature":49.55535714285713,"wind_avg_mph":0.6750765357142855,"wind_dir_deg":283.80357142857144,"rain_in":0}}