{"Cotech-367959":{"time":"2025-12-31 02:36:05","model":"Cotech-367959","id":13,"humidity":91,"temperature":44.44090909090911,"wind_avg_mph":0,"wind_dir_deg":236.38636363636363,"rain_in":0}}