{"Cotech-367959":{"time":"2026-01-09 14:47:23","model":"Cotech-367959","id":13,"humidity":73,"temperature":37.76078431372551,"wind_avg_mph":0.4824772549019607,"wind_dir_deg":283.72549019607845,"rain_in":0}}