{"Cotech-367959":{"time":"2026-01-05 22:00:09","model":"Cotech-367959","id":13,"humidity":84,"temperature":54.60714285714283,"wind_avg_mph":3.0877761071428584,"wind_dir_deg":106.58928571428571,"rain_in":0}}