{"Cotech-367959":{"time":"2026-01-01 02:16:54","model":"Cotech-367959","id":13,"humidity":97,"temperature":50.20666666666668,"wind_avg_mph":0.04970977777777778,"wind_dir_deg":179.84444444444443,"rain_in":0}}