{"Cotech-367959":{"time":"2026-01-02 05:59:03","model":"Cotech-367959","id":13,"humidity":97,"temperature":54.43111111111115,"wind_avg_mph":2.6545021333333323,"wind_dir_deg":115.95555555555555,"rain_in":0}}