{"Cotech-367959":{"time":"2026-01-08 01:22:02","model":"Cotech-367959","id":13,"humidity":80,"temperature":53.01739130434786,"wind_avg_mph":1.0212117391304343,"wind_dir_deg":159.19565217391303,"rain_in":0}}