{"Cotech-367959":{"time":"2025-12-31 15:14:14","model":"Cotech-367959","id":13,"humidity":80,"temperature":48.36785714285717,"wind_avg_mph":0,"wind_dir_deg":259.23214285714283,"rain_in":0}}