{"Cotech-367959":{"time":"2026-01-03 14:35:35","model":"Cotech-367959","id":13,"humidity":87,"temperature":56.43333333333339,"wind_avg_mph":2.412386274509803,"wind_dir_deg":107.2156862745098,"rain_in":0}}