{"Cotech-367959":{"time":"2026-01-08 16:06:35","model":"Cotech-367959","id":13,"humidity":93,"temperature":38.229090909090935,"wind_avg_mph":0.016268654545454547,"wind_dir_deg":269.03636363636366,"rain_in":0}}