{"Cotech-367959":{"time":"2026-01-05 19:33:13","model":"Cotech-367959","id":13,"humidity":77,"temperature":56.1444444444444,"wind_avg_mph":4.667748133333334,"wind_dir_deg":106.93333333333334,"rain_in":0}}