{"Cotech-367959":{"time":"2026-01-09 20:17:32","model":"Cotech-367959","id":13,"humidity":32,"temperature":57.3403846153846,"wind_avg_mph":0.9808121538461534,"wind_dir_deg":229.42307692307693,"rain_in":0}}