{"Cotech-367959":{"time":"2026-01-07 08:54:33","model":"Cotech-367959","id":13,"humidity":97,"temperature":46.335087719298265,"wind_avg_mph":1.0478297894736837,"wind_dir_deg":282.8070175438597,"rain_in":0}}