{"Cotech-367959":{"time":"2026-01-01 08:19:50","model":"Cotech-367959","id":13,"humidity":97,"temperature":49.44210526315791,"wind_avg_mph":0.3571255087719297,"wind_dir_deg":265.5263157894737,"rain_in":0}}