{"Cotech-367959":{"time":"2026-01-03 10:28:55","model":"Cotech-367959","id":13,"humidity":88,"temperature":56.043137254901964,"wind_avg_mph":1.236896235294117,"wind_dir_deg":87.74509803921569,"rain_in":0}}