{"Cotech-367959":{"time":"2026-01-04 00:33:11","model":"Cotech-367959","id":13,"humidity":76,"temperature":58.099999999999966,"wind_avg_mph":5.631253304347828,"wind_dir_deg":104.56521739130434,"rain_in":0}}