{"Cotech-367959":{"time":"2026-01-01 20:09:26","model":"Cotech-367959","id":13,"humidity":98,"temperature":55.4688888888889,"wind_avg_mph":0.9991665333333327,"wind_dir_deg":103.17777777777778,"rain_in":0}}