{"Cotech-367959":{"time":"2026-01-07 17:31:22","model":"Cotech-367959","id":13,"humidity":98,"temperature":50.277272727272745,"wind_avg_mph":0.4321361363636362,"wind_dir_deg":182.27272727272728,"rain_in":0}}