{"Cotech-367959":{"time":"2026-01-04 03:57:27","model":"Cotech-367959","id":13,"humidity":87,"temperature":54.85000000000003,"wind_avg_mph":2.232945464285714,"wind_dir_deg":104.78571428571429,"rain_in":0}}