{"Cotech-367959":{"time":"2026-01-03 07:35:19","model":"Cotech-367959","id":13,"humidity":96,"temperature":55.278431372549,"wind_avg_mph":3.3290930588235277,"wind_dir_deg":110.92156862745098,"rain_in":0}}