{"Cotech-367959":{"time":"2026-01-08 04:44:10","model":"Cotech-367959","id":13,"humidity":86,"temperature":47.034482758620726,"wind_avg_mph":0.18898286206896553,"wind_dir_deg":281.62068965517244,"rain_in":0}}