{"Cotech-367959":{"time":"2026-01-08 01:31:22","model":"Cotech-367959","id":13,"humidity":80,"temperature":52.54230769230771,"wind_avg_mph":0.770023576923077,"wind_dir_deg":140.98076923076923,"rain_in":0}}