{"Cotech-367959":{"time":"2026-01-08 12:52:42","model":"Cotech-367959","id":13,"humidity":79,"temperature":44.315555555555555,"wind_avg_mph":0.41259115555555553,"wind_dir_deg":186.26666666666668,"rain_in":0}}