{"Cotech-367959":{"time":"2026-01-04 02:49:11","model":"Cotech-367959","id":13,"humidity":87,"temperature":54.521568627450954,"wind_avg_mph":2.1886922745098025,"wind_dir_deg":102.01960784313725,"rain_in":0}}