{"Cotech-367959":{"time":"2026-01-06 04:39:21","model":"Cotech-367959","id":13,"humidity":97,"temperature":50.79800000000001,"wind_avg_mph":0.25501116,"wind_dir_deg":290.52,"rain_in":0}}