{"Cotech-367959":{"time":"2026-01-07 21:57:14","model":"Cotech-367959","id":13,"humidity":67,"temperature":60.26666666666668,"wind_avg_mph":1.9869290588235293,"wind_dir_deg":122.17647058823529,"rain_in":0}}