{"Cotech-367959":{"time":"2026-01-09 06:20:27","model":"Cotech-367959","id":13,"humidity":58,"temperature":43.98235294117648,"wind_avg_mph":0.42545721568627454,"wind_dir_deg":215.94117647058823,"rain_in":0}}