{"Cotech-367959":{"time":"2026-01-08 19:35:55","model":"Cotech-367959","id":13,"humidity":54,"temperature":52.25111111111112,"wind_avg_mph":1.0488763111111108,"wind_dir_deg":163.17777777777778,"rain_in":0}}