{"Cotech-367959":{"time":"2026-01-04 11:12:40","model":"Cotech-367959","id":13,"humidity":97,"temperature":52.52765957446809,"wind_avg_mph":2.703365787234042,"wind_dir_deg":105.95744680851064,"rain_in":0}}