{"Cotech-367959":{"time":"2026-01-03 19:30:31","model":"Cotech-367959","id":13,"humidity":85,"temperature":59.26739130434784,"wind_avg_mph":3.7736205217391325,"wind_dir_deg":102.15217391304348,"rain_in":0}}