{"Cotech-367959":{"time":"2026-01-01 16:47:02","model":"Cotech-367959","id":13,"humidity":98,"temperature":49.40357142857145,"wind_avg_mph":1.6976776785714278,"wind_dir_deg":281.4107142857143,"rain_in":0}}