{"Cotech-367959":{"time":"2026-01-08 00:02:34","model":"Cotech-367959","id":13,"humidity":74,"temperature":59.709615384615375,"wind_avg_mph":1.6389887307692304,"wind_dir_deg":103.36538461538461,"rain_in":0}}