{"Cotech-367959":{"time":"2026-01-06 16:09:13","model":"Cotech-367959","id":13,"humidity":96,"temperature":49.68983050847463,"wind_avg_mph":0.993353016949152,"wind_dir_deg":271.91525423728814,"rain_in":0}}