{"Cotech-367959":{"time":"2026-01-01 20:53:10","model":"Cotech-367959","id":13,"humidity":97,"temperature":57.37999999999999,"wind_avg_mph":1.4763804,"wind_dir_deg":110.57777777777778,"rain_in":0}}