{"Cotech-367959":{"time":"2026-01-01 07:07:02","model":"Cotech-367959","id":13,"humidity":97,"temperature":49.525,"wind_avg_mph":0.41143717857142853,"wind_dir_deg":245.33928571428572,"rain_in":0}}