{"Cotech-367959":{"time":"2026-01-09 02:27:23","model":"Cotech-367959","id":13,"humidity":58,"temperature":45.73999999999998,"wind_avg_mph":0.5950260399999996,"wind_dir_deg":98.22,"rain_in":0}}