{"Cotech-367959":{"time":"2025-12-31 14:09:26","model":"Cotech-367959","id":13,"humidity":80,"temperature":47.77391304347825,"wind_avg_mph":0,"wind_dir_deg":164.69565217391303,"rain_in":0}}