{"Cotech-367959":{"time":"2026-01-01 05:32:06","model":"Cotech-367959","id":13,"humidity":97,"temperature":50.04545454545453,"wind_avg_mph":0.0660914090909091,"wind_dir_deg":295.79545454545456,"rain_in":0}}