{"Cotech-367959":{"time":"2025-12-31 01:06:29","model":"Cotech-367959","id":13,"humidity":85,"temperature":47.100000000000016,"wind_avg_mph":0,"wind_dir_deg":123.52380952380952,"rain_in":0}}