{"Cotech-367959":{"time":"2026-01-08 07:15:54","model":"Cotech-367959","id":13,"humidity":92,"temperature":48.72909090909094,"wind_avg_mph":0.809365563636363,"wind_dir_deg":53.43636363636364,"rain_in":0}}