{"Cotech-367959":{"time":"2026-01-05 17:26:00","model":"Cotech-367959","id":13,"humidity":81,"temperature":53.845454545454544,"wind_avg_mph":2.9436096818181827,"wind_dir_deg":109.5909090909091,"rain_in":0}}