{"Cotech-367959":{"time":"2026-01-01 14:39:34","model":"Cotech-367959","id":13,"humidity":98,"temperature":49.652941176470556,"wind_avg_mph":1.0789945882352938,"wind_dir_deg":283.6470588235294,"rain_in":0}}