{"Cotech-367959":{"time":"2026-01-04 09:34:48","model":"Cotech-367959","id":13,"humidity":92,"temperature":53.84090909090908,"wind_avg_mph":1.3218281818181814,"wind_dir_deg":106.25,"rain_in":0}}