{"Cotech-367959":{"time":"2026-01-03 09:44:07","model":"Cotech-367959","id":13,"humidity":89,"temperature":55.86415094339624,"wind_avg_mph":1.228206679245283,"wind_dir_deg":107.24528301886792,"rain_in":0}}