{"Cotech-367959":{"time":"2025-12-31 17:26:14","model":"Cotech-367959","id":13,"humidity":79,"temperature":50.52272727272727,"wind_avg_mph":0,"wind_dir_deg":160.5909090909091,"rain_in":0}}