{"Cotech-367959":{"time":"2025-12-31 09:59:01","model":"Cotech-367959","id":13,"humidity":77,"temperature":46.39333333333334,"wind_avg_mph":0,"wind_dir_deg":286.9111111111111,"rain_in":0}}