{"Cotech-367959":{"time":"2026-01-07 06:46:17","model":"Cotech-367959","id":13,"humidity":97,"temperature":47.04705882352944,"wind_avg_mph":0,"wind_dir_deg":200.50980392156862,"rain_in":0}}