{"Cotech-367959":{"time":"2025-12-31 22:54:30","model":"Cotech-367959","id":13,"humidity":91,"temperature":50.0470588235294,"wind_avg_mph":0.6052896470588232,"wind_dir_deg":213.5686274509804,"rain_in":0}}