{"Cotech-367959":{"time":"2026-01-04 10:21:44","model":"Cotech-367959","id":13,"humidity":95,"temperature":52.99122807017548,"wind_avg_mph":2.221242175438596,"wind_dir_deg":106.89473684210526,"rain_in":0}}