{"Cotech-367959":{"time":"2026-01-04 06:20:07","model":"Cotech-367959","id":13,"humidity":89,"temperature":54.31599999999999,"wind_avg_mph":2.24588776,"wind_dir_deg":99.96,"rain_in":0}}