{"Cotech-367959":{"time":"2026-01-09 12:27:07","model":"Cotech-367959","id":13,"humidity":72,"temperature":38.84666666666665,"wind_avg_mph":0.3479684444444445,"wind_dir_deg":244.95555555555555,"rain_in":0}}