{"Cotech-367959":{"time":"2026-01-04 15:08:40","model":"Cotech-367959","id":13,"humidity":98,"temperature":51.93000000000004,"wind_avg_mph":0.0894776,"wind_dir_deg":115.14,"rain_in":0}}