{"Cotech-367959":{"time":"2026-01-04 20:31:20","model":"Cotech-367959","id":13,"humidity":98,"temperature":51.69999999999998,"wind_avg_mph":2.3142161090909084,"wind_dir_deg":107.2,"rain_in":0}}