{"Cotech-367959":{"time":"2026-01-05 18:56:56","model":"Cotech-367959","id":13,"humidity":77,"temperature":55.73333333333337,"wind_avg_mph":4.408087647058824,"wind_dir_deg":110.68627450980392,"rain_in":0}}