{"Cotech-367959":{"time":"2026-01-07 09:33:45","model":"Cotech-367959","id":13,"humidity":97,"temperature":47.00454545454543,"wind_avg_mph":0.8591883181818182,"wind_dir_deg":280.1363636363636,"rain_in":0}}