{"Cotech-367959":{"time":"2026-01-02 05:32:39","model":"Cotech-367959","id":13,"humidity":97,"temperature":54.486956521739145,"wind_avg_mph":2.358512826086956,"wind_dir_deg":108.52173913043478,"rain_in":0}}