{"Cotech-367959":{"time":"2026-01-03 12:43:19","model":"Cotech-367959","id":13,"humidity":90,"temperature":55.0814814814815,"wind_avg_mph":1.9428238148148143,"wind_dir_deg":109.42592592592592,"rain_in":0}}