{"Cotech-367959":{"time":"2026-01-07 20:32:26","model":"Cotech-367959","id":13,"humidity":71,"temperature":56.58596491228071,"wind_avg_mph":1.3225417192982447,"wind_dir_deg":138.87719298245614,"rain_in":0}}