{"Cotech-367959":{"time":"2026-01-06 17:07:05","model":"Cotech-367959","id":13,"humidity":96,"temperature":50.647368421052654,"wind_avg_mph":0.2943342105263157,"wind_dir_deg":245.28070175438597,"rain_in":0}}