{"Cotech-367959":{"time":"2026-01-09 13:59:39","model":"Cotech-367959","id":13,"humidity":72,"temperature":38.09107142857141,"wind_avg_mph":0.6231475714285712,"wind_dir_deg":254.71428571428572,"rain_in":0}}