{"Cotech-367959":{"time":"2026-01-02 21:27:35","model":"Cotech-367959","id":13,"humidity":70,"temperature":59.662745098039174,"wind_avg_mph":1.9342951764705874,"wind_dir_deg":107.88235294117646,"rain_in":0}}