{"Cotech-367959":{"time":"2026-01-01 00:12:06","model":"Cotech-367959","id":13,"humidity":95,"temperature":49.756363636363595,"wind_avg_mph":0.31317160000000005,"wind_dir_deg":100.9090909090909,"rain_in":0}}