{"Cotech-367959":{"time":"2026-01-03 11:07:35","model":"Cotech-367959","id":13,"humidity":83,"temperature":56.56470588235292,"wind_avg_mph":4.45633537254902,"wind_dir_deg":100.50980392156863,"rain_in":0}}