{"Cotech-367959":{"time":"2026-01-09 01:32:27","model":"Cotech-367959","id":13,"humidity":51,"temperature":47.75217391304346,"wind_avg_mph":0.1507503043478261,"wind_dir_deg":62.43478260869565,"rain_in":0}}