{"Cotech-367959":{"time":"2026-01-03 23:08:23","model":"Cotech-367959","id":13,"humidity":67,"temperature":60.991836734693884,"wind_avg_mph":6.33647493877551,"wind_dir_deg":106.34693877551021,"rain_in":0}}