{"Cotech-367959":{"time":"2026-01-05 02:24:24","model":"Cotech-367959","id":13,"humidity":98,"temperature":50.273469387755064,"wind_avg_mph":0,"wind_dir_deg":77.14285714285714,"rain_in":0}}