{"Cotech-367959":{"time":"2026-01-03 15:01:59","model":"Cotech-367959","id":13,"humidity":88,"temperature":56.30222222222223,"wind_avg_mph":2.2866497777777774,"wind_dir_deg":110.17777777777778,"rain_in":0}}