{"Cotech-367959":{"time":"2026-01-04 10:56:24","model":"Cotech-367959","id":13,"humidity":97,"temperature":52.51555555555553,"wind_avg_mph":3.3852358666666653,"wind_dir_deg":93.95555555555555,"rain_in":0}}