{"Cotech-367959":{"time":"2026-01-05 09:29:12","model":"Cotech-367959","id":13,"humidity":98,"temperature":48.3862745098039,"wind_avg_mph":3.1668052549019605,"wind_dir_deg":98.27450980392157,"rain_in":0}}