{"Cotech-367959":{"time":"2026-01-07 10:10:01","model":"Cotech-367959","id":13,"humidity":97,"temperature":47.10444444444443,"wind_avg_mph":0.36288137777777774,"wind_dir_deg":227.62222222222223,"rain_in":0}}