{"Cotech-367959":{"time":"2026-01-05 14:02:16","model":"Cotech-367959","id":13,"humidity":90,"temperature":50.487272727272746,"wind_avg_mph":1.1225371636363635,"wind_dir_deg":106.01818181818182,"rain_in":0}}