{"Cotech-367959":{"time":"2026-01-06 19:09:13","model":"Cotech-367959","id":13,"humidity":84,"temperature":58.02272727272723,"wind_avg_mph":1.026958818181818,"wind_dir_deg":265.6363636363636,"rain_in":0}}