{"Cotech-367959":{"time":"2026-01-09 18:22:04","model":"Cotech-367959","id":13,"humidity":47,"temperature":50.86226415094341,"wind_avg_mph":0.4009609433962264,"wind_dir_deg":205.71698113207546,"rain_in":0}}