{"Cotech-367959":{"time":"2026-01-09 07:07:23","model":"Cotech-367959","id":13,"humidity":64,"temperature":41.750847457627096,"wind_avg_mph":0.36397667796610156,"wind_dir_deg":280.8813559322034,"rain_in":0}}