{"Cotech-367959":{"time":"2026-01-05 07:09:12","model":"Cotech-367959","id":13,"humidity":98,"temperature":49.11999999999997,"wind_avg_mph":0.5617204888888888,"wind_dir_deg":99,"rain_in":0}}