{"Cotech-367959":{"time":"2026-01-08 10:22:34","model":"Cotech-367959","id":13,"humidity":83,"temperature":47.113999999999976,"wind_avg_mph":0.16553356,"wind_dir_deg":167.24,"rain_in":0}}