{"Cotech-367959":{"time":"2026-01-06 09:46:49","model":"Cotech-367959","id":13,"humidity":98,"temperature":49.781818181818174,"wind_avg_mph":0.12709886363636366,"wind_dir_deg":301.02272727272725,"rain_in":0}}