{"Cotech-367959":{"time":"2026-01-07 06:27:37","model":"Cotech-367959","id":13,"humidity":97,"temperature":47.60727272727272,"wind_avg_mph":0.980186436363636,"wind_dir_deg":280,"rain_in":0}}