{"Cotech-367959":{"time":"2026-01-09 09:27:23","model":"Cotech-367959","id":13,"humidity":70,"temperature":39.81874999999999,"wind_avg_mph":0.964680375,"wind_dir_deg":273.8541666666667,"rain_in":0}}