{"Cotech-367959":{"time":"2026-01-04 16:57:44","model":"Cotech-367959","id":13,"humidity":98,"temperature":52.10892857142854,"wind_avg_mph":1.334174928571428,"wind_dir_deg":98.92857142857143,"rain_in":0}}