{"Cotech-367959":{"time":"2026-01-01 00:51:02","model":"Cotech-367959","id":13,"humidity":96,"temperature":49.690740740740736,"wind_avg_mph":0,"wind_dir_deg":93.68518518518519,"rain_in":0}}