{"Cotech-367959":{"time":"2026-01-08 07:44:58","model":"Cotech-367959","id":13,"humidity":94,"temperature":48.8363636363636,"wind_avg_mph":1.395037127272726,"wind_dir_deg":180.6909090909091,"rain_in":0}}