{"Cotech-367959":{"time":"2026-01-07 12:28:42","model":"Cotech-367959","id":13,"humidity":97,"temperature":46.341176470588245,"wind_avg_mph":0.7500328235294118,"wind_dir_deg":284.4117647058824,"rain_in":0}}