{"Cotech-367959":{"time":"2026-01-04 01:18:15","model":"Cotech-367959","id":13,"humidity":79,"temperature":56.62888888888886,"wind_avg_mph":3.126745022222221,"wind_dir_deg":113.68888888888888,"rain_in":0}}