{"Cotech-367959":{"time":"2026-01-09 09:35:39","model":"Cotech-367959","id":13,"humidity":71,"temperature":39.565957446808504,"wind_avg_mph":0.4997419148936168,"wind_dir_deg":289.29787234042556,"rain_in":0}}