{"Cotech-367959":{"time":"2026-01-04 10:48:24","model":"Cotech-367959","id":13,"humidity":97,"temperature":52.58269230769228,"wind_avg_mph":2.7703641538461525,"wind_dir_deg":105.32692307692308,"rain_in":0}}