{"Cotech-367959":{"time":"2026-01-02 12:45:59","model":"Cotech-367959","id":13,"humidity":96,"temperature":52.578260869565206,"wind_avg_mph":0.5932753913043477,"wind_dir_deg":287.45652173913044,"rain_in":0}}