{"Cotech-367959":{"time":"2026-01-04 17:25:12","model":"Cotech-367959","id":13,"humidity":98,"temperature":51.80588235294119,"wind_avg_mph":1.3421640000000004,"wind_dir_deg":91.96078431372548,"rain_in":0}}