{"Cotech-367959":{"time":"2026-01-08 19:09:47","model":"Cotech-367959","id":13,"humidity":58,"temperature":50.916000000000004,"wind_avg_mph":1.20347372,"wind_dir_deg":153.94,"rain_in":0}}