{"Cotech-367959":{"time":"2026-01-05 00:23:36","model":"Cotech-367959","id":13,"humidity":97,"temperature":51.16444444444445,"wind_avg_mph":1.5807709333333337,"wind_dir_deg":98.5111111111111,"rain_in":0}}