{"Cotech-367959":{"time":"2026-01-05 00:51:20","model":"Cotech-367959","id":13,"humidity":97,"temperature":50.87916666666669,"wind_avg_mph":1.556537416666667,"wind_dir_deg":79.72916666666667,"rain_in":0}}