{"Cotech-367959":{"time":"2026-01-06 07:19:53","model":"Cotech-367959","id":13,"humidity":97,"temperature":50.6083333333333,"wind_avg_mph":0.8621539583333333,"wind_dir_deg":284.5416666666667,"rain_in":0}}