{"Cotech-367959":{"time":"2025-12-31 02:44:21","model":"Cotech-367959","id":13,"humidity":91,"temperature":44.351063829787265,"wind_avg_mph":0,"wind_dir_deg":311.6595744680851,"rain_in":0}}