{"Cotech-367959":{"time":"2026-01-02 11:17:43","model":"Cotech-367959","id":13,"humidity":96,"temperature":54.106666666666634,"wind_avg_mph":0.12924542222222224,"wind_dir_deg":268.3777777777778,"rain_in":0}}