{"Cotech-367959":{"time":"2026-01-03 09:34:47","model":"Cotech-367959","id":13,"humidity":90,"temperature":55.79636363636368,"wind_avg_mph":1.289290872727272,"wind_dir_deg":100.43636363636364,"rain_in":0}}