{"Cotech-367959":{"time":"2026-01-05 20:11:53","model":"Cotech-367959","id":13,"humidity":77,"temperature":56.54199999999995,"wind_avg_mph":4.6931001199999995,"wind_dir_deg":98.88,"rain_in":0}}