{"Cotech-367959":{"time":"2026-01-03 13:12:55","model":"Cotech-367959","id":13,"humidity":90,"temperature":54.881818181818225,"wind_avg_mph":2.3874250545454547,"wind_dir_deg":107.63636363636364,"rain_in":0}}