{"Cotech-367959":{"time":"2026-01-01 13:09:58","model":"Cotech-367959","id":13,"humidity":98,"temperature":49.19107142857141,"wind_avg_mph":0.2676338928571429,"wind_dir_deg":261.7857142857143,"rain_in":0}}