{"Cotech-367959":{"time":"2026-01-06 08:52:57","model":"Cotech-367959","id":13,"humidity":97,"temperature":50.10624999999997,"wind_avg_mph":0.05592350000000001,"wind_dir_deg":97.10416666666667,"rain_in":0}}