{"Cotech-367959":{"time":"2026-01-06 18:41:29","model":"Cotech-367959","id":13,"humidity":85,"temperature":56.89473684210526,"wind_avg_mph":0.7338732982456139,"wind_dir_deg":234.5438596491228,"rain_in":0}}