{"Cotech-367959":{"time":"2025-12-31 21:02:14","model":"Cotech-367959","id":13,"humidity":91,"temperature":51.70681818181818,"wind_avg_mph":0,"wind_dir_deg":184.4318181818182,"rain_in":0}}