{"Cotech-367959":{"time":"2026-01-04 02:40:07","model":"Cotech-367959","id":13,"humidity":86,"temperature":54.55555555555554,"wind_avg_mph":1.8094359111111114,"wind_dir_deg":100.91111111111111,"rain_in":0}}