{"Cotech-367959":{"time":"2026-01-07 01:05:29","model":"Cotech-367959","id":13,"humidity":86,"temperature":55.33111111111109,"wind_avg_mph":0.28334573333333335,"wind_dir_deg":296.1333333333333,"rain_in":0}}