{"Cotech-367959":{"time":"2026-01-03 23:24:55","model":"Cotech-367959","id":13,"humidity":69,"temperature":60.93555555555555,"wind_avg_mph":6.1043607111111085,"wind_dir_deg":100.62222222222222,"rain_in":0}}