{"Cotech-367959":{"time":"2026-01-09 14:19:23","model":"Cotech-367959","id":13,"humidity":73,"temperature":37.87884615384615,"wind_avg_mph":0.5377259615384613,"wind_dir_deg":297.1923076923077,"rain_in":0}}