{"Cotech-367959":{"time":"2026-01-08 14:06:34","model":"Cotech-367959","id":13,"humidity":88,"temperature":40.57333333333334,"wind_avg_mph":0.2734037777777778,"wind_dir_deg":287.9111111111111,"rain_in":0}}