{"Cotech-367959":{"time":"2026-01-07 18:38:34","model":"Cotech-367959","id":13,"humidity":93,"temperature":51.28222222222223,"wind_avg_mph":1.0488763111111108,"wind_dir_deg":167.4,"rain_in":0}}