{"Cotech-367959":{"time":"2026-01-02 20:05:27","model":"Cotech-367959","id":13,"humidity":76,"temperature":58.086274509803886,"wind_avg_mph":1.307074745098039,"wind_dir_deg":108.01960784313725,"rain_in":0}}