{"Cotech-367959":{"time":"2026-01-02 00:06:47","model":"Cotech-367959","id":13,"humidity":90,"temperature":57.786274509803974,"wind_avg_mph":1.0965392156862745,"wind_dir_deg":103.43137254901961,"rain_in":0}}