{"Cotech-367959":{"time":"2026-01-03 19:39:35","model":"Cotech-367959","id":13,"humidity":85,"temperature":59.368000000000045,"wind_avg_mph":4.08017856,"wind_dir_deg":108.84,"rain_in":0}}