{"Cotech-367959":{"time":"2026-01-02 05:50:47","model":"Cotech-367959","id":13,"humidity":97,"temperature":54.464705882352945,"wind_avg_mph":2.798368078431373,"wind_dir_deg":111.62745098039215,"rain_in":0}}