{"Cotech-367959":{"time":"2025-12-31 01:24:05","model":"Cotech-367959","id":13,"humidity":87,"temperature":46.37450980392161,"wind_avg_mph":0,"wind_dir_deg":311.54901960784315,"rain_in":0}}