{"Cotech-367959":{"time":"2026-01-04 06:47:35","model":"Cotech-367959","id":13,"humidity":89,"temperature":54.16071428571426,"wind_avg_mph":1.8015356071428565,"wind_dir_deg":104.44642857142857,"rain_in":0}}