{"Cotech-367959":{"time":"2026-01-05 19:52:41","model":"Cotech-367959","id":13,"humidity":76,"temperature":56.33728813559327,"wind_avg_mph":3.97341206779661,"wind_dir_deg":109.79661016949153,"rain_in":0}}