{"Cotech-367959":{"time":"2025-12-31 04:48:37","model":"Cotech-367959","id":13,"humidity":89,"temperature":43.82558139534884,"wind_avg_mph":0,"wind_dir_deg":217.53488372093022,"rain_in":0}}