{"Cotech-367959":{"time":"2026-01-01 14:21:26","model":"Cotech-367959","id":13,"humidity":98,"temperature":49.54399999999997,"wind_avg_mph":0.7337163199999996,"wind_dir_deg":286.06,"rain_in":0}}