{"Cotech-367959":{"time":"2026-01-08 12:44:26","model":"Cotech-367959","id":13,"humidity":77,"temperature":44.81956521739129,"wind_avg_mph":0.505742956521739,"wind_dir_deg":187.2608695652174,"rain_in":0}}