{"Cotech-367959":{"time":"2026-01-05 22:46:01","model":"Cotech-367959","id":13,"humidity":91,"temperature":54.10612244897954,"wind_avg_mph":1.5749883673469387,"wind_dir_deg":98.3061224489796,"rain_in":0}}