{"Cotech-367959":{"time":"2026-01-09 16:38:20","model":"Cotech-367959","id":13,"humidity":61,"temperature":42.667857142857144,"wind_avg_mph":0.3834754285714285,"wind_dir_deg":277.875,"rain_in":0}}