{"Cotech-367959":{"time":"2026-01-03 21:23:35","model":"Cotech-367959","id":13,"humidity":67,"temperature":63.971111111111085,"wind_avg_mph":5.39351088888889,"wind_dir_deg":93.71111111111111,"rain_in":0}}