{"Cotech-367959":{"time":"2026-01-03 17:38:47","model":"Cotech-367959","id":13,"humidity":84,"temperature":58.69777777777781,"wind_avg_mph":3.022354488888889,"wind_dir_deg":106.97777777777777,"rain_in":0}}