{"Cotech-367959":{"time":"2026-01-09 05:43:07","model":"Cotech-367959","id":13,"humidity":50,"temperature":46.58245614035087,"wind_avg_mph":0.8790781754385957,"wind_dir_deg":94.64912280701755,"rain_in":0}}