{"Cotech-367959":{"time":"2026-01-04 13:18:16","model":"Cotech-367959","id":13,"humidity":97,"temperature":51.586363636363586,"wind_avg_mph":1.9115669090909087,"wind_dir_deg":97.31818181818181,"rain_in":0}}