{"Cotech-367959":{"time":"2026-01-08 04:54:34","model":"Cotech-367959","id":13,"humidity":86,"temperature":47.172727272727265,"wind_avg_mph":0.49212679999999986,"wind_dir_deg":160.92727272727274,"rain_in":0}}