{"Cotech-367959":{"time":"2026-01-03 11:15:51","model":"Cotech-367959","id":13,"humidity":84,"temperature":56.38936170212768,"wind_avg_mph":4.421526085106384,"wind_dir_deg":102.93617021276596,"rain_in":0}}