{"Cotech-367959":{"time":"2026-01-02 21:18:31","model":"Cotech-367959","id":13,"humidity":72,"temperature":59.263157894736864,"wind_avg_mph":1.6404226666666675,"wind_dir_deg":116.3859649122807,"rain_in":0}}