{"Cotech-367959":{"time":"2026-01-05 02:52:08","model":"Cotech-367959","id":13,"humidity":98,"temperature":49.945098039215736,"wind_avg_mph":0,"wind_dir_deg":268.11764705882354,"rain_in":0}}