{"Cotech-367959":{"time":"2026-01-03 12:52:39","model":"Cotech-367959","id":13,"humidity":91,"temperature":54.8333333333333,"wind_avg_mph":2.1404445490196076,"wind_dir_deg":107.86274509803921,"rain_in":0}}