{"Cotech-367959":{"time":"2025-12-31 06:08:37","model":"Cotech-367959","id":13,"humidity":88,"temperature":43.32727272727272,"wind_avg_mph":0,"wind_dir_deg":230.20454545454547,"rain_in":0}}