{"Cotech-367959":{"time":"2026-01-07 14:59:54","model":"Cotech-367959","id":13,"humidity":98,"temperature":47.0137254901961,"wind_avg_mph":0,"wind_dir_deg":155.13725490196077,"rain_in":0}}