{"Cotech-367959":{"time":"2026-01-04 23:39:20","model":"Cotech-367959","id":13,"humidity":98,"temperature":51.53703703703701,"wind_avg_mph":0.9320583333333325,"wind_dir_deg":95.42592592592592,"rain_in":0}}