{"Cotech-367959":{"time":"2026-01-07 14:01:46","model":"Cotech-367959","id":13,"humidity":98,"temperature":48.501785714285724,"wind_avg_mph":0.2396721428571429,"wind_dir_deg":279.92857142857144,"rain_in":0}}