{"Cotech-367959":{"time":"2026-01-09 00:16:43","model":"Cotech-367959","id":13,"humidity":35,"temperature":56.751111111111136,"wind_avg_mph":0.6114302666666664,"wind_dir_deg":200.75555555555556,"rain_in":0}}