{"Cotech-367959":{"time":"2025-12-31 08:31:33","model":"Cotech-367959","id":13,"humidity":82,"temperature":44.47321428571429,"wind_avg_mph":0,"wind_dir_deg":288.5357142857143,"rain_in":0}}