{"Cotech-367959":{"time":"2026-01-07 23:15:06","model":"Cotech-367959","id":13,"humidity":74,"temperature":58.112280701754365,"wind_avg_mph":1.8994367719298242,"wind_dir_deg":112.9298245614035,"rain_in":0}}