{"Cotech-367959":{"time":"2026-01-05 18:47:52","model":"Cotech-367959","id":13,"humidity":78,"temperature":55.53999999999996,"wind_avg_mph":2.9486936363636342,"wind_dir_deg":103.2909090909091,"rain_in":0}}