{"Cotech-367959":{"time":"2026-01-09 15:48:28","model":"Cotech-367959","id":13,"humidity":68,"temperature":39.26842105263161,"wind_avg_mph":0.08633803508771931,"wind_dir_deg":185.78947368421052,"rain_in":0}}