{"Cotech-367959":{"time":"2025-12-31 17:18:14","model":"Cotech-367959","id":13,"humidity":80,"temperature":50.53555555555553,"wind_avg_mph":0,"wind_dir_deg":206.22222222222223,"rain_in":0}}