{"Cotech-367959":{"time":"2026-01-06 04:57:45","model":"Cotech-367959","id":13,"humidity":97,"temperature":50.74399999999997,"wind_avg_mph":0.18790296,"wind_dir_deg":301.9,"rain_in":0}}