{"Cotech-367959":{"time":"2026-01-01 15:59:34","model":"Cotech-367959","id":13,"humidity":98,"temperature":49.57678571428569,"wind_avg_mph":0.9706721785714285,"wind_dir_deg":284.9107142857143,"rain_in":0}}