{"Cotech-367959":{"time":"2026-01-04 20:50:00","model":"Cotech-367959","id":13,"humidity":98,"temperature":51.819607843137284,"wind_avg_mph":2.780823450980391,"wind_dir_deg":105.54901960784314,"rain_in":0}}