{"Cotech-367959":{"time":"2026-01-01 23:12:55","model":"Cotech-367959","id":13,"humidity":91,"temperature":58.15999999999995,"wind_avg_mph":1.5983953090909087,"wind_dir_deg":98.54545454545455,"rain_in":0}}