{"Cotech-367959":{"time":"2026-01-03 00:10:31","model":"Cotech-367959","id":13,"humidity":68,"temperature":60.112499999999955,"wind_avg_mph":0.3115737857142857,"wind_dir_deg":184.17857142857142,"rain_in":0}}