{"Cotech-367959":{"time":"2026-01-02 02:56:07","model":"Cotech-367959","id":13,"humidity":94,"temperature":55.60444444444442,"wind_avg_mph":0.19883911111111113,"wind_dir_deg":217.2888888888889,"rain_in":0}}