{"Cotech-367959":{"time":"2026-01-02 16:38:15","model":"Cotech-367959","id":13,"humidity":93,"temperature":52.45892857142855,"wind_avg_mph":1.0505628928571427,"wind_dir_deg":93.85714285714286,"rain_in":0}}