{"Cotech-367959":{"time":"2026-01-04 20:11:52","model":"Cotech-367959","id":13,"humidity":98,"temperature":51.71403508771926,"wind_avg_mph":3.1395649122807017,"wind_dir_deg":102.63157894736842,"rain_in":0}}