{"Cotech-367959":{"time":"2026-01-02 22:30:15","model":"Cotech-367959","id":13,"humidity":68,"temperature":60.90799999999997,"wind_avg_mph":1.0245185199999993,"wind_dir_deg":142.52,"rain_in":0}}