{"Cotech-367959":{"time":"2026-01-02 08:35:35","model":"Cotech-367959","id":13,"humidity":97,"temperature":53.57399999999995,"wind_avg_mph":0.12079476000000001,"wind_dir_deg":125.9,"rain_in":0}}