{"Cotech-367959":{"time":"2026-01-03 20:46:47","model":"Cotech-367959","id":13,"humidity":74,"temperature":62.76363636363634,"wind_avg_mph":5.515073890909091,"wind_dir_deg":107.38181818181818,"rain_in":0}}