{"Cotech-367959":{"time":"2026-01-07 17:40:42","model":"Cotech-367959","id":13,"humidity":98,"temperature":50.50196078431369,"wind_avg_mph":0.49124956862745084,"wind_dir_deg":131.19607843137254,"rain_in":0}}