{"Cotech-367959":{"time":"2026-01-03 12:15:03","model":"Cotech-367959","id":13,"humidity":88,"temperature":55.82608695652172,"wind_avg_mph":3.569378173913043,"wind_dir_deg":103.56521739130434,"rain_in":0}}