{"Cotech-367959":{"time":"2026-01-01 09:05:26","model":"Cotech-367959","id":13,"humidity":97,"temperature":49.593999999999966,"wind_avg_mph":0.16105968,"wind_dir_deg":219.48,"rain_in":0}}