{"Cotech-367959":{"time":"2026-01-07 05:21:29","model":"Cotech-367959","id":13,"humidity":97,"temperature":48.74599999999999,"wind_avg_mph":0.9797797199999995,"wind_dir_deg":275.98,"rain_in":0}}