{"Cotech-367959":{"time":"2026-01-08 17:12:59","model":"Cotech-367959","id":13,"humidity":78,"temperature":44.43636363636366,"wind_avg_mph":0.5043282909090906,"wind_dir_deg":211.63636363636363,"rain_in":0}}