{"Cotech-367959":{"time":"2026-01-08 20:56:43","model":"Cotech-367959","id":13,"humidity":42,"temperature":58.93636363636362,"wind_avg_mph":1.5089177090909083,"wind_dir_deg":141.96363636363637,"rain_in":0}}