{"Cotech-367959":{"time":"2026-01-02 19:47:19","model":"Cotech-367959","id":13,"humidity":75,"temperature":58.24642857142861,"wind_avg_mph":2.1810164999999992,"wind_dir_deg":104.23214285714286,"rain_in":0}}