{"Cotech-367959":{"time":"2026-01-02 05:41:43","model":"Cotech-367959","id":13,"humidity":97,"temperature":54.44313725490199,"wind_avg_mph":1.9649982745098036,"wind_dir_deg":123.76470588235294,"rain_in":0}}