{"Cotech-367959":{"time":"2026-01-03 01:14:31","model":"Cotech-367959","id":13,"humidity":70,"temperature":59.72244897959179,"wind_avg_mph":0.5158657551020406,"wind_dir_deg":212.0612244897959,"rain_in":0}}