{"Cotech-367959":{"time":"2026-01-07 09:52:26","model":"Cotech-367959","id":13,"humidity":97,"temperature":47.00222222222222,"wind_avg_mph":0.16901324444444446,"wind_dir_deg":308.1111111111111,"rain_in":0}}