{"Cotech-367959":{"time":"2026-01-02 16:11:51","model":"Cotech-367959","id":13,"humidity":93,"temperature":51.832608695652176,"wind_avg_mph":0.14588739130434786,"wind_dir_deg":91.02173913043478,"rain_in":0}}