{"Cotech-367959":{"time":"2026-01-06 20:01:45","model":"Cotech-367959","id":13,"humidity":82,"temperature":59.28043478260871,"wind_avg_mph":1.2449057391304346,"wind_dir_deg":245.2608695652174,"rain_in":0}}