{"Cotech-367959":{"time":"2026-01-05 15:51:20","model":"Cotech-367959","id":13,"humidity":85,"temperature":51.771111111111104,"wind_avg_mph":3.0372674222222216,"wind_dir_deg":111.55555555555556,"rain_in":0}}