{"Cotech-367959":{"time":"2025-12-31 12:26:14","model":"Cotech-367959","id":13,"humidity":74,"temperature":47.50222222222223,"wind_avg_mph":0,"wind_dir_deg":296.6666666666667,"rain_in":0}}