{"Cotech-367959":{"time":"2026-01-05 05:30:00","model":"Cotech-367959","id":13,"humidity":99,"temperature":49.37192982456143,"wind_avg_mph":0.4473879999999999,"wind_dir_deg":91,"rain_in":0}}