{"Cotech-367959":{"time":"2026-01-01 15:13:58","model":"Cotech-367959","id":13,"humidity":98,"temperature":49.91956521739134,"wind_avg_mph":0.10698408695652174,"wind_dir_deg":278.60869565217394,"rain_in":0}}