{"Cotech-367959":{"time":"2026-01-08 18:31:39","model":"Cotech-367959","id":13,"humidity":65,"temperature":49.267391304347846,"wind_avg_mph":1.157373304347826,"wind_dir_deg":222.19565217391303,"rain_in":0}}