{"Cotech-367959":{"time":"2026-01-03 00:00:23","model":"Cotech-367959","id":13,"humidity":68,"temperature":60.29555555555552,"wind_avg_mph":0.3280845333333334,"wind_dir_deg":169.3111111111111,"rain_in":0}}