{"Cotech-367959":{"time":"2026-01-07 01:26:17","model":"Cotech-367959","id":13,"humidity":88,"temperature":54.332142857142834,"wind_avg_mph":0.4194262499999998,"wind_dir_deg":277.44642857142856,"rain_in":0}}