{"Cotech-367959":{"time":"2025-12-31 21:30:30","model":"Cotech-367959","id":13,"humidity":90,"temperature":51.023214285714296,"wind_avg_mph":0,"wind_dir_deg":110.41071428571429,"rain_in":0}}