{"Cotech-367959":{"time":"2026-01-05 20:30:17","model":"Cotech-367959","id":13,"humidity":76,"temperature":56.31428571428576,"wind_avg_mph":5.7566966122449,"wind_dir_deg":115.18367346938776,"rain_in":0}}