{"Cotech-367959":{"time":"2026-01-08 21:15:23","model":"Cotech-367959","id":13,"humidity":39,"temperature":59.86078431372552,"wind_avg_mph":1.5790164705882348,"wind_dir_deg":192.1764705882353,"rain_in":0}}