{"Cotech-367959":{"time":"2026-01-01 20:45:10","model":"Cotech-367959","id":13,"humidity":98,"temperature":56.83777777777777,"wind_avg_mph":0.8202113333333328,"wind_dir_deg":96.5111111111111,"rain_in":0}}