{"Cotech-367959":{"time":"2026-01-05 11:56:56","model":"Cotech-367959","id":13,"humidity":94,"temperature":49.33555555555555,"wind_avg_mph":2.3860693333333334,"wind_dir_deg":106.42222222222222,"rain_in":0}}