{"Cotech-367959":{"time":"2026-01-09 03:34:19","model":"Cotech-367959","id":13,"humidity":45,"temperature":48.284444444444425,"wind_avg_mph":2.3115046666666657,"wind_dir_deg":256.8666666666667,"rain_in":0}}