{"Cotech-367959":{"time":"2026-01-05 03:18:48","model":"Cotech-367959","id":13,"humidity":98,"temperature":48.45454545454547,"wind_avg_mph":0,"wind_dir_deg":292.6818181818182,"rain_in":0}}