{"Cotech-367959":{"time":"2026-01-07 04:54:33","model":"Cotech-367959","id":13,"humidity":96,"temperature":49.03965517241379,"wind_avg_mph":0.9333439310344822,"wind_dir_deg":285.13793103448273,"rain_in":0}}