{"Cotech-367959":{"time":"2026-01-09 01:40:43","model":"Cotech-367959","id":13,"humidity":51,"temperature":47.63023255813953,"wind_avg_mph":0.42137706976744194,"wind_dir_deg":106,"rain_in":0}}