{"Cotech-367959":{"time":"2026-01-02 12:03:19","model":"Cotech-367959","id":13,"humidity":96,"temperature":53.988000000000014,"wind_avg_mph":0.29974996000000004,"wind_dir_deg":248.86,"rain_in":0}}