{"Cotech-367959":{"time":"2026-01-03 13:40:23","model":"Cotech-367959","id":13,"humidity":87,"temperature":55.88999999999997,"wind_avg_mph":3.34198836,"wind_dir_deg":99.66,"rain_in":0}}