{"Cotech-367959":{"time":"2026-01-01 11:57:58","model":"Cotech-367959","id":13,"humidity":98,"temperature":49.17499999999997,"wind_avg_mph":0.09187432142857144,"wind_dir_deg":261.60714285714283,"rain_in":0}}