{"Cotech-367959":{"time":"2026-01-07 11:31:54","model":"Cotech-367959","id":13,"humidity":97,"temperature":47.460784313725526,"wind_avg_mph":0.17983243137254903,"wind_dir_deg":299.72549019607845,"rain_in":0}}