{"Cotech-367959":{"time":"2026-01-03 15:38:31","model":"Cotech-367959","id":13,"humidity":89,"temperature":56.180392156862716,"wind_avg_mph":1.5877887843137237,"wind_dir_deg":103.29411764705883,"rain_in":0}}