{"Cotech-367959":{"time":"2026-01-08 08:32:42","model":"Cotech-367959","id":13,"humidity":90,"temperature":48.06792452830186,"wind_avg_mph":1.4814451698113202,"wind_dir_deg":157.60377358490567,"rain_in":0}}