{"Cotech-367959":{"time":"2025-12-31 15:41:42","model":"Cotech-367959","id":13,"humidity":79,"temperature":48.90784313725488,"wind_avg_mph":0,"wind_dir_deg":286.01960784313724,"rain_in":0}}