{"Cotech-367959":{"time":"2026-01-07 00:10:33","model":"Cotech-367959","id":13,"humidity":69,"temperature":62.52666666666667,"wind_avg_mph":0.43247506666666635,"wind_dir_deg":245.06666666666666,"rain_in":0}}