{"Cotech-367959":{"time":"2026-01-05 13:12:56","model":"Cotech-367959","id":13,"humidity":92,"temperature":49.87600000000005,"wind_avg_mph":1.04688792,"wind_dir_deg":150.12,"rain_in":0}}