{"Cotech-367959":{"time":"2026-01-06 08:14:17","model":"Cotech-367959","id":13,"humidity":97,"temperature":50.35952380952381,"wind_avg_mph":0.6337996666666663,"wind_dir_deg":294.5952380952381,"rain_in":0}}