{"Cotech-367959":{"time":"2026-01-01 03:21:58","model":"Cotech-367959","id":13,"humidity":97,"temperature":50.76444444444444,"wind_avg_mph":0.009941955555555557,"wind_dir_deg":82.44444444444444,"rain_in":0}}