{"Cotech-367959":{"time":"2026-01-04 01:01:43","model":"Cotech-367959","id":13,"humidity":77,"temperature":57.2533333333333,"wind_avg_mph":4.548444666666667,"wind_dir_deg":102.08888888888889,"rain_in":0}}