{"Cotech-367959":{"time":"2026-01-01 00:33:10","model":"Cotech-367959","id":13,"humidity":95,"temperature":49.590384615384565,"wind_avg_mph":0.05162169230769231,"wind_dir_deg":109.71153846153847,"rain_in":0}}