{"Cotech-367959":{"time":"2026-01-02 09:21:59","model":"Cotech-367959","id":13,"humidity":97,"temperature":53.80000000000001,"wind_avg_mph":0.07456466666666668,"wind_dir_deg":278.47058823529414,"rain_in":0}}