{"Cotech-367959":{"time":"2026-01-03 15:56:55","model":"Cotech-367959","id":13,"humidity":90,"temperature":56.077358490565985,"wind_avg_mph":2.3424560377358485,"wind_dir_deg":106.81132075471699,"rain_in":0}}