{"Cotech-367959":{"time":"2026-01-08 02:41:46","model":"Cotech-367959","id":13,"humidity":81,"temperature":50.26956521739134,"wind_avg_mph":0.598138304347826,"wind_dir_deg":192.17391304347825,"rain_in":0}}