{"Cotech-367959":{"time":"2026-01-02 12:20:39","model":"Cotech-367959","id":13,"humidity":96,"temperature":53.564444444444455,"wind_avg_mph":0,"wind_dir_deg":238.66666666666666,"rain_in":0}}