{"Cotech-367959":{"time":"2026-01-03 08:57:27","model":"Cotech-367959","id":13,"humidity":92,"temperature":55.401785714285744,"wind_avg_mph":1.573847071428572,"wind_dir_deg":114.57142857142857,"rain_in":0}}