{"Cotech-367959":{"time":"2026-01-02 22:47:35","model":"Cotech-367959","id":13,"humidity":67,"temperature":60.846666666666685,"wind_avg_mph":0.705878844444444,"wind_dir_deg":124.33333333333333,"rain_in":0}}