{"Cotech-367959":{"time":"2026-01-02 02:29:43","model":"Cotech-367959","id":13,"humidity":93,"temperature":55.8377777777778,"wind_avg_mph":0.0447388,"wind_dir_deg":311.9111111111111,"rain_in":0}}