{"Cotech-367959":{"time":"2026-01-03 23:41:11","model":"Cotech-367959","id":13,"humidity":73,"temperature":60.235555555555585,"wind_avg_mph":4.3694894666666695,"wind_dir_deg":103.82222222222222,"rain_in":0}}