{"Cotech-367959":{"time":"2026-01-05 18:11:04","model":"Cotech-367959","id":13,"humidity":78,"temperature":54.928260869565264,"wind_avg_mph":2.8253524782608705,"wind_dir_deg":95.78260869565217,"rain_in":0}}