{"Cotech-367959":{"time":"2026-01-06 09:38:33","model":"Cotech-367959","id":13,"humidity":98,"temperature":49.9510204081633,"wind_avg_mph":0,"wind_dir_deg":152.53061224489795,"rain_in":0}}