{"Cotech-367959":{"time":"2026-01-01 04:17:58","model":"Cotech-367959","id":13,"humidity":97,"temperature":50.40600000000005,"wind_avg_mph":0.031317160000000004,"wind_dir_deg":116.36,"rain_in":0}}