{"Cotech-367959":{"time":"2026-01-07 00:28:09","model":"Cotech-367959","id":13,"humidity":78,"temperature":58.42391304347826,"wind_avg_mph":0.510605869565217,"wind_dir_deg":272.8695652173913,"rain_in":0}}