{"Cotech-367959":{"time":"2026-01-07 03:17:29","model":"Cotech-367959","id":13,"humidity":95,"temperature":50.88723404255324,"wind_avg_mph":0.2950857021276596,"wind_dir_deg":285.17021276595744,"rain_in":0}}