{"Cotech-367959":{"time":"2026-01-07 00:47:53","model":"Cotech-367959","id":13,"humidity":83,"temperature":56.568627450980436,"wind_avg_mph":0.17544627450980393,"wind_dir_deg":269.3137254901961,"rain_in":0}}