{"Cotech-367959":{"time":"2026-01-03 04:26:31","model":"Cotech-367959","id":13,"humidity":90,"temperature":56.6244444444444,"wind_avg_mph":3.9519273333333325,"wind_dir_deg":106.24444444444444,"rain_in":0}}