{"Cotech-367959":{"time":"2026-01-06 12:18:49","model":"Cotech-367959","id":13,"humidity":98,"temperature":49.63103448275858,"wind_avg_mph":1.0799020689655168,"wind_dir_deg":286.2241379310345,"rain_in":0}}