{"Cotech-367959":{"time":"2026-01-02 16:20:07","model":"Cotech-367959","id":13,"humidity":94,"temperature":51.78666666666667,"wind_avg_mph":0.4076201777777778,"wind_dir_deg":93.26666666666667,"rain_in":0}}