{"Cotech-367959":{"time":"2026-01-04 18:20:24","model":"Cotech-367959","id":13,"humidity":98,"temperature":51.21111111111111,"wind_avg_mph":0.9146599111111107,"wind_dir_deg":106.02222222222223,"rain_in":0}}