{"Cotech-367959":{"time":"2026-01-08 02:33:30","model":"Cotech-367959","id":13,"humidity":82,"temperature":50.21730769230767,"wind_avg_mph":0.7097982692307687,"wind_dir_deg":134.73076923076923,"rain_in":0}}