{"Cotech-367959":{"time":"2026-01-07 10:27:38","model":"Cotech-367959","id":13,"humidity":97,"temperature":46.939130434782605,"wind_avg_mph":0.8753243478260869,"wind_dir_deg":282.69565217391306,"rain_in":0}}