{"Cotech-367959":{"time":"2026-01-05 02:42:48","model":"Cotech-367959","id":13,"humidity":98,"temperature":50.14565217391304,"wind_avg_mph":0.06808078260869566,"wind_dir_deg":139.84782608695653,"rain_in":0}}