{"Cotech-367959":{"time":"2026-01-05 16:00:40","model":"Cotech-367959","id":13,"humidity":85,"temperature":52.00943396226412,"wind_avg_mph":2.983993547169812,"wind_dir_deg":113.98113207547169,"rain_in":0}}