{"Cotech-367959":{"time":"2026-01-03 16:41:43","model":"Cotech-367959","id":13,"humidity":89,"temperature":56.584210526315715,"wind_avg_mph":2.6725546315789463,"wind_dir_deg":107.33333333333333,"rain_in":0}}