{"Cotech-367959":{"time":"2026-01-05 07:34:48","model":"Cotech-367959","id":13,"humidity":98,"temperature":48.80784313725489,"wind_avg_mph":0.043861568627450984,"wind_dir_deg":82.37254901960785,"rain_in":0}}