{"Cotech-367959":{"time":"2026-01-09 06:46:35","model":"Cotech-367959","id":13,"humidity":62,"temperature":42.27924528301884,"wind_avg_mph":0.7597154716981127,"wind_dir_deg":256.9811320754717,"rain_in":0}}