{"Cotech-367959":{"time":"2026-01-03 20:56:07","model":"Cotech-367959","id":13,"humidity":71,"temperature":63.51764705882351,"wind_avg_mph":4.23264137254902,"wind_dir_deg":102.37254901960785,"rain_in":0}}