{"Cotech-367959":{"time":"2026-01-04 02:14:31","model":"Cotech-367959","id":13,"humidity":82,"temperature":55.72641509433958,"wind_avg_mph":3.0599650943396233,"wind_dir_deg":100.86792452830188,"rain_in":0}}