{"Cotech-367959":{"time":"2026-01-02 04:10:15","model":"Cotech-367959","id":13,"humidity":95,"temperature":55.40444444444449,"wind_avg_mph":0.9146599111111107,"wind_dir_deg":113.82222222222222,"rain_in":0}}