{"Cotech-367959":{"time":"2026-01-08 12:27:06","model":"Cotech-367959","id":13,"humidity":77,"temperature":44.842857142857135,"wind_avg_mph":0.6071694285714282,"wind_dir_deg":234.25,"rain_in":0}}