{"Cotech-367959":{"time":"2025-12-31 02:19:49","model":"Cotech-367959","id":13,"humidity":91,"temperature":44.358181818181805,"wind_avg_mph":0,"wind_dir_deg":92.07272727272728,"rain_in":0}}