{"Cotech-367959":{"time":"2026-01-09 11:32:59","model":"Cotech-367959","id":13,"humidity":68,"temperature":39.86250000000002,"wind_avg_mph":0.3994535714285713,"wind_dir_deg":299.7142857142857,"rain_in":0}}