{"Cotech-367959":{"time":"2026-01-04 22:53:28","model":"Cotech-367959","id":13,"humidity":98,"temperature":51.67592592592595,"wind_avg_mph":1.3504489629629628,"wind_dir_deg":100.5925925925926,"rain_in":0}}