{"Cotech-367959":{"time":"2026-01-09 22:10:04","model":"Cotech-367959","id":13,"humidity":27,"temperature":63.84600000000003,"wind_avg_mph":1.3913766800000003,"wind_dir_deg":187.36,"rain_in":0}}