{"Cotech-367959":{"time":"2026-01-08 13:50:02","model":"Cotech-367959","id":13,"humidity":86,"temperature":41.28666666666666,"wind_avg_mph":0.0695936888888889,"wind_dir_deg":274.55555555555554,"rain_in":0}}