{"Cotech-367959":{"time":"2026-01-05 21:41:45","model":"Cotech-367959","id":13,"humidity":83,"temperature":55.03035714285715,"wind_avg_mph":4.0784209642857165,"wind_dir_deg":106.42857142857143,"rain_in":0}}