{"Cotech-367959":{"time":"2026-01-09 07:44:59","model":"Cotech-367959","id":13,"humidity":66,"temperature":41.078431372549005,"wind_avg_mph":0.8728452156862742,"wind_dir_deg":271.3137254901961,"rain_in":0}}