{"Cotech-367959":{"time":"2026-01-03 07:08:55","model":"Cotech-367959","id":13,"humidity":96,"temperature":55.44000000000003,"wind_avg_mph":4.12491736,"wind_dir_deg":102.44,"rain_in":0}}