{"Cotech-367959":{"time":"2026-01-02 09:12:55","model":"Cotech-367959","id":13,"humidity":97,"temperature":53.79400000000001,"wind_avg_mph":0.031317160000000004,"wind_dir_deg":257.62,"rain_in":0}}