{"Cotech-367959":{"time":"2026-01-09 05:32:59","model":"Cotech-367959","id":13,"humidity":45,"temperature":48.008510638297885,"wind_avg_mph":0.9994838297872335,"wind_dir_deg":100.97872340425532,"rain_in":0}}