{"Cotech-367959":{"time":"2026-01-04 03:37:11","model":"Cotech-367959","id":13,"humidity":88,"temperature":54.77058823529408,"wind_avg_mph":1.3246193725490194,"wind_dir_deg":109.68627450980392,"rain_in":0}}