{"Cotech-367959":{"time":"2026-01-04 07:18:00","model":"Cotech-367959","id":13,"humidity":91,"temperature":53.894545454545494,"wind_avg_mph":1.5861938181818183,"wind_dir_deg":105.56363636363636,"rain_in":0}}