{"Cotech-367959":{"time":"2026-01-09 02:56:27","model":"Cotech-367959","id":13,"humidity":51,"temperature":46.108163265306125,"wind_avg_mph":1.57042318367347,"wind_dir_deg":258.0612244897959,"rain_in":0}}