{"Cotech-367959":{"time":"2026-01-06 14:03:37","model":"Cotech-367959","id":13,"humidity":97,"temperature":48.42499999999999,"wind_avg_mph":1.828268269230769,"wind_dir_deg":275.75,"rain_in":0}}