{"Cotech-367959":{"time":"2026-01-08 06:47:06","model":"Cotech-367959","id":13,"humidity":89,"temperature":48.697872340425505,"wind_avg_mph":0.5092608085106382,"wind_dir_deg":131.80851063829786,"rain_in":0}}