{"Cotech-367959":{"time":"2026-01-07 05:50:33","model":"Cotech-367959","id":13,"humidity":97,"temperature":48.286440677966056,"wind_avg_mph":1.232212711864406,"wind_dir_deg":278.45762711864404,"rain_in":0}}