{"Cotech-367959":{"time":"2026-01-01 03:05:42","model":"Cotech-367959","id":13,"humidity":97,"temperature":50.61632653061219,"wind_avg_mph":0.06847775510204082,"wind_dir_deg":176.85714285714286,"rain_in":0}}