{"Cotech-367959":{"time":"2026-01-09 20:45:32","model":"Cotech-367959","id":13,"humidity":29,"temperature":60.883018867924555,"wind_avg_mph":1.240868603773585,"wind_dir_deg":208.0566037735849,"rain_in":0}}