{"Cotech-367959":{"time":"2026-01-02 07:20:39","model":"Cotech-367959","id":13,"humidity":97,"temperature":54.08771929824558,"wind_avg_mph":0.5101792982456139,"wind_dir_deg":131.17543859649123,"rain_in":0}}