{"Cotech-367959":{"time":"2026-01-06 11:33:29","model":"Cotech-367959","id":13,"humidity":98,"temperature":49.21929824561402,"wind_avg_mph":0.6710820000000001,"wind_dir_deg":287,"rain_in":0}}