{"Cotech-367959":{"time":"2026-01-08 18:03:39","model":"Cotech-367959","id":13,"humidity":72,"temperature":47.71000000000001,"wind_avg_mph":0.46080963999999985,"wind_dir_deg":140.24,"rain_in":0}}