{"Cotech-367959":{"time":"2026-01-06 11:23:05","model":"Cotech-367959","id":13,"humidity":98,"temperature":49.18863636363638,"wind_avg_mph":0.9710353181818178,"wind_dir_deg":283.04545454545456,"rain_in":0}}