{"Cotech-367959":{"time":"2026-01-08 21:59:55","model":"Cotech-367959","id":13,"humidity":34,"temperature":61.553333333333306,"wind_avg_mph":1.2526863999999995,"wind_dir_deg":196.64444444444445,"rain_in":0}}