{"Cotech-367959":{"time":"2026-01-07 23:43:54","model":"Cotech-367959","id":13,"humidity":74,"temperature":59.10204081632655,"wind_avg_mph":2.026941551020408,"wind_dir_deg":172.12244897959184,"rain_in":0}}