{"Cotech-367959":{"time":"2026-01-01 13:39:18","model":"Cotech-367959","id":13,"humidity":98,"temperature":49.33157894736844,"wind_avg_mph":0.14128042105263158,"wind_dir_deg":141.5438596491228,"rain_in":0}}