{"Cotech-367959":{"time":"2026-01-01 18:38:14","model":"Cotech-367959","id":13,"humidity":98,"temperature":52.766000000000034,"wind_avg_mph":0.7963506399999996,"wind_dir_deg":108.92,"rain_in":0}}