{"Cotech-367959":{"time":"2026-01-05 06:52:56","model":"Cotech-367959","id":13,"humidity":98,"temperature":49.08653846153844,"wind_avg_mph":1.3593712307692298,"wind_dir_deg":121.25,"rain_in":0}}