{"Cotech-367959":{"time":"2026-01-03 01:52:07","model":"Cotech-367959","id":13,"humidity":74,"temperature":59.73859649122808,"wind_avg_mph":3.057151333333334,"wind_dir_deg":123.21052631578948,"rain_in":0}}