{"Cotech-367959":{"time":"2026-01-01 10:17:26","model":"Cotech-367959","id":13,"humidity":97,"temperature":49.182456140350844,"wind_avg_mph":0.027471192982456143,"wind_dir_deg":179.78947368421052,"rain_in":0}}