{"Cotech-367959":{"time":"2026-01-03 00:39:03","model":"Cotech-367959","id":13,"humidity":69,"temperature":59.9107142857143,"wind_avg_mph":1.462000071428571,"wind_dir_deg":110.14285714285714,"rain_in":0}}