{"Cotech-367959":{"time":"2026-01-05 18:02:48","model":"Cotech-367959","id":13,"humidity":79,"temperature":55.09215686274507,"wind_avg_mph":3.728233333333332,"wind_dir_deg":112.45098039215686,"rain_in":0}}