{"Cotech-367959":{"time":"2026-01-04 02:58:31","model":"Cotech-367959","id":13,"humidity":87,"temperature":54.68653846153846,"wind_avg_mph":2.3444851923076917,"wind_dir_deg":100.38461538461539,"rain_in":0}}