{"Cotech-367959":{"time":"2026-01-04 19:23:52","model":"Cotech-367959","id":13,"humidity":98,"temperature":51.72857142857148,"wind_avg_mph":2.169032892857143,"wind_dir_deg":105.64285714285714,"rain_in":0}}