{"Cotech-367959":{"time":"2026-01-06 01:35:53","model":"Cotech-367959","id":13,"humidity":97,"temperature":51.865217391304384,"wind_avg_mph":1.8138665652173913,"wind_dir_deg":120.6304347826087,"rain_in":0}}