{"Cotech-367959":{"time":"2026-01-09 17:07:24","model":"Cotech-367959","id":13,"humidity":59,"temperature":44.36346153846155,"wind_avg_mph":0.2365994230769231,"wind_dir_deg":195.84615384615384,"rain_in":0}}