{"Cotech-367959":{"time":"2026-01-04 07:54:48","model":"Cotech-367959","id":13,"humidity":91,"temperature":53.76222222222225,"wind_avg_mph":1.4366125777777776,"wind_dir_deg":102.8,"rain_in":0}}