{"Cotech-367959":{"time":"2026-01-01 09:59:02","model":"Cotech-367959","id":13,"humidity":97,"temperature":49.2303571428571,"wind_avg_mph":0.19573225000000002,"wind_dir_deg":272.0892857142857,"rain_in":0}}