{"Cotech-367959":{"time":"2026-01-04 18:04:08","model":"Cotech-367959","id":13,"humidity":98,"temperature":51.47058823529415,"wind_avg_mph":1.6491949803921562,"wind_dir_deg":107.86274509803921,"rain_in":0}}