{"Cotech-367959":{"time":"2026-01-09 21:14:36","model":"Cotech-367959","id":13,"humidity":29,"temperature":60.95769230769233,"wind_avg_mph":2.000340576923077,"wind_dir_deg":258.9230769230769,"rain_in":0}}