{"Cotech-367959":{"time":"2026-01-05 15:43:04","model":"Cotech-367959","id":13,"humidity":86,"temperature":51.56511627906976,"wind_avg_mph":2.767562976744186,"wind_dir_deg":109.81395348837209,"rain_in":0}}