{"Cotech-367959":{"time":"2026-01-09 01:24:11","model":"Cotech-367959","id":13,"humidity":49,"temperature":48.46964285714283,"wind_avg_mph":0.11184700000000002,"wind_dir_deg":85.10714285714286,"rain_in":0}}