{"Cotech-367959":{"time":"2026-01-04 13:10:00","model":"Cotech-367959","id":13,"humidity":97,"temperature":51.3679245283019,"wind_avg_mph":1.211324113207547,"wind_dir_deg":84.32075471698113,"rain_in":0}}