{"Cotech-367959":{"time":"2026-01-03 16:23:19","model":"Cotech-367959","id":13,"humidity":90,"temperature":56.19215686274507,"wind_avg_mph":2.2369399999999993,"wind_dir_deg":104.6078431372549,"rain_in":0}}