{"Cotech-367959":{"time":"2026-01-02 02:48:07","model":"Cotech-367959","id":13,"humidity":94,"temperature":55.65434782608693,"wind_avg_mph":0.18479069565217393,"wind_dir_deg":268.7826086956522,"rain_in":0}}