{"Cotech-367959":{"time":"2026-01-02 23:15:51","model":"Cotech-367959","id":13,"humidity":65,"temperature":60.91428571428577,"wind_avg_mph":2.113680040816326,"wind_dir_deg":129.75510204081633,"rain_in":0}}