{"Cotech-367959":{"time":"2026-01-04 11:04:24","model":"Cotech-367959","id":13,"humidity":97,"temperature":52.48444444444447,"wind_avg_mph":3.3852358666666658,"wind_dir_deg":113.66666666666667,"rain_in":0}}