{"Cotech-367959":{"time":"2026-01-06 11:14:49","model":"Cotech-367959","id":13,"humidity":98,"temperature":49.12199999999995,"wind_avg_mph":0.5100223199999998,"wind_dir_deg":292.34,"rain_in":0}}