{"Cotech-367959":{"time":"2026-01-02 15:15:03","model":"Cotech-367959","id":13,"humidity":95,"temperature":50.920000000000066,"wind_avg_mph":0.3375745818181818,"wind_dir_deg":260.05454545454546,"rain_in":0}}