{"Cotech-367959":{"time":"2026-01-08 18:42:03","model":"Cotech-367959","id":13,"humidity":66,"temperature":49.82000000000002,"wind_avg_mph":0.488059636363636,"wind_dir_deg":191,"rain_in":0}}