{"Cotech-367959":{"time":"2026-01-03 06:33:27","model":"Cotech-367959","id":13,"humidity":96,"temperature":55.34200000000004,"wind_avg_mph":3.878853959999999,"wind_dir_deg":105.18,"rain_in":0}}