{"Cotech-367959":{"time":"2026-01-08 06:29:30","model":"Cotech-367959","id":13,"humidity":87,"temperature":48.54999999999996,"wind_avg_mph":0.008603615384615387,"wind_dir_deg":231.17307692307693,"rain_in":0}}