{"Cotech-367959":{"time":"2026-01-02 08:26:31","model":"Cotech-367959","id":13,"humidity":97,"temperature":53.4843137254902,"wind_avg_mph":0.09649545098039217,"wind_dir_deg":158.64705882352942,"rain_in":0}}