{"Cotech-367959":{"time":"2026-01-02 10:35:19","model":"Cotech-367959","id":13,"humidity":97,"temperature":53.937500000000036,"wind_avg_mph":0.11184700000000002,"wind_dir_deg":272.3392857142857,"rain_in":0}}