{"Cotech-367959":{"time":"2026-01-08 00:10:50","model":"Cotech-367959","id":13,"humidity":77,"temperature":58.00869565217388,"wind_avg_mph":3.3116437826086944,"wind_dir_deg":90.54347826086956,"rain_in":0}}