{"Cotech-367959":{"time":"2026-01-07 14:30:34","model":"Cotech-367959","id":13,"humidity":98,"temperature":48.48039215686279,"wind_avg_mph":0.06140619607843138,"wind_dir_deg":309.3529411764706,"rain_in":0}}