{"Cotech-367959":{"time":"2025-12-31 22:22:14","model":"Cotech-367959","id":13,"humidity":90,"temperature":50.71333333333333,"wind_avg_mph":0,"wind_dir_deg":178.17777777777778,"rain_in":0}}