{"Cotech-367959":{"time":"2025-12-31 03:20:37","model":"Cotech-367959","id":13,"humidity":91,"temperature":43.83454545454544,"wind_avg_mph":0,"wind_dir_deg":269.94545454545454,"rain_in":0}}