{"Cotech-367959":{"time":"2026-01-04 05:06:47","model":"Cotech-367959","id":13,"humidity":85,"temperature":55.02115384615384,"wind_avg_mph":2.396106884615384,"wind_dir_deg":102.9423076923077,"rain_in":0}}