{"Cotech-367959":{"time":"2026-01-04 07:36:24","model":"Cotech-367959","id":13,"humidity":91,"temperature":53.64629629629626,"wind_avg_mph":1.271741814814814,"wind_dir_deg":108.66666666666667,"rain_in":0}}