{"Cotech-367959":{"time":"2026-01-05 01:20:56","model":"Cotech-367959","id":13,"humidity":98,"temperature":50.90363636363641,"wind_avg_mph":0.8703730181818177,"wind_dir_deg":98.85454545454546,"rain_in":0}}