{"Cotech-367959":{"time":"2026-01-03 19:01:59","model":"Cotech-367959","id":13,"humidity":87,"temperature":58.54821428571429,"wind_avg_mph":4.669612249999999,"wind_dir_deg":109.16071428571429,"rain_in":0}}