{"Cotech-367959":{"time":"2026-01-06 07:29:13","model":"Cotech-367959","id":13,"humidity":97,"temperature":50.56346153846152,"wind_avg_mph":0.8345506923076922,"wind_dir_deg":287.09615384615387,"rain_in":0}}