{"Cotech-367959":{"time":"2026-01-05 01:47:36","model":"Cotech-367959","id":13,"humidity":98,"temperature":50.82499999999998,"wind_avg_mph":0.44738799999999995,"wind_dir_deg":75.11363636363636,"rain_in":0}}