{"Cotech-367959":{"time":"2025-12-31 09:07:17","model":"Cotech-367959","id":13,"humidity":81,"temperature":44.91063829787236,"wind_avg_mph":0,"wind_dir_deg":304.9574468085106,"rain_in":0}}