{"Cotech-367959":{"time":"2026-01-03 11:32:23","model":"Cotech-367959","id":13,"humidity":86,"temperature":56.004347826086985,"wind_avg_mph":4.464154173913044,"wind_dir_deg":102.21739130434783,"rain_in":0}}