{"Cotech-367959":{"time":"2026-01-05 00:42:16","model":"Cotech-367959","id":13,"humidity":97,"temperature":51.099999999999994,"wind_avg_mph":1.6863086153846147,"wind_dir_deg":86.42307692307692,"rain_in":0}}