{"Cotech-367959":{"time":"2026-01-02 01:10:31","model":"Cotech-367959","id":13,"humidity":88,"temperature":57.17799999999999,"wind_avg_mph":1.2750558000000003,"wind_dir_deg":120.68,"rain_in":0}}