{"Cotech-367959":{"time":"2026-01-06 22:48:57","model":"Cotech-367959","id":13,"humidity":75,"temperature":60.29607843137256,"wind_avg_mph":0.5263388235294115,"wind_dir_deg":265.3137254901961,"rain_in":0}}