{"Cotech-367959":{"time":"2026-01-17 05:51:13","model":"Cotech-367959","id":13,"humidity":59,"temperature":50.93090909090914,"wind_avg_mph":1.82208930909091,"wind_dir_deg":274.6909090909091,"rain_in":0}}