{"Cotech-367959":{"time":"2026-01-15 12:39:28","model":"Cotech-367959","id":13,"humidity":86,"temperature":45.87796610169495,"wind_avg_mph":2.308977050847456,"wind_dir_deg":274.22033898305085,"rain_in":0}}