{"Cotech-367959":{"time":"2026-01-19 00:56:50","model":"Cotech-367959","id":13,"humidity":57,"temperature":63.54150943396225,"wind_avg_mph":0,"wind_dir_deg":194.79245283018867,"rain_in":0}}