{"Cotech-367959":{"time":"2026-01-15 14:43:44","model":"Cotech-367959","id":13,"humidity":85,"temperature":45.89322033898309,"wind_avg_mph":3.0103904406779645,"wind_dir_deg":270.0169491525424,"rain_in":0}}