{"Cotech-367959":{"time":"2026-01-11 01:39:25","model":"Cotech-367959","id":13,"humidity":62,"temperature":50.901886792452885,"wind_avg_mph":0.01688256603773585,"wind_dir_deg":194.24528301886792,"rain_in":0}}