{"Cotech-367959":{"time":"2026-01-20 09:17:07","model":"Cotech-367959","id":13,"humidity":75,"temperature":46.14583333333332,"wind_avg_mph":1.663724125,"wind_dir_deg":274.6875,"rain_in":0}}