{"Cotech-367959":{"time":"2026-01-19 23:13:23","model":"Cotech-367959","id":13,"humidity":23,"temperature":75.0130434782609,"wind_avg_mph":1.3129865217391303,"wind_dir_deg":242.65217391304347,"rain_in":0}}