{"Cotech-367959":{"time":"2026-01-20 11:52:51","model":"Cotech-367959","id":13,"humidity":85,"temperature":43.48448275862073,"wind_avg_mph":2.0363867586206896,"wind_dir_deg":269.6034482758621,"rain_in":0}}