{"Cotech-367959":{"time":"2026-01-18 01:41:38","model":"Cotech-367959","id":13,"humidity":74,"temperature":57.315555555555534,"wind_avg_mph":0.02485488888888889,"wind_dir_deg":266.4222222222222,"rain_in":0}}