{"Cotech-367959":{"time":"2026-01-15 03:36:48","model":"Cotech-367959","id":13,"humidity":67,"temperature":51.852083333333375,"wind_avg_mph":0.2982586666666667,"wind_dir_deg":289.2083333333333,"rain_in":0}}