{"Cotech-367959":{"time":"2026-01-18 08:20:34","model":"Cotech-367959","id":13,"humidity":75,"temperature":50.096491228070136,"wind_avg_mph":2.2683356491228066,"wind_dir_deg":276.7543859649123,"rain_in":0}}