{"Cotech-367959":{"time":"2026-01-10 01:01:16","model":"Cotech-367959","id":13,"humidity":40,"temperature":53.765999999999984,"wind_avg_mph":0.24606340000000004,"wind_dir_deg":214.26,"rain_in":0}}