{"Cotech-367959":{"time":"2026-01-19 05:25:06","model":"Cotech-367959","id":13,"humidity":75,"temperature":50.5830508474576,"wind_avg_mph":1.6644350169491526,"wind_dir_deg":277.8813559322034,"rain_in":0}}