{"Cotech-367959":{"time":"2026-01-20 02:00:51","model":"Cotech-367959","id":13,"humidity":45,"temperature":56.589473684210574,"wind_avg_mph":0.31003203508771926,"wind_dir_deg":258.43859649122805,"rain_in":0}}