{"Cotech-367959":{"time":"2026-01-15 02:32:48","model":"Cotech-367959","id":13,"humidity":69,"temperature":53.81276595744679,"wind_avg_mph":0.09518893617021278,"wind_dir_deg":208.51063829787233,"rain_in":0}}