{"Cotech-367959":{"time":"2026-01-10 00:25:32","model":"Cotech-367959","id":13,"humidity":30,"temperature":59.24912280701755,"wind_avg_mph":0.14912933333333334,"wind_dir_deg":185,"rain_in":0}}