{"Cotech-367959":{"time":"2026-01-19 07:26:10","model":"Cotech-367959","id":13,"humidity":76,"temperature":48.42127659574471,"wind_avg_mph":1.399277361702127,"wind_dir_deg":276.1489361702128,"rain_in":0}}