{"Cotech-367959":{"time":"2026-01-20 07:07:15","model":"Cotech-367959","id":13,"humidity":68,"temperature":48.368749999999984,"wind_avg_mph":0.06524408333333334,"wind_dir_deg":289.8541666666667,"rain_in":0}}