{"Cotech-367959":{"time":"2026-01-10 10:51:24","model":"Cotech-367959","id":13,"humidity":82,"temperature":38.54576271186439,"wind_avg_mph":0.9933530169491525,"wind_dir_deg":273.8305084745763,"rain_in":0}}