{"Cotech-367959":{"time":"2026-01-18 07:15:30","model":"Cotech-367959","id":13,"humidity":73,"temperature":50.796428571428585,"wind_avg_mph":1.6257760357142854,"wind_dir_deg":274.9107142857143,"rain_in":0}}