{"Cotech-367959":{"time":"2026-01-15 11:04:16","model":"Cotech-367959","id":13,"humidity":79,"temperature":47.2958333333333,"wind_avg_mph":0.5825364583333331,"wind_dir_deg":286.8541666666667,"rain_in":0}}