{"Cotech-367959":{"time":"2026-01-19 01:15:30","model":"Cotech-367959","id":13,"humidity":61,"temperature":61.11864406779661,"wind_avg_mph":0.022748542372881358,"wind_dir_deg":254.52542372881356,"rain_in":0}}