{"Cotech-367959":{"time":"2026-01-18 09:25:54","model":"Cotech-367959","id":13,"humidity":71,"temperature":50.79019607843138,"wind_avg_mph":2.3772970196078433,"wind_dir_deg":273.9019607843137,"rain_in":0}}