{"Cotech-367959":{"time":"2026-01-10 10:41:00","model":"Cotech-367959","id":13,"humidity":82,"temperature":38.35,"wind_avg_mph":0.43279926086956505,"wind_dir_deg":287.0869565217391,"rain_in":0}}