{"Cotech-367959":{"time":"2026-01-18 15:57:38","model":"Cotech-367959","id":13,"humidity":78,"temperature":49.95531914893617,"wind_avg_mph":1.899019276595745,"wind_dir_deg":273.6170212765957,"rain_in":0}}