{"Cotech-367959":{"time":"2026-01-18 23:18:26","model":"Cotech-367959","id":13,"humidity":40,"temperature":75.75438596491227,"wind_avg_mph":0.4984059298245613,"wind_dir_deg":145.3859649122807,"rain_in":0}}