{"Cotech-367959":{"time":"2026-01-19 09:52:19","model":"Cotech-367959","id":13,"humidity":77,"temperature":46.38913043478263,"wind_avg_mph":1.6047613043478257,"wind_dir_deg":275.3478260869565,"rain_in":0}}