{"Cotech-367959":{"time":"2026-01-15 12:28:48","model":"Cotech-367959","id":13,"humidity":86,"temperature":45.78500000000004,"wind_avg_mph":2.1735600333333327,"wind_dir_deg":273.56666666666666,"rain_in":0}}