{"Cotech-367959":{"time":"2026-01-17 21:23:46","model":"Cotech-367959","id":13,"humidity":37,"temperature":74.04599999999999,"wind_avg_mph":0.4160708399999999,"wind_dir_deg":135,"rain_in":0}}