{"Cotech-367959":{"time":"2026-01-18 08:39:14","model":"Cotech-367959","id":13,"humidity":74,"temperature":50.05869565217391,"wind_avg_mph":0.37444430434782616,"wind_dir_deg":241.56521739130434,"rain_in":0}}