{"Cotech-367959":{"time":"2026-01-09 23:46:52","model":"Cotech-367959","id":13,"humidity":25,"temperature":66.72413793103448,"wind_avg_mph":0.5360942413793102,"wind_dir_deg":159.93103448275863,"rain_in":0}}