{"Cotech-367959":{"time":"2026-01-10 00:34:04","model":"Cotech-367959","id":13,"humidity":32,"temperature":57.50833333333332,"wind_avg_mph":0.2563160416666667,"wind_dir_deg":228.47916666666666,"rain_in":0}}