{"Cotech-367959":{"time":"2026-01-15 12:01:04","model":"Cotech-367959","id":13,"humidity":85,"temperature":45.89800000000001,"wind_avg_mph":1.565858,"wind_dir_deg":273.42,"rain_in":0}}