{"Cotech-367959":{"time":"2026-01-10 19:46:21","model":"Cotech-367959","id":13,"humidity":54,"temperature":56.171111111111145,"wind_avg_mph":0.8947759999999998,"wind_dir_deg":176.46666666666667,"rain_in":0}}