{"Cotech-367959":{"time":"2026-01-10 22:46:37","model":"Cotech-367959","id":13,"humidity":40,"temperature":65.74406779661018,"wind_avg_mph":0.8265303728813554,"wind_dir_deg":162.25423728813558,"rain_in":0}}