{"Cotech-367959":{"time":"2026-01-20 03:23:31","model":"Cotech-367959","id":13,"humidity":60,"temperature":51.820338983050895,"wind_avg_mph":1.0540157966101693,"wind_dir_deg":262.33898305084745,"rain_in":0}}