{"Cotech-367959":{"time":"2026-01-18 12:40:50","model":"Cotech-367959","id":13,"humidity":80,"temperature":48.19555555555556,"wind_avg_mph":1.3869027999999997,"wind_dir_deg":276.6222222222222,"rain_in":0}}