{"Cotech-367959":{"time":"2026-01-19 17:52:35","model":"Cotech-367959","id":13,"humidity":69,"temperature":54.606521739130436,"wind_avg_mph":0.038903304347826094,"wind_dir_deg":142.17391304347825,"rain_in":0}}