{"Cotech-367959":{"time":"2026-01-20 01:32:03","model":"Cotech-367959","id":13,"humidity":41,"temperature":59.16382978723405,"wind_avg_mph":0.666322553191489,"wind_dir_deg":283.74468085106383,"rain_in":0}}