{"Cotech-367959":{"time":"2026-01-18 12:24:18","model":"Cotech-367959","id":13,"humidity":77,"temperature":48.69433962264151,"wind_avg_mph":0.2616797735849057,"wind_dir_deg":250.30188679245282,"rain_in":0}}