{"Cotech-367959":{"time":"2026-01-20 06:08:51","model":"Cotech-367959","id":13,"humidity":67,"temperature":48.79999999999999,"wind_avg_mph":1.879981489361702,"wind_dir_deg":273.93617021276594,"rain_in":0}}