{"Cotech-367959":{"time":"2026-01-19 12:46:27","model":"Cotech-367959","id":13,"humidity":74,"temperature":45.87413793103449,"wind_avg_mph":0.1619853103448276,"wind_dir_deg":189.1551724137931,"rain_in":0}}