{"Cotech-367959":{"time":"2026-01-19 22:15:15","model":"Cotech-367959","id":13,"humidity":26,"temperature":76.17307692307695,"wind_avg_mph":1.0625464999999998,"wind_dir_deg":194.01923076923077,"rain_in":0}}