{"Cotech-367959":{"time":"2026-01-20 08:22:59","model":"Cotech-367959","id":13,"humidity":70,"temperature":47.478947368421075,"wind_avg_mph":2.10350849122807,"wind_dir_deg":275.719298245614,"rain_in":0}}