{"Cotech-367959":{"time":"2026-01-18 00:53:54","model":"Cotech-367959","id":13,"humidity":63,"temperature":61.86086956521739,"wind_avg_mph":0,"wind_dir_deg":265.9782608695652,"rain_in":0}}