{"Cotech-367959":{"time":"2026-01-18 11:45:06","model":"Cotech-367959","id":13,"humidity":77,"temperature":49.1363636363636,"wind_avg_mph":1.0320427727272725,"wind_dir_deg":272.6818181818182,"rain_in":0}}