{"Cotech-367959":{"time":"2026-01-20 01:23:31","model":"Cotech-367959","id":13,"humidity":40,"temperature":60.16603773584905,"wind_avg_mph":0.34609260377358486,"wind_dir_deg":267.66037735849056,"rain_in":0}}