{"Cotech-367959":{"time":"2026-01-10 08:43:24","model":"Cotech-367959","id":13,"humidity":73,"temperature":39.718965517241394,"wind_avg_mph":0.6865091724137927,"wind_dir_deg":254.98275862068965,"rain_in":0}}