{"Cotech-367959":{"time":"2026-01-09 23:15:40","model":"Cotech-367959","id":13,"humidity":27,"temperature":66.29824561403511,"wind_avg_mph":0.40029452631578916,"wind_dir_deg":103.75438596491227,"rain_in":0}}