{"Cotech-367959":{"time":"2026-01-18 07:33:06","model":"Cotech-367959","id":13,"humidity":74,"temperature":50.68679245283019,"wind_avg_mph":1.7051391698113207,"wind_dir_deg":278.9622641509434,"rain_in":0}}