{"Cotech-367959":{"time":"2026-01-10 08:22:36","model":"Cotech-367959","id":13,"humidity":72,"temperature":40.14807692307689,"wind_avg_mph":0.7743253846153846,"wind_dir_deg":286.75,"rain_in":0}}