{"Cotech-367959":{"time":"2026-01-10 08:33:00","model":"Cotech-367959","id":13,"humidity":73,"temperature":39.76140350877192,"wind_avg_mph":0.6122151578947365,"wind_dir_deg":293.50877192982455,"rain_in":0}}