{"Cotech-367959":{"time":"2026-01-18 12:14:58","model":"Cotech-367959","id":13,"humidity":76,"temperature":49.33571428571433,"wind_avg_mph":1.7536011785714283,"wind_dir_deg":279.23214285714283,"rain_in":0}}