{"Cotech-367959":{"time":"2026-01-18 08:30:58","model":"Cotech-367959","id":13,"humidity":75,"temperature":50.15614035087718,"wind_avg_mph":1.632573754385965,"wind_dir_deg":267.94736842105266,"rain_in":0}}