{"Cotech-367959":{"time":"2026-01-10 10:07:08","model":"Cotech-367959","id":13,"humidity":80,"temperature":38.73620689655174,"wind_avg_mph":1.8435471034482773,"wind_dir_deg":273,"rain_in":0}}