{"Cotech-367959":{"time":"2026-01-20 11:42:27","model":"Cotech-367959","id":13,"humidity":83,"temperature":44.168749999999996,"wind_avg_mph":2.1250929999999992,"wind_dir_deg":274.375,"rain_in":0}}