{"Cotech-367959":{"time":"2026-01-19 02:20:34","model":"Cotech-367959","id":13,"humidity":72,"temperature":55.292452830188665,"wind_avg_mph":0.4094022264150942,"wind_dir_deg":290.62264150943395,"rain_in":0}}