{"Cotech-367959":{"time":"2026-01-18 15:40:02","model":"Cotech-367959","id":13,"humidity":80,"temperature":49.18627450980389,"wind_avg_mph":2.179919960784313,"wind_dir_deg":273.2549019607843,"rain_in":0}}