{"Cotech-367959":{"time":"2026-01-17 22:46:26","model":"Cotech-367959","id":13,"humidity":37,"temperature":73.71739130434783,"wind_avg_mph":0.4717025652173912,"wind_dir_deg":238.34782608695653,"rain_in":0}}