{"Cotech-367959":{"time":"2026-01-19 13:52:51","model":"Cotech-367959","id":13,"humidity":75,"temperature":45.73157894736841,"wind_avg_mph":1.3029194385964908,"wind_dir_deg":285.35087719298247,"rain_in":0}}