{"Cotech-367959":{"time":"2026-01-18 22:00:34","model":"Cotech-367959","id":13,"humidity":37,"temperature":75.83214285714283,"wind_avg_mph":0.6311366428571424,"wind_dir_deg":193.89285714285714,"rain_in":0}}