{"Cotech-367959":{"time":"2026-01-18 13:00:34","model":"Cotech-367959","id":13,"humidity":81,"temperature":47.95294117647054,"wind_avg_mph":1.4342732941176473,"wind_dir_deg":278.3137254901961,"rain_in":0}}