{"Cotech-367959":{"time":"2026-01-15 06:46:40","model":"Cotech-367959","id":13,"humidity":72,"temperature":48.80000000000002,"wind_avg_mph":0.3441446153846154,"wind_dir_deg":192.40384615384616,"rain_in":0}}