{"Cotech-367959":{"time":"2026-01-19 03:50:42","model":"Cotech-367959","id":13,"humidity":74,"temperature":52.74821428571426,"wind_avg_mph":0.4393989285714283,"wind_dir_deg":298.07142857142856,"rain_in":0}}