{"Cotech-367959":{"time":"2026-01-18 04:41:54","model":"Cotech-367959","id":13,"humidity":78,"temperature":51.83404255319152,"wind_avg_mph":0.4235907659574468,"wind_dir_deg":283.51063829787233,"rain_in":0}}