{"Cotech-367959":{"time":"2026-01-09 23:36:28","model":"Cotech-367959","id":13,"humidity":25,"temperature":65.79482758620689,"wind_avg_mph":0.9256303448275859,"wind_dir_deg":219.36206896551724,"rain_in":0}}