{"Cotech-367959":{"time":"2026-01-18 19:57:38","model":"Cotech-367959","id":13,"humidity":52,"temperature":64.50652173913043,"wind_avg_mph":0.9968971739130433,"wind_dir_deg":109.8695652173913,"rain_in":0}}