{"Cotech-367959":{"time":"2026-01-20 16:32:03","model":"Cotech-367959","id":13,"humidity":89,"temperature":43.64509803921567,"wind_avg_mph":1.2807578039215688,"wind_dir_deg":267.2549019607843,"rain_in":0}}