{"Cotech-367959":{"time":"2026-01-18 20:35:46","model":"Cotech-367959","id":13,"humidity":53,"temperature":67.82608695652176,"wind_avg_mph":2.027834739130434,"wind_dir_deg":99.6086956521739,"rain_in":0}}