{"Cotech-367959":{"time":"2026-01-11 08:54:05","model":"Cotech-367959","id":13,"humidity":81,"temperature":42.06304347826091,"wind_avg_mph":1.274083217391304,"wind_dir_deg":277.5217391304348,"rain_in":0}}