{"Cotech-367959":{"time":"2026-01-15 03:18:56","model":"Cotech-367959","id":13,"humidity":67,"temperature":52.753333333333316,"wind_avg_mph":0.19883911111111113,"wind_dir_deg":300.68888888888887,"rain_in":0}}