{"Cotech-367959":{"time":"2026-01-18 20:27:30","model":"Cotech-367959","id":13,"humidity":52,"temperature":68.29622641509437,"wind_avg_mph":1.7093598113207547,"wind_dir_deg":143.24528301886792,"rain_in":0}}