{"Cotech-367959":{"time":"2026-01-19 05:44:50","model":"Cotech-367959","id":13,"humidity":74,"temperature":50.44482758620691,"wind_avg_mph":1.8435471034482758,"wind_dir_deg":278.17241379310343,"rain_in":0}}