{"Cotech-367959":{"time":"2026-01-11 08:07:57","model":"Cotech-367959","id":13,"humidity":81,"temperature":42.429787234042564,"wind_avg_mph":1.6086930212765957,"wind_dir_deg":274.29787234042556,"rain_in":0}}