{"Cotech-367959":{"time":"2026-01-20 08:49:55","model":"Cotech-367959","id":13,"humidity":70,"temperature":47.23777777777777,"wind_avg_mph":1.2526863999999993,"wind_dir_deg":287.2888888888889,"rain_in":0}}