{"Cotech-367959":{"time":"2026-01-19 12:18:27","model":"Cotech-367959","id":13,"humidity":72,"temperature":46.74901960784316,"wind_avg_mph":1.8158689411764704,"wind_dir_deg":278.29411764705884,"rain_in":0}}