{"Cotech-367959":{"time":"2026-01-19 22:54:43","model":"Cotech-367959","id":13,"humidity":24,"temperature":75.78474576271186,"wind_avg_mph":1.3307897288135595,"wind_dir_deg":172.10169491525423,"rain_in":0}}