{"Cotech-367959":{"time":"2026-01-15 08:44:48","model":"Cotech-367959","id":13,"humidity":74,"temperature":47.83000000000002,"wind_avg_mph":1.111013533333333,"wind_dir_deg":264.2,"rain_in":0}}