{"Cotech-367959":{"time":"2026-01-19 01:51:30","model":"Cotech-367959","id":13,"humidity":68,"temperature":57.324444444444424,"wind_avg_mph":0.23860693333333335,"wind_dir_deg":299.44444444444446,"rain_in":0}}