{"Cotech-367959":{"time":"2026-01-10 06:48:12","model":"Cotech-367959","id":13,"humidity":73,"temperature":40.330769230769256,"wind_avg_mph":1.3808802692307685,"wind_dir_deg":284.96153846153845,"rain_in":0}}