{"Cotech-367959":{"time":"2026-01-20 16:12:19","model":"Cotech-367959","id":13,"humidity":89,"temperature":43.45769230769229,"wind_avg_mph":0.8689651538461537,"wind_dir_deg":214.46153846153845,"rain_in":0}}