{"Cotech-367959":{"time":"2026-01-18 02:39:30","model":"Cotech-367959","id":13,"humidity":76,"temperature":54.76470588235291,"wind_avg_mph":0.7588051372549012,"wind_dir_deg":277.921568627451,"rain_in":0}}