{"Cotech-367959":{"time":"2026-01-19 15:36:35","model":"Cotech-367959","id":13,"humidity":79,"temperature":44.97333333333333,"wind_avg_mph":2.127578488888889,"wind_dir_deg":274.8666666666667,"rain_in":0}}