{"Cotech-367959":{"time":"2026-01-17 21:42:58","model":"Cotech-367959","id":13,"humidity":35,"temperature":76.23499999999997,"wind_avg_mph":0.7381901999999998,"wind_dir_deg":163.25,"rain_in":0}}