{"Cotech-367959":{"time":"2026-01-17 23:38:10","model":"Cotech-367959","id":13,"humidity":47,"temperature":68.77999999999999,"wind_avg_mph":0.7605596000000001,"wind_dir_deg":258.3777777777778,"rain_in":0}}