{"Cotech-367959":{"time":"2026-01-19 21:01:23","model":"Cotech-367959","id":13,"humidity":53,"temperature":66.51063829787233,"wind_avg_mph":2.441596212765957,"wind_dir_deg":98.19148936170212,"rain_in":0}}