{"Cotech-367959":{"time":"2026-01-18 20:46:10","model":"Cotech-367959","id":13,"humidity":50,"temperature":68.66896551724136,"wind_avg_mph":1.4771517586206893,"wind_dir_deg":130.43103448275863,"rain_in":0}}