{"Cotech-367959":{"time":"2026-01-18 14:50:26","model":"Cotech-367959","id":13,"humidity":80,"temperature":48.914893617021306,"wind_avg_mph":1.8609437021276594,"wind_dir_deg":276.06382978723406,"rain_in":0}}