{"Cotech-367959":{"time":"2026-01-20 02:09:23","model":"Cotech-367959","id":13,"humidity":48,"temperature":55.84375,"wind_avg_mph":0.6850628749999997,"wind_dir_deg":284.2708333333333,"rain_in":0}}