{"Cotech-367959":{"time":"2026-01-15 14:15:12","model":"Cotech-367959","id":13,"humidity":86,"temperature":45.59361702127656,"wind_avg_mph":2.4273178723404247,"wind_dir_deg":273.02127659574467,"rain_in":0}}