{"Cotech-367959":{"time":"2026-01-11 02:26:37","model":"Cotech-367959","id":13,"humidity":67,"temperature":49.49074074074078,"wind_avg_mph":0.028997370370370375,"wind_dir_deg":319.25925925925924,"rain_in":0}}