{"Cotech-367959":{"time":"2026-01-20 06:58:43","model":"Cotech-367959","id":13,"humidity":64,"temperature":49.55344827586207,"wind_avg_mph":0.4898127241379308,"wind_dir_deg":137.4655172413793,"rain_in":0}}