{"Cotech-367959":{"time":"2026-01-15 08:15:12","model":"Cotech-367959","id":13,"humidity":73,"temperature":47.93620689655171,"wind_avg_mph":1.8242631379310341,"wind_dir_deg":275.7586206896552,"rain_in":0}}