{"Cotech-367959":{"time":"2026-01-20 12:58:27","model":"Cotech-367959","id":13,"humidity":83,"temperature":44.20212765957449,"wind_avg_mph":1.1898617021276594,"wind_dir_deg":235.48936170212767,"rain_in":0}}