{"Cotech-367959":{"time":"2026-01-20 13:07:47","model":"Cotech-367959","id":13,"humidity":83,"temperature":44.177999999999976,"wind_avg_mph":0.24158952000000003,"wind_dir_deg":150.82,"rain_in":0}}