{"Cotech-367959":{"time":"2026-01-18 17:18:10","model":"Cotech-367959","id":13,"humidity":70,"temperature":54.63207547169812,"wind_avg_mph":0.36297516981132066,"wind_dir_deg":220.67924528301887,"rain_in":0}}