{"Cotech-367959":{"time":"2026-01-10 00:05:48","model":"Cotech-367959","id":13,"humidity":27,"temperature":63.63617021276592,"wind_avg_mph":0.509260808510638,"wind_dir_deg":156.7872340425532,"rain_in":0}}