{"Cotech-367959":{"time":"2026-01-10 01:47:24","model":"Cotech-367959","id":13,"humidity":46,"temperature":49.11063829787233,"wind_avg_mph":0.24749123404255322,"wind_dir_deg":286.8085106382979,"rain_in":0}}