{"Cotech-367959":{"time":"2026-01-15 04:25:20","model":"Cotech-367959","id":13,"humidity":67,"temperature":51.50754716981128,"wind_avg_mph":2.3086909056603764,"wind_dir_deg":273.1509433962264,"rain_in":0}}