{"Cotech-367959":{"time":"2026-01-20 12:03:15","model":"Cotech-367959","id":13,"humidity":86,"temperature":43.420689655172424,"wind_avg_mph":0.8060697586206894,"wind_dir_deg":258.36206896551727,"rain_in":0}}