{"Cotech-367959":{"time":"2026-01-10 21:29:33","model":"Cotech-367959","id":13,"humidity":39,"temperature":66.78888888888889,"wind_avg_mph":0.654512074074074,"wind_dir_deg":147.38888888888889,"rain_in":0}}