{"Cotech-367959":{"time":"2026-01-10 09:03:08","model":"Cotech-367959","id":13,"humidity":76,"temperature":39.217543859649126,"wind_avg_mph":1.546235719298246,"wind_dir_deg":281.1578947368421,"rain_in":0}}