{"Cotech-367959":{"time":"2026-01-19 15:46:59","model":"Cotech-367959","id":13,"humidity":78,"temperature":45.366071428571445,"wind_avg_mph":2.532535642857142,"wind_dir_deg":274.89285714285717,"rain_in":0}}