{"Cotech-367959":{"time":"2026-01-15 13:18:56","model":"Cotech-367959","id":13,"humidity":88,"temperature":44.853703703703694,"wind_avg_mph":2.1250929999999992,"wind_dir_deg":272.74074074074076,"rain_in":0}}