{"Cotech-367959":{"time":"2026-01-15 09:44:00","model":"Cotech-367959","id":13,"humidity":73,"temperature":47.638983050847465,"wind_avg_mph":0.43601372881355915,"wind_dir_deg":285.2542372881356,"rain_in":0}}