{"Cotech-367959":{"time":"2026-01-19 10:20:19","model":"Cotech-367959","id":13,"humidity":79,"temperature":45.47368421052636,"wind_avg_mph":1.9112101403508772,"wind_dir_deg":274.2280701754386,"rain_in":0}}