{"Cotech-367959":{"time":"2026-01-20 02:28:03","model":"Cotech-367959","id":13,"humidity":54,"temperature":54.35094339622641,"wind_avg_mph":0.2025907924528302,"wind_dir_deg":289.6981132075472,"rain_in":0}}