{"Cotech-367959":{"time":"2026-01-18 02:47:46","model":"Cotech-367959","id":13,"humidity":77,"temperature":54.32608695652175,"wind_avg_mph":0.9920342608695647,"wind_dir_deg":273.2826086956522,"rain_in":0}}