{"Cotech-367959":{"time":"2026-01-10 20:24:13","model":"Cotech-367959","id":13,"humidity":48,"temperature":59.37719298245612,"wind_avg_mph":1.3421640000000001,"wind_dir_deg":236.9298245614035,"rain_in":0}}