{"Cotech-367959":{"time":"2026-01-10 23:41:01","model":"Cotech-367959","id":13,"humidity":42,"temperature":64.08867924528302,"wind_avg_mph":0.861010867924528,"wind_dir_deg":228.41509433962264,"rain_in":0}}