{"Cotech-367959":{"time":"2026-01-10 11:46:52","model":"Cotech-367959","id":13,"humidity":83,"temperature":38.167241379310326,"wind_avg_mph":0.5823757586206896,"wind_dir_deg":275.5,"rain_in":0}}