{"Cotech-367959":{"time":"2026-01-18 06:16:50","model":"Cotech-367959","id":13,"humidity":74,"temperature":51.30175438596488,"wind_avg_mph":1.5854802807017538,"wind_dir_deg":276.50877192982455,"rain_in":0}}