{"Cotech-367959":{"time":"2026-01-20 16:41:23","model":"Cotech-367959","id":13,"humidity":89,"temperature":43.692452830188714,"wind_avg_mph":1.6376089056603758,"wind_dir_deg":279.45283018867923,"rain_in":0}}