{"Cotech-367959":{"time":"2026-01-11 08:16:29","model":"Cotech-367959","id":13,"humidity":81,"temperature":42.23829787234044,"wind_avg_mph":1.34692344680851,"wind_dir_deg":275.0851063829787,"rain_in":0}}