{"Cotech-367959":{"time":"2026-01-18 00:45:38","model":"Cotech-367959","id":13,"humidity":61,"temperature":62.73137254901963,"wind_avg_mph":0.021930784313725492,"wind_dir_deg":269.29411764705884,"rain_in":0}}