{"Cotech-367959":{"time":"2026-01-18 07:51:46","model":"Cotech-367959","id":13,"humidity":74,"temperature":50.51739130434784,"wind_avg_mph":0.9190905652173905,"wind_dir_deg":290.0652173913044,"rain_in":0}}