{"Cotech-367959":{"time":"2026-01-15 11:51:44","model":"Cotech-367959","id":13,"humidity":84,"temperature":46.143333333333324,"wind_avg_mph":1.2750557999999999,"wind_dir_deg":276.46666666666664,"rain_in":0}}