{"Cotech-367959":{"time":"2026-01-19 13:23:47","model":"Cotech-367959","id":13,"humidity":73,"temperature":46.25686274509809,"wind_avg_mph":1.1974208235294117,"wind_dir_deg":285.98039215686276,"rain_in":0}}