{"Cotech-367959":{"time":"2026-01-15 10:55:44","model":"Cotech-367959","id":13,"humidity":79,"temperature":47.13555555555554,"wind_avg_mph":0.41259115555555553,"wind_dir_deg":281.1111111111111,"rain_in":0}}