{"Cotech-367959":{"time":"2026-01-10 11:36:28","model":"Cotech-367959","id":13,"humidity":83,"temperature":38.50208333333332,"wind_avg_mph":1.3095419583333336,"wind_dir_deg":280.4583333333333,"rain_in":0}}