{"Cotech-367959":{"time":"2026-01-20 06:19:15","model":"Cotech-367959","id":13,"humidity":67,"temperature":48.486206896551735,"wind_avg_mph":2.5994785517241383,"wind_dir_deg":275.7758620689655,"rain_in":0}}