{"Cotech-367959":{"time":"2026-01-15 03:07:44","model":"Cotech-367959","id":13,"humidity":67,"temperature":52.945833333333304,"wind_avg_mph":0.07456466666666668,"wind_dir_deg":223.79166666666666,"rain_in":0}}