{"Cotech-367959":{"time":"2026-01-15 12:18:08","model":"Cotech-367959","id":13,"humidity":86,"temperature":45.682978723404254,"wind_avg_mph":2.336888382978723,"wind_dir_deg":274.3829787234043,"rain_in":0}}