{"Cotech-367959":{"time":"2026-01-11 07:50:05","model":"Cotech-367959","id":13,"humidity":82,"temperature":42.42978723404255,"wind_avg_mph":0.8233842978723399,"wind_dir_deg":286.17021276595744,"rain_in":0}}