{"Cotech-367959":{"time":"2026-01-11 00:16:29","model":"Cotech-367959","id":13,"humidity":51,"temperature":58.5673913043478,"wind_avg_mph":0.1507503043478261,"wind_dir_deg":141.52173913043478,"rain_in":0}}