{"Cotech-367959":{"time":"2026-01-19 10:01:39","model":"Cotech-367959","id":13,"humidity":78,"temperature":45.95192307692309,"wind_avg_mph":1.5443489615384616,"wind_dir_deg":277.63461538461536,"rain_in":0}}