{"Cotech-367959":{"time":"2026-01-18 14:25:38","model":"Cotech-367959","id":13,"humidity":79,"temperature":49.24565217391305,"wind_avg_mph":2.0667380434782605,"wind_dir_deg":274.2826086956522,"rain_in":0}}