{"Cotech-367959":{"time":"2026-01-19 04:28:02","model":"Cotech-367959","id":13,"humidity":76,"temperature":51.426923076923124,"wind_avg_mph":0.22369400000000003,"wind_dir_deg":236.15384615384616,"rain_in":0}}