{"Cotech-367959":{"time":"2026-01-18 01:51:46","model":"Cotech-367959","id":13,"humidity":75,"temperature":56.54285714285713,"wind_avg_mph":0.019972678571428572,"wind_dir_deg":21.928571428571427,"rain_in":0}}