{"Cotech-367959":{"time":"2026-01-11 10:02:21","model":"Cotech-367959","id":13,"humidity":80,"temperature":41.893103448275895,"wind_avg_mph":0.75978824137931,"wind_dir_deg":266.7931034482759,"rain_in":0}}