{"Cotech-367959":{"time":"2026-01-20 17:26:28","model":"Cotech-367959","id":13,"humidity":83,"temperature":47.29999999999999,"wind_avg_mph":0.3029189583333334,"wind_dir_deg":256.8333333333333,"rain_in":0}}