{"Cotech-367959":{"time":"2026-01-15 08:34:08","model":"Cotech-367959","id":13,"humidity":74,"temperature":47.945614035087736,"wind_avg_mph":0.8437580701754385,"wind_dir_deg":287.9122807017544,"rain_in":0}}