{"Cotech-367959":{"time":"2026-01-19 20:18:27","model":"Cotech-367959","id":13,"humidity":59,"temperature":62.792452830188665,"wind_avg_mph":1.5278722264150948,"wind_dir_deg":106.84905660377359,"rain_in":0}}