{"Cotech-367959":{"time":"2026-01-15 06:26:24","model":"Cotech-367959","id":13,"humidity":72,"temperature":49.17857142857137,"wind_avg_mph":1.7256394285714283,"wind_dir_deg":275.25,"rain_in":0}}