{"Cotech-367959":{"time":"2026-01-19 10:29:39","model":"Cotech-367959","id":13,"humidity":80,"temperature":45.37058823529414,"wind_avg_mph":1.6711257647058826,"wind_dir_deg":280.01960784313724,"rain_in":0}}