{"Cotech-367959":{"time":"2026-01-19 06:50:10","model":"Cotech-367959","id":13,"humidity":74,"temperature":49.35689655172414,"wind_avg_mph":1.9438237241379308,"wind_dir_deg":274.6551724137931,"rain_in":0}}