{"Cotech-367959":{"time":"2026-01-19 15:28:19","model":"Cotech-367959","id":13,"humidity":79,"temperature":44.81785714285718,"wind_avg_mph":2.185011035714284,"wind_dir_deg":276.625,"rain_in":0}}