{"Cotech-367959":{"time":"2026-01-10 22:25:49","model":"Cotech-367959","id":13,"humidity":39,"temperature":66.79827586206896,"wind_avg_mph":0.7019363448275858,"wind_dir_deg":148.91379310344828,"rain_in":0}}