{"Cotech-367959":{"time":"2026-01-20 13:18:11","model":"Cotech-367959","id":13,"humidity":82,"temperature":44.233898305084736,"wind_avg_mph":1.2170470169491523,"wind_dir_deg":256.3050847457627,"rain_in":0}}