{"Cotech-367959":{"time":"2026-01-19 11:21:23","model":"Cotech-367959","id":13,"humidity":76,"temperature":45.67872340425532,"wind_avg_mph":1.4849474042553186,"wind_dir_deg":279.25531914893617,"rain_in":0}}