{"Cotech-367959":{"time":"2026-01-18 02:21:54","model":"Cotech-367959","id":13,"humidity":76,"temperature":55.411764705882405,"wind_avg_mph":0.798280549019607,"wind_dir_deg":277.47058823529414,"rain_in":0}}