{"Cotech-367959":{"time":"2026-01-20 14:04:03","model":"Cotech-367959","id":13,"humidity":86,"temperature":43.22264150943396,"wind_avg_mph":1.5574167169811313,"wind_dir_deg":280.8490566037736,"rain_in":0}}