{"Cotech-367959":{"time":"2026-01-19 16:13:55","model":"Cotech-367959","id":13,"humidity":77,"temperature":47.093103448275876,"wind_avg_mph":1.253457758620689,"wind_dir_deg":284.6896551724138,"rain_in":0}}