{"Cotech-367959":{"time":"2026-01-20 12:50:11","model":"Cotech-367959","id":13,"humidity":85,"temperature":43.67115384615386,"wind_avg_mph":1.7207230769230764,"wind_dir_deg":271.28846153846155,"rain_in":0}}