{"Cotech-367959":{"time":"2026-01-15 08:04:48","model":"Cotech-367959","id":13,"humidity":73,"temperature":48.04893617021277,"wind_avg_mph":1.4087962553191486,"wind_dir_deg":276.6808510638298,"rain_in":0}}