{"Cotech-367959":{"time":"2026-01-15 14:24:32","model":"Cotech-367959","id":13,"humidity":86,"temperature":45.594230769230734,"wind_avg_mph":2.008944192307692,"wind_dir_deg":274.3076923076923,"rain_in":0}}