{"Cotech-367959":{"time":"2026-01-19 18:18:43","model":"Cotech-367959","id":13,"humidity":66,"temperature":57.18478260869562,"wind_avg_mph":1.5804467391304342,"wind_dir_deg":93.19565217391305,"rain_in":0}}