{"Cotech-367959":{"time":"2026-01-18 18:24:34","model":"Cotech-367959","id":13,"humidity":65,"temperature":58.470000000000006,"wind_avg_mph":0.9887274799999998,"wind_dir_deg":264.38,"rain_in":0}}