{"Cotech-367959":{"time":"2026-01-20 03:13:07","model":"Cotech-367959","id":13,"humidity":60,"temperature":51.80212765957447,"wind_avg_mph":0.9756865957446805,"wind_dir_deg":269,"rain_in":0}}