{"Cotech-367959":{"time":"2026-01-18 06:27:14","model":"Cotech-367959","id":13,"humidity":75,"temperature":50.88103448275864,"wind_avg_mph":1.1261835862068965,"wind_dir_deg":282.9655172413793,"rain_in":0}}