{"Cotech-367959":{"time":"2026-01-15 02:59:12","model":"Cotech-367959","id":13,"humidity":66,"temperature":53.67872340425531,"wind_avg_mph":0.8804976595744678,"wind_dir_deg":275.6595744680851,"rain_in":0}}