{"Cotech-367959":{"time":"2026-01-15 15:04:48","model":"Cotech-367959","id":13,"humidity":86,"temperature":45.5862068965517,"wind_avg_mph":1.7548408620689648,"wind_dir_deg":277.3103448275862,"rain_in":0}}