{"Cotech-367959":{"time":"2026-01-19 08:42:58","model":"Cotech-367959","id":13,"humidity":74,"temperature":48.128846153846126,"wind_avg_mph":1.4066911153846144,"wind_dir_deg":280.4807692307692,"rain_in":0}}