{"Cotech-367959":{"time":"2026-01-18 04:13:54","model":"Cotech-367959","id":13,"humidity":79,"temperature":51.18846153846156,"wind_avg_mph":0.3441446153846154,"wind_dir_deg":271.4230769230769,"rain_in":0}}