{"Cotech-367959":{"time":"2026-01-19 01:43:14","model":"Cotech-367959","id":13,"humidity":67,"temperature":58.106382978723396,"wind_avg_mph":0.023797234042553194,"wind_dir_deg":313.6808510638298,"rain_in":0}}