{"Cotech-367959":{"time":"2026-01-11 09:23:41","model":"Cotech-367959","id":13,"humidity":79,"temperature":42.250943396226425,"wind_avg_mph":2.0681143396226416,"wind_dir_deg":273.50943396226415,"rain_in":0}}