{"Cotech-367959":{"time":"2026-01-18 21:31:46","model":"Cotech-367959","id":13,"humidity":48,"temperature":71.47173913043476,"wind_avg_mph":1.3324381739130424,"wind_dir_deg":92.91304347826087,"rain_in":0}}