{"Cotech-367959":{"time":"2026-01-20 01:05:55","model":"Cotech-367959","id":13,"humidity":37,"temperature":62.18958333333333,"wind_avg_mph":0.265636625,"wind_dir_deg":161.33333333333334,"rain_in":0}}