{"Cotech-367959":{"time":"2026-01-11 04:28:29","model":"Cotech-367959","id":13,"humidity":78,"temperature":45.82916666666665,"wind_avg_mph":0.35884245833333334,"wind_dir_deg":279.2916666666667,"rain_in":0}}