{"Cotech-367959":{"time":"2026-01-19 01:34:58","model":"Cotech-367959","id":13,"humidity":65,"temperature":58.90204081632652,"wind_avg_mph":0.10043404081632654,"wind_dir_deg":312.14285714285717,"rain_in":0}}