{"Cotech-367959":{"time":"2026-01-20 17:08:36","model":"Cotech-367959","id":13,"humidity":86,"temperature":45.398275862068985,"wind_avg_mph":0.5978029310344827,"wind_dir_deg":227.5344827586207,"rain_in":0}}