{"Cotech-367959":{"time":"2026-01-19 22:44:19","model":"Cotech-367959","id":13,"humidity":26,"temperature":75.27321428571426,"wind_avg_mph":1.1064863928571422,"wind_dir_deg":228.82142857142858,"rain_in":0}}