{"Cotech-367959":{"time":"2026-01-20 14:58:27","model":"Cotech-367959","id":13,"humidity":89,"temperature":43.00425531914894,"wind_avg_mph":0.5235391489361702,"wind_dir_deg":226.95744680851064,"rain_in":0}}