{"Cotech-367959":{"time":"2026-01-18 05:56:18","model":"Cotech-367959","id":13,"humidity":74,"temperature":51.458620689655206,"wind_avg_mph":0.7636450344827584,"wind_dir_deg":293.05172413793105,"rain_in":0}}