{"Cotech-367959":{"time":"2026-01-20 06:29:39","model":"Cotech-367959","id":13,"humidity":66,"temperature":48.94745762711864,"wind_avg_mph":3.021764711864408,"wind_dir_deg":271.6271186440678,"rain_in":0}}