{"Cotech-367959":{"time":"2026-01-11 00:53:17","model":"Cotech-367959","id":13,"humidity":56,"temperature":53.998039215686234,"wind_avg_mph":0.08333698039215687,"wind_dir_deg":184.88235294117646,"rain_in":0}}