{"Cotech-367959":{"time":"2026-01-19 20:44:35","model":"Cotech-367959","id":13,"humidity":52,"temperature":67.00769230769232,"wind_avg_mph":1.1872989230769226,"wind_dir_deg":123.48076923076923,"rain_in":0}}