{"Cotech-367959":{"time":"2026-01-18 22:40:02","model":"Cotech-367959","id":13,"humidity":43,"temperature":73.40980392156867,"wind_avg_mph":0.6491512156862743,"wind_dir_deg":218.7450980392157,"rain_in":0}}