{"Cotech-367959":{"time":"2026-01-11 04:19:57","model":"Cotech-367959","id":13,"humidity":77,"temperature":46.29285714285712,"wind_avg_mph":0.5232841785714283,"wind_dir_deg":279.5357142857143,"rain_in":0}}