{"Cotech-367959":{"time":"2026-01-18 14:33:54","model":"Cotech-367959","id":13,"humidity":79,"temperature":49.23191489361705,"wind_avg_mph":0.6758414468085104,"wind_dir_deg":263.6808510638298,"rain_in":0}}