{"Cotech-367959":{"time":"2026-01-19 07:17:54","model":"Cotech-367959","id":13,"humidity":76,"temperature":48.55000000000003,"wind_avg_mph":1.0226011428571424,"wind_dir_deg":268.60714285714283,"rain_in":0}}