{"Cotech-367959":{"time":"2026-01-11 04:38:05","model":"Cotech-367959","id":13,"humidity":78,"temperature":45.63518518518516,"wind_avg_mph":0.9817681111111105,"wind_dir_deg":274.9259259259259,"rain_in":0}}