{"Cotech-367959":{"time":"2026-01-16 18:02:09","model":"Cotech-367959","id":13,"humidity":56,"temperature":59.42884615384614,"wind_avg_mph":0.572140423076923,"wind_dir_deg":138.71153846153845,"rain_in":0}}