{"Cotech-367959":{"time":"2026-01-19 11:41:07","model":"Cotech-367959","id":13,"humidity":75,"temperature":46.1653846153846,"wind_avg_mph":1.9788315384615385,"wind_dir_deg":275.3076923076923,"rain_in":0}}