{"Cotech-367959":{"time":"2026-01-10 02:04:12","model":"Cotech-367959","id":13,"humidity":51,"temperature":47.80208333333332,"wind_avg_mph":0.35418216666666663,"wind_dir_deg":293.7708333333333,"rain_in":0}}