{"Cotech-367959":{"time":"2026-01-11 07:32:13","model":"Cotech-367959","id":13,"humidity":82,"temperature":42.64035087719295,"wind_avg_mph":0.8005890526315791,"wind_dir_deg":290.3333333333333,"rain_in":0}}