{"Cotech-367959":{"time":"2026-01-19 14:28:19","model":"Cotech-367959","id":13,"humidity":78,"temperature":44.535294117647084,"wind_avg_mph":0.6798543137254895,"wind_dir_deg":296.5098039215686,"rain_in":0}}