{"Cotech-367959":{"time":"2026-01-10 00:15:08","model":"Cotech-367959","id":13,"humidity":27,"temperature":61.488679245283045,"wind_avg_mph":0.544462754716981,"wind_dir_deg":190.37735849056602,"rain_in":0}}