{"Cotech-367959":{"time":"2026-01-10 04:28:28","model":"Cotech-367959","id":13,"humidity":61,"temperature":42.6276595744681,"wind_avg_mph":1.2041400425531916,"wind_dir_deg":278.36170212765956,"rain_in":0}}