{"Cotech-367959":{"time":"2026-01-19 07:07:46","model":"Cotech-367959","id":13,"humidity":75,"temperature":49.06730769230767,"wind_avg_mph":1.8454754999999996,"wind_dir_deg":278.2307692307692,"rain_in":0}}