{"Cotech-367959":{"time":"2026-01-11 01:13:01","model":"Cotech-367959","id":13,"humidity":59,"temperature":52.410344827586194,"wind_avg_mph":0.03471113793103448,"wind_dir_deg":246.82758620689654,"rain_in":0}}