{"Cotech-367959":{"time":"2026-01-19 18:01:55","model":"Cotech-367959","id":13,"humidity":68,"temperature":55.4754716981132,"wind_avg_mph":0.16460501886792453,"wind_dir_deg":64.75471698113208,"rain_in":0}}