{"Cotech-367959":{"time":"2026-01-18 15:30:42","model":"Cotech-367959","id":13,"humidity":80,"temperature":49.13103448275855,"wind_avg_mph":1.9283965517241375,"wind_dir_deg":275.36206896551727,"rain_in":0}}