{"Cotech-367959":{"time":"2026-01-15 07:45:36","model":"Cotech-367959","id":13,"humidity":73,"temperature":48.02553191489361,"wind_avg_mph":1.5848957872340423,"wind_dir_deg":274.8085106382979,"rain_in":0}}