{"Cotech-367959":{"time":"2026-01-10 08:52:44","model":"Cotech-367959","id":13,"humidity":75,"temperature":39.5607843137255,"wind_avg_mph":1.245668549019608,"wind_dir_deg":279.2352941176471,"rain_in":0}}