{"Cotech-367959":{"time":"2026-01-18 03:44:50","model":"Cotech-367959","id":13,"humidity":79,"temperature":51.743396226415136,"wind_avg_mph":1.101587433962264,"wind_dir_deg":281.37735849056605,"rain_in":0}}