{"Cotech-367959":{"time":"2026-01-10 09:47:24","model":"Cotech-367959","id":13,"humidity":80,"temperature":38.55531914893617,"wind_avg_mph":0.9756865957446805,"wind_dir_deg":284.468085106383,"rain_in":0}}