{"Cotech-367959":{"time":"2026-01-19 11:13:07","model":"Cotech-367959","id":13,"humidity":76,"temperature":46.01333333333335,"wind_avg_mph":1.575799955555555,"wind_dir_deg":279.3333333333333,"rain_in":0}}