{"Cotech-367959":{"time":"2026-01-20 14:49:55","model":"Cotech-367959","id":13,"humidity":88,"temperature":42.970212765957434,"wind_avg_mph":1.1137105531914893,"wind_dir_deg":244.48936170212767,"rain_in":0}}