{"Cotech-367959":{"time":"2026-01-18 05:02:26","model":"Cotech-367959","id":13,"humidity":73,"temperature":52.78103448275858,"wind_avg_mph":1.916826172413793,"wind_dir_deg":272.51724137931035,"rain_in":0}}