{"Cotech-367959":{"time":"2026-01-10 10:32:44","model":"Cotech-367959","id":13,"humidity":82,"temperature":38.442553191489395,"wind_avg_mph":0.6806008936170209,"wind_dir_deg":276.59574468085106,"rain_in":0}}