{"Cotech-367959":{"time":"2026-01-18 17:48:18","model":"Cotech-367959","id":13,"humidity":65,"temperature":56.52280701754384,"wind_avg_mph":0.9222471929824557,"wind_dir_deg":271.5438596491228,"rain_in":0}}