{"Cotech-367959":{"time":"2026-01-15 07:37:04","model":"Cotech-367959","id":13,"humidity":72,"temperature":48.18947368421054,"wind_avg_mph":0.8241357894736842,"wind_dir_deg":273.9122807017544,"rain_in":0}}