{"Cotech-367959":{"time":"2026-01-11 07:59:25","model":"Cotech-367959","id":13,"humidity":82,"temperature":42.098076923076924,"wind_avg_mph":0.7054964615384615,"wind_dir_deg":266.7307692307692,"rain_in":0}}