{"Cotech-367959":{"time":"2026-01-11 05:35:25","model":"Cotech-367959","id":13,"humidity":77,"temperature":45.311764705882375,"wind_avg_mph":1.11847,"wind_dir_deg":278.62745098039215,"rain_in":0}}