{"Cotech-367959":{"time":"2026-01-11 02:17:01","model":"Cotech-367959","id":13,"humidity":66,"temperature":49.641379310344796,"wind_avg_mph":0.057851896551724145,"wind_dir_deg":260.82758620689657,"rain_in":0}}