{"Cotech-367959":{"time":"2026-01-11 02:53:49","model":"Cotech-367959","id":13,"humidity":71,"temperature":48.3653846153846,"wind_avg_mph":0.04301807692307692,"wind_dir_deg":287.5769230769231,"rain_in":0}}