{"Cotech-367959":{"time":"2026-01-19 19:12:03","model":"Cotech-367959","id":13,"humidity":60,"temperature":60.52826086956522,"wind_avg_mph":1.4880513913043465,"wind_dir_deg":112.6304347826087,"rain_in":0}}