{"Cotech-367959":{"time":"2026-01-15 15:15:28","model":"Cotech-367959","id":13,"humidity":86,"temperature":45.58499999999995,"wind_avg_mph":2.236939999999999,"wind_dir_deg":272.78333333333336,"rain_in":0}}