{"Cotech-367959":{"time":"2026-01-20 01:14:11","model":"Cotech-367959","id":13,"humidity":38,"temperature":61.25333333333337,"wind_avg_mph":0.22369400000000003,"wind_dir_deg":140.66666666666666,"rain_in":0}}