{"Cotech-367959":{"time":"2026-01-11 06:02:53","model":"Cotech-367959","id":13,"humidity":78,"temperature":44.47916666666668,"wind_avg_mph":1.3747860416666662,"wind_dir_deg":270.75,"rain_in":0}}