{"Cotech-367959":{"time":"2026-01-19 17:09:55","model":"Cotech-367959","id":13,"humidity":75,"temperature":50.27307692307693,"wind_avg_mph":1.7078176538461531,"wind_dir_deg":275.59615384615387,"rain_in":0}}