{"Cotech-367959":{"time":"2026-01-15 05:08:32","model":"Cotech-367959","id":13,"humidity":68,"temperature":50.981250000000024,"wind_avg_mph":1.7755711249999997,"wind_dir_deg":278.3125,"rain_in":0}}