{"Cotech-367959":{"time":"2026-01-15 11:12:48","model":"Cotech-367959","id":13,"humidity":79,"temperature":47.68333333333336,"wind_avg_mph":1.8547960833333332,"wind_dir_deg":274.6875,"rain_in":0}}