{"Cotech-367959":{"time":"2026-01-15 05:28:32","model":"Cotech-367959","id":13,"humidity":69,"temperature":50.50740740740739,"wind_avg_mph":1.598997851851851,"wind_dir_deg":277.537037037037,"rain_in":0}}