{"Cotech-367959":{"time":"2026-01-18 12:04:50","model":"Cotech-367959","id":13,"humidity":76,"temperature":49.42448979591839,"wind_avg_mph":1.3512943673469378,"wind_dir_deg":261.2244897959184,"rain_in":0}}