{"Cotech-367959":{"time":"2026-01-20 15:36:03","model":"Cotech-367959","id":13,"humidity":89,"temperature":42.9608695652174,"wind_avg_mph":1.8430440434782613,"wind_dir_deg":279.3695652173913,"rain_in":0}}