{"Cotech-367959":{"time":"2026-01-11 05:26:05","model":"Cotech-367959","id":13,"humidity":78,"temperature":45.114893617021266,"wind_avg_mph":1.1517861276595738,"wind_dir_deg":274.3829787234043,"rain_in":0}}