{"Cotech-367959":{"time":"2026-01-20 03:44:03","model":"Cotech-367959","id":13,"humidity":60,"temperature":51.62586206896547,"wind_avg_mph":1.8859718275862059,"wind_dir_deg":274.82758620689657,"rain_in":0}}