{"Cotech-367959":{"time":"2026-01-18 21:23:30","model":"Cotech-367959","id":13,"humidity":50,"temperature":70.28695652173914,"wind_avg_mph":1.6436646086956521,"wind_dir_deg":91.58695652173913,"rain_in":0}}