{"Cotech-367959":{"time":"2026-01-19 02:30:58","model":"Cotech-367959","id":13,"humidity":73,"temperature":54.794827586206864,"wind_avg_mph":0.5245238620689654,"wind_dir_deg":277.48275862068965,"rain_in":0}}