{"Cotech-367959":{"time":"2026-01-19 20:26:59","model":"Cotech-367959","id":13,"humidity":54,"temperature":65.85319148936169,"wind_avg_mph":1.1041916595744679,"wind_dir_deg":126.42553191489361,"rain_in":0}}