{"Cotech-367959":{"time":"2026-01-17 22:38:10","model":"Cotech-367959","id":13,"humidity":35,"temperature":76.70425531914893,"wind_avg_mph":0.7234359148936166,"wind_dir_deg":197.29787234042553,"rain_in":0}}