{"Cotech-367959":{"time":"2026-01-17 23:12:18","model":"Cotech-367959","id":13,"humidity":46,"temperature":69.20192307692308,"wind_avg_mph":0.2839193076923077,"wind_dir_deg":172.25,"rain_in":0}}