{"Cotech-367959":{"time":"2026-01-11 06:13:17","model":"Cotech-367959","id":13,"humidity":79,"temperature":44.19827586206894,"wind_avg_mph":1.8589742758620698,"wind_dir_deg":274.7931034482759,"rain_in":0}}