{"Cotech-367959":{"time":"2026-01-11 00:34:21","model":"Cotech-367959","id":13,"humidity":55,"temperature":55.94716981132075,"wind_avg_mph":0.12661924528301888,"wind_dir_deg":208.83018867924528,"rain_in":0}}