{"Cotech-367959":{"time":"2026-01-19 11:49:23","model":"Cotech-367959","id":13,"humidity":74,"temperature":46.19333333333334,"wind_avg_mph":1.7845810222222218,"wind_dir_deg":280.24444444444447,"rain_in":0}}