{"Cotech-367959":{"time":"2026-01-18 08:57:54","model":"Cotech-367959","id":13,"humidity":75,"temperature":49.92586206896551,"wind_avg_mph":1.9013989999999996,"wind_dir_deg":275.2931034482759,"rain_in":0}}