{"Cotech-367959":{"time":"2026-01-18 15:10:10","model":"Cotech-367959","id":13,"humidity":80,"temperature":48.95344827586209,"wind_avg_mph":1.824263137931034,"wind_dir_deg":278.36206896551727,"rain_in":0}}