{"Cotech-367959":{"time":"2026-01-18 03:07:30","model":"Cotech-367959","id":13,"humidity":78,"temperature":53.42115384615385,"wind_avg_mph":0.9506994999999991,"wind_dir_deg":283.4230769230769,"rain_in":0}}