{"Cotech-367959":{"time":"2026-01-15 15:34:41","model":"Cotech-367959","id":13,"humidity":88,"temperature":45.71320754716984,"wind_avg_mph":3.055744452830189,"wind_dir_deg":272.8490566037736,"rain_in":0}}