{"Cotech-367959":{"time":"2026-01-15 05:38:08","model":"Cotech-367959","id":13,"humidity":70,"temperature":50.04629629629627,"wind_avg_mph":0.9237733703703703,"wind_dir_deg":297.1296296296296,"rain_in":0}}