{"Cotech-367959":{"time":"2026-01-20 15:53:39","model":"Cotech-367959","id":13,"humidity":90,"temperature":42.99999999999999,"wind_avg_mph":1.3664785652173916,"wind_dir_deg":255.32608695652175,"rain_in":0}}