{"Cotech-367959":{"time":"2026-01-19 10:37:55","model":"Cotech-367959","id":13,"humidity":79,"temperature":45.54222222222219,"wind_avg_mph":1.6752195111111106,"wind_dir_deg":277,"rain_in":0}}