{"Cotech-367959":{"time":"2026-01-15 09:24:00","model":"Cotech-367959","id":13,"humidity":74,"temperature":47.42033898305088,"wind_avg_mph":0.9175245423728811,"wind_dir_deg":278.6779661016949,"rain_in":0}}