{"Cotech-367959":{"time":"2026-01-11 02:06:37","model":"Cotech-367959","id":13,"humidity":66,"temperature":49.74230769230768,"wind_avg_mph":0,"wind_dir_deg":266.84615384615387,"rain_in":0}}