{"Cotech-367959":{"time":"2026-01-18 13:21:22","model":"Cotech-367959","id":13,"humidity":81,"temperature":48.01016949152545,"wind_avg_mph":1.016101559322034,"wind_dir_deg":288.0169491525424,"rain_in":0}}