{"Cotech-367959":{"time":"2026-01-19 02:11:14","model":"Cotech-367959","id":13,"humidity":71,"temperature":55.88431372549019,"wind_avg_mph":0.14035701960784316,"wind_dir_deg":304.7647058823529,"rain_in":0}}