{"Cotech-367959":{"time":"2026-01-18 14:17:22","model":"Cotech-367959","id":13,"humidity":80,"temperature":48.997872340425545,"wind_avg_mph":1.8228681276595735,"wind_dir_deg":278.3191489361702,"rain_in":0}}