{"Cotech-367959":{"time":"2026-01-17 21:32:18","model":"Cotech-367959","id":13,"humidity":35,"temperature":76.13541666666669,"wind_avg_mph":0.43806741666666654,"wind_dir_deg":194.16666666666666,"rain_in":0}}