{"Cotech-367959":{"time":"2026-01-17 22:20:34","model":"Cotech-367959","id":13,"humidity":35,"temperature":75.27358490566036,"wind_avg_mph":0.9707475471698112,"wind_dir_deg":215.47169811320754,"rain_in":0}}