{"Cotech-367959":{"time":"2026-01-20 02:54:11","model":"Cotech-367959","id":13,"humidity":59,"temperature":52.50217391304351,"wind_avg_mph":0.5203316956521737,"wind_dir_deg":275.0652173913044,"rain_in":0}}