{"Cotech-367959":{"time":"2026-01-18 22:10:58","model":"Cotech-367959","id":13,"humidity":38,"temperature":75.59122807017542,"wind_avg_mph":0.7220999298245612,"wind_dir_deg":225.89473684210526,"rain_in":0}}