{"Cotech-367959":{"time":"2026-01-11 02:44:29","model":"Cotech-367959","id":13,"humidity":70,"temperature":48.77169811320751,"wind_avg_mph":0.012661924528301888,"wind_dir_deg":280.3018867924528,"rain_in":0}}