{"Cotech-367959":{"time":"2026-01-20 05:51:15","model":"Cotech-367959","id":13,"humidity":65,"temperature":49.28113207547167,"wind_avg_mph":1.9457157358490567,"wind_dir_deg":273.54716981132077,"rain_in":0}}