{"Cotech-367959":{"time":"2026-01-10 03:43:40","model":"Cotech-367959","id":13,"humidity":60,"temperature":43.50833333333333,"wind_avg_mph":0.20039254166666667,"wind_dir_deg":213.89583333333334,"rain_in":0}}