{"Cotech-367959":{"time":"2026-01-19 17:00:35","model":"Cotech-367959","id":13,"humidity":77,"temperature":49.054385964912285,"wind_avg_mph":1.5737069122807021,"wind_dir_deg":278.5438596491228,"rain_in":0}}