{"Cotech-367959":{"time":"2026-01-18 11:36:50","model":"Cotech-367959","id":13,"humidity":76,"temperature":49.12321428571424,"wind_avg_mph":1.577841607142857,"wind_dir_deg":282.26785714285717,"rain_in":0}}