{"Cotech-367959":{"time":"2026-01-18 20:54:26","model":"Cotech-367959","id":13,"humidity":48,"temperature":70.08478260869562,"wind_avg_mph":1.551269260869565,"wind_dir_deg":95.52173913043478,"rain_in":0}}