{"Cotech-367959":{"time":"2026-01-11 03:41:01","model":"Cotech-367959","id":13,"humidity":75,"temperature":47.143396226415085,"wind_avg_mph":0.5022563396226412,"wind_dir_deg":283.8301886792453,"rain_in":0}}