{"Cotech-367959":{"time":"2026-01-10 07:26:52","model":"Cotech-367959","id":13,"humidity":72,"temperature":40.541304347826085,"wind_avg_mph":1.3129865217391303,"wind_dir_deg":280.8478260869565,"rain_in":0}}