{"Cotech-367959":{"time":"2026-01-18 02:58:10","model":"Cotech-367959","id":13,"humidity":78,"temperature":53.6892857142857,"wind_avg_mph":0.9826557857142857,"wind_dir_deg":280.48214285714283,"rain_in":0}}