{"Cotech-367959":{"time":"2026-01-20 08:12:35","model":"Cotech-367959","id":13,"humidity":70,"temperature":47.58679245283015,"wind_avg_mph":2.3213528301886797,"wind_dir_deg":272.7169811320755,"rain_in":0}}