{"Cotech-367959":{"time":"2026-01-18 12:51:14","model":"Cotech-367959","id":13,"humidity":80,"temperature":47.915789473684264,"wind_avg_mph":0.9065493684210523,"wind_dir_deg":285.43859649122805,"rain_in":0}}