{"Cotech-367959":{"time":"2026-01-10 23:22:21","model":"Cotech-367959","id":13,"humidity":41,"temperature":65.94814814814812,"wind_avg_mph":0.4846703333333331,"wind_dir_deg":117.68518518518519,"rain_in":0}}