{"Cotech-367959":{"time":"2026-01-19 07:35:30","model":"Cotech-367959","id":13,"humidity":75,"temperature":48.56274509803919,"wind_avg_mph":1.7237596470588237,"wind_dir_deg":277.62745098039215,"rain_in":0}}