{"Cotech-367959":{"time":"2026-01-10 09:56:44","model":"Cotech-367959","id":13,"humidity":80,"temperature":38.75714285714286,"wind_avg_mph":1.4745543265306118,"wind_dir_deg":278,"rain_in":0}}