{"Cotech-367959":{"time":"2026-01-10 10:24:12","model":"Cotech-367959","id":13,"humidity":82,"temperature":38.48333333333334,"wind_avg_mph":0.6617614166666665,"wind_dir_deg":282.3125,"rain_in":0}}