{"Cotech-367959":{"time":"2026-01-10 22:05:01","model":"Cotech-367959","id":13,"humidity":39,"temperature":66.3208333333333,"wind_avg_mph":0.624479083333333,"wind_dir_deg":132.35416666666666,"rain_in":0}}