{"Cotech-367959":{"time":"2026-01-19 03:20:34","model":"Cotech-367959","id":13,"humidity":74,"temperature":52.962068965517304,"wind_avg_mph":0.07713586206896553,"wind_dir_deg":279.48275862068965,"rain_in":0}}