{"Cotech-367959":{"time":"2026-01-19 14:18:59","model":"Cotech-367959","id":13,"humidity":78,"temperature":44.90869565217392,"wind_avg_mph":2.217488347826087,"wind_dir_deg":278.8478260869565,"rain_in":0}}