{"Cotech-367959":{"time":"2026-01-19 05:34:26","model":"Cotech-367959","id":13,"humidity":75,"temperature":50.463461538461544,"wind_avg_mph":2.0175478076923072,"wind_dir_deg":273.9807692307692,"rain_in":0}}