{"Cotech-367959":{"time":"2026-01-11 03:02:21","model":"Cotech-367959","id":13,"humidity":72,"temperature":48.09374999999998,"wind_avg_mph":0.19573225000000002,"wind_dir_deg":294.8333333333333,"rain_in":0}}