{"Cotech-367959":{"time":"2026-01-11 07:12:13","model":"Cotech-367959","id":13,"humidity":85,"temperature":41.45370370370371,"wind_avg_mph":0,"wind_dir_deg":220.05555555555554,"rain_in":0}}