{"Cotech-367959":{"time":"2026-01-15 04:51:44","model":"Cotech-367959","id":13,"humidity":67,"temperature":51.606250000000024,"wind_avg_mph":2.1577150416666666,"wind_dir_deg":272.125,"rain_in":0}}