{"Cotech-367959":{"time":"2026-01-15 06:37:20","model":"Cotech-367959","id":13,"humidity":72,"temperature":49.05172413793104,"wind_avg_mph":0.7482178620689651,"wind_dir_deg":292.7241379310345,"rain_in":0}}