{"Cotech-367959":{"time":"2026-01-18 09:16:34","model":"Cotech-367959","id":13,"humidity":73,"temperature":50.11206896551723,"wind_avg_mph":1.4694381724137928,"wind_dir_deg":279.58620689655174,"rain_in":0}}