{"Cotech-367959":{"time":"2026-01-10 21:01:01","model":"Cotech-367959","id":13,"humidity":43,"temperature":64.4,"wind_avg_mph":1.1350399259259258,"wind_dir_deg":179.74074074074073,"rain_in":0}}