{"Cotech-367959":{"time":"2026-01-19 18:10:27","model":"Cotech-367959","id":13,"humidity":66,"temperature":56.23749999999999,"wind_avg_mph":0.19107195833333335,"wind_dir_deg":77.41666666666667,"rain_in":0}}