{"Cotech-367959":{"time":"2026-01-10 19:55:57","model":"Cotech-367959","id":13,"humidity":52,"temperature":56.46111111111106,"wind_avg_mph":1.5658579999999998,"wind_dir_deg":239.55555555555554,"rain_in":0}}