{"Cotech-367959":{"time":"2026-01-19 05:53:06","model":"Cotech-367959","id":13,"humidity":74,"temperature":50.38913043478263,"wind_avg_mph":1.5950354782608687,"wind_dir_deg":275.9130434782609,"rain_in":0}}