{"Cotech-367959":{"time":"2026-01-15 05:00:00","model":"Cotech-367959","id":13,"humidity":68,"temperature":51.16382978723405,"wind_avg_mph":1.8609437021276594,"wind_dir_deg":273.51063829787233,"rain_in":0}}