{"Cotech-367959":{"time":"2026-01-18 04:23:14","model":"Cotech-367959","id":13,"humidity":78,"temperature":51.796226415094374,"wind_avg_mph":0.8567902264150942,"wind_dir_deg":289.41509433962267,"rain_in":0}}