{"Cotech-367959":{"time":"2026-01-18 17:27:30","model":"Cotech-367959","id":13,"humidity":68,"temperature":55.26923076923076,"wind_avg_mph":0.322635576923077,"wind_dir_deg":286.1730769230769,"rain_in":0}}