{"Cotech-367959":{"time":"2026-01-19 23:05:07","model":"Cotech-367959","id":13,"humidity":23,"temperature":75.68771929824561,"wind_avg_mph":1.1302433684210522,"wind_dir_deg":219.0701754385965,"rain_in":0}}