{"Cotech-367959":{"time":"2026-01-18 05:36:34","model":"Cotech-367959","id":13,"humidity":74,"temperature":51.85000000000005,"wind_avg_mph":2.1681110769230765,"wind_dir_deg":274.3076923076923,"rain_in":0}}