{"Cotech-367959":{"time":"2026-01-18 18:42:10","model":"Cotech-367959","id":13,"humidity":61,"temperature":60.38695652173912,"wind_avg_mph":0.5349204347826085,"wind_dir_deg":190.69565217391303,"rain_in":0}}