{"Cotech-367959":{"time":"2026-01-19 05:14:42","model":"Cotech-367959","id":13,"humidity":75,"temperature":50.657894736842074,"wind_avg_mph":1.436350947368421,"wind_dir_deg":279.5438596491228,"rain_in":0}}