{"Cotech-367959":{"time":"2026-01-19 21:10:27","model":"Cotech-367959","id":13,"humidity":51,"temperature":67.35000000000002,"wind_avg_mph":1.5390147199999995,"wind_dir_deg":100.72,"rain_in":0}}