{"Cotech-367959":{"time":"2026-01-20 11:33:55","model":"Cotech-367959","id":13,"humidity":82,"temperature":44.463043478260886,"wind_avg_mph":1.9013990000000003,"wind_dir_deg":271.2173913043478,"rain_in":0}}