{"Cotech-367959":{"time":"2026-01-15 04:43:12","model":"Cotech-367959","id":13,"humidity":67,"temperature":51.54888888888888,"wind_avg_mph":1.4316416000000003,"wind_dir_deg":276.9555555555556,"rain_in":0}}