{"Cotech-367959":{"time":"2026-01-19 02:01:54","model":"Cotech-367959","id":13,"humidity":70,"temperature":56.61864406779665,"wind_avg_mph":0.36776810169491514,"wind_dir_deg":296.10169491525426,"rain_in":0}}