{"Cotech-367959":{"time":"2026-01-18 13:10:58","model":"Cotech-367959","id":13,"humidity":81,"temperature":48.11403508771925,"wind_avg_mph":1.3146928070175432,"wind_dir_deg":284.29824561403507,"rain_in":0}}