{"Cotech-367959":{"time":"2026-01-11 03:22:05","model":"Cotech-367959","id":13,"humidity":74,"temperature":47.43103448275868,"wind_avg_mph":0.09256303448275863,"wind_dir_deg":298.5344827586207,"rain_in":0}}