{"Cotech-367959":{"time":"2026-01-18 19:31:46","model":"Cotech-367959","id":13,"humidity":56,"temperature":63.16538461538463,"wind_avg_mph":0.45599161538461525,"wind_dir_deg":149.92307692307693,"rain_in":0}}