{"Cotech-367959":{"time":"2026-01-19 02:41:22","model":"Cotech-367959","id":13,"humidity":74,"temperature":54.41071428571433,"wind_avg_mph":0.40344810714285717,"wind_dir_deg":299.60714285714283,"rain_in":0}}