{"Cotech-367959":{"time":"2026-01-19 20:35:15","model":"Cotech-367959","id":13,"humidity":55,"temperature":65.35555555555554,"wind_avg_mph":2.087810666666667,"wind_dir_deg":107.31111111111112,"rain_in":0}}