{"Cotech-367959":{"time":"2026-01-10 05:04:12","model":"Cotech-367959","id":13,"humidity":61,"temperature":42.276923076923055,"wind_avg_mph":0.9248886538461536,"wind_dir_deg":279.1730769230769,"rain_in":0}}