{"Cotech-367959":{"time":"2026-01-19 20:00:51","model":"Cotech-367959","id":13,"humidity":63,"temperature":61.18085106382978,"wind_avg_mph":2.346407276595744,"wind_dir_deg":103.25531914893617,"rain_in":0}}