{"Cotech-367959":{"time":"2026-01-10 01:38:52","model":"Cotech-367959","id":13,"humidity":46,"temperature":49.684210526315816,"wind_avg_mph":0.07848912280701754,"wind_dir_deg":308.3157894736842,"rain_in":0}}