{"Cotech-367959":{"time":"2026-01-18 00:06:10","model":"Cotech-367959","id":13,"humidity":47,"temperature":70.78135593220338,"wind_avg_mph":0.17061406779661017,"wind_dir_deg":128.59322033898306,"rain_in":0}}