{"Cotech-367959":{"time":"2026-01-19 15:55:15","model":"Cotech-367959","id":13,"humidity":78,"temperature":46.17111111111113,"wind_avg_mph":2.2518529333333324,"wind_dir_deg":274.02222222222224,"rain_in":0}}