{"Cotech-367959":{"time":"2026-01-19 03:40:34","model":"Cotech-367959","id":13,"humidity":73,"temperature":52.78135593220341,"wind_avg_mph":0.6900391186440673,"wind_dir_deg":285.96610169491527,"rain_in":0}}