{"Cotech-367959":{"time":"2026-01-19 19:03:31","model":"Cotech-367959","id":13,"humidity":62,"temperature":59.96470588235291,"wind_avg_mph":1.811482784313725,"wind_dir_deg":96.84313725490196,"rain_in":0}}