{"Cotech-367959":{"time":"2026-01-18 06:06:42","model":"Cotech-367959","id":13,"humidity":75,"temperature":51.02542372881357,"wind_avg_mph":1.0843471864406775,"wind_dir_deg":286.10169491525426,"rain_in":0}}