{"Cotech-367959":{"time":"2026-01-16 17:17:05","model":"Cotech-367959","id":13,"humidity":63,"temperature":53.811627906976746,"wind_avg_mph":0.09363934883720931,"wind_dir_deg":144.93023255813952,"rain_in":0}}