{"Cotech-367959":{"time":"2026-01-19 09:18:11","model":"Cotech-367959","id":13,"humidity":76,"temperature":46.90769230769235,"wind_avg_mph":1.1614880769230767,"wind_dir_deg":280.3076923076923,"rain_in":0}}