{"Cotech-367959":{"time":"2026-01-18 02:02:10","model":"Cotech-367959","id":13,"humidity":76,"temperature":55.84310344827587,"wind_avg_mph":0.16584210344827588,"wind_dir_deg":240.77586206896552,"rain_in":0}}