{"Cotech-367959":{"time":"2026-01-19 18:36:19","model":"Cotech-367959","id":13,"humidity":64,"temperature":58.10384615384612,"wind_avg_mph":1.0539428846153842,"wind_dir_deg":89.98076923076923,"rain_in":0}}