{"Cotech-367959":{"time":"2026-01-19 19:32:51","model":"Cotech-367959","id":13,"humidity":58,"temperature":61.9280701754386,"wind_avg_mph":1.8052498245614033,"wind_dir_deg":100.94736842105263,"rain_in":0}}