{"Cotech-367959":{"time":"2026-01-18 23:26:42","model":"Cotech-367959","id":13,"humidity":40,"temperature":75.99148936170214,"wind_avg_mph":0.5711336170212764,"wind_dir_deg":175.48936170212767,"rain_in":0}}