{"Cotech-367959":{"time":"2026-01-20 16:22:43","model":"Cotech-367959","id":13,"humidity":89,"temperature":43.645762711864386,"wind_avg_mph":1.0047272881355929,"wind_dir_deg":286.3050847457627,"rain_in":0}}