{"Cotech-367959":{"time":"2026-01-10 11:09:16","model":"Cotech-367959","id":13,"humidity":82,"temperature":38.97916666666669,"wind_avg_mph":1.0485656250000002,"wind_dir_deg":281.2291666666667,"rain_in":0}}