{"Cotech-367959":{"time":"2026-01-17 23:29:54","model":"Cotech-367959","id":13,"humidity":46,"temperature":70.43076923076923,"wind_avg_mph":0.4000681153846154,"wind_dir_deg":193.3653846153846,"rain_in":0}}