{"Cotech-367959":{"time":"2026-01-19 23:29:55","model":"Cotech-367959","id":13,"humidity":23,"temperature":76.63478260869564,"wind_avg_mph":0.5884124782608694,"wind_dir_deg":184.84782608695653,"rain_in":0}}