{"Cotech-367959":{"time":"2026-01-19 03:58:58","model":"Cotech-367959","id":13,"humidity":75,"temperature":52.358695652173914,"wind_avg_mph":0.10212117391304348,"wind_dir_deg":212.82608695652175,"rain_in":0}}