{"Cotech-367959":{"time":"2026-01-18 21:50:26","model":"Cotech-367959","id":13,"humidity":40,"temperature":74.55686274509803,"wind_avg_mph":0.5789727058823526,"wind_dir_deg":196.52941176470588,"rain_in":0}}