{"Cotech-367959":{"time":"2026-01-19 13:14:27","model":"Cotech-367959","id":13,"humidity":75,"temperature":45.59122807017545,"wind_avg_mph":1.1930346666666662,"wind_dir_deg":284.7719298245614,"rain_in":0}}