{"Cotech-367959":{"time":"2026-01-16 17:52:49","model":"Cotech-367959","id":13,"humidity":57,"temperature":58.45471698113207,"wind_avg_mph":0.29122426415094343,"wind_dir_deg":118.18867924528301,"rain_in":0}}