{"Cotech-367959":{"time":"2026-01-10 22:15:25","model":"Cotech-367959","id":13,"humidity":39,"temperature":66.91724137931033,"wind_avg_mph":0.7135067241379306,"wind_dir_deg":137.8793103448276,"rain_in":0}}