{"Cotech-367959":{"time":"2026-01-10 07:53:16","model":"Cotech-367959","id":13,"humidity":72,"temperature":40.21702127659572,"wind_avg_mph":0.9233326808510633,"wind_dir_deg":283.1276595744681,"rain_in":0}}