{"Cotech-367959":{"time":"2026-01-20 13:46:11","model":"Cotech-367959","id":13,"humidity":84,"temperature":43.67931034482757,"wind_avg_mph":1.2226034137931032,"wind_dir_deg":209.8793103448276,"rain_in":0}}