{"Cotech-367959":{"time":"2026-01-19 15:07:31","model":"Cotech-367959","id":13,"humidity":79,"temperature":44.44464285714287,"wind_avg_mph":1.5498798571428565,"wind_dir_deg":278.42857142857144,"rain_in":0}}