{"Cotech-367959":{"time":"2026-01-15 09:52:16","model":"Cotech-367959","id":13,"humidity":75,"temperature":47.16444444444445,"wind_avg_mph":0.2584908444444445,"wind_dir_deg":261.1333333333333,"rain_in":0}}