{"Cotech-367959":{"time":"2026-01-15 10:47:28","model":"Cotech-367959","id":13,"humidity":79,"temperature":46.8673913043478,"wind_avg_mph":0.32581517391304354,"wind_dir_deg":284.32608695652175,"rain_in":0}}