{"Cotech-367959":{"time":"2026-01-19 21:55:31","model":"Cotech-367959","id":13,"humidity":29,"temperature":75.41041666666668,"wind_avg_mph":1.0951685416666666,"wind_dir_deg":206.60416666666666,"rain_in":0}}