{"Cotech-367959":{"time":"2026-01-20 09:53:39","model":"Cotech-367959","id":13,"humidity":77,"temperature":46.6108695652174,"wind_avg_mph":1.361615652173913,"wind_dir_deg":271.95652173913044,"rain_in":0}}