{"Cotech-367959":{"time":"2026-01-10 07:07:56","model":"Cotech-367959","id":13,"humidity":71,"temperature":40.57169811320751,"wind_avg_mph":1.4856658113207548,"wind_dir_deg":280.0566037735849,"rain_in":0}}