{"Cotech-367959":{"time":"2026-01-19 09:26:27","model":"Cotech-367959","id":13,"humidity":75,"temperature":47.084782608695654,"wind_avg_mph":1.682567913043478,"wind_dir_deg":273.89130434782606,"rain_in":0}}