{"Cotech-367959":{"time":"2026-01-19 17:44:19","model":"Cotech-367959","id":13,"humidity":69,"temperature":54.191489361702146,"wind_avg_mph":0.32364238297872344,"wind_dir_deg":241.87234042553192,"rain_in":0}}