{"Cotech-367959":{"time":"2026-01-15 04:15:44","model":"Cotech-367959","id":13,"humidity":67,"temperature":51.67931034482757,"wind_avg_mph":1.5311468620689654,"wind_dir_deg":276.32758620689657,"rain_in":0}}