{"Cotech-367959":{"time":"2026-01-18 16:27:30","model":"Cotech-367959","id":13,"humidity":76,"temperature":51.107547169811355,"wind_avg_mph":1.4645626037735844,"wind_dir_deg":274.4339622641509,"rain_in":0}}