{"Cotech-367959":{"time":"2026-01-10 04:20:12","model":"Cotech-367959","id":13,"humidity":60,"temperature":42.79574468085104,"wind_avg_mph":1.0375594042553191,"wind_dir_deg":250.93617021276594,"rain_in":0}}