{"Cotech-367959":{"time":"2026-01-20 04:44:03","model":"Cotech-367959","id":13,"humidity":63,"temperature":50.55283018867921,"wind_avg_mph":2.0048047169811305,"wind_dir_deg":276.8490566037736,"rain_in":0}}