{"Cotech-367959":{"time":"2026-01-15 07:18:08","model":"Cotech-367959","id":13,"humidity":72,"temperature":48.25084745762713,"wind_avg_mph":0.9592302033898301,"wind_dir_deg":285.864406779661,"rain_in":0}}