{"Cotech-367959":{"time":"2026-01-11 05:17:33","model":"Cotech-367959","id":13,"humidity":79,"temperature":45.165384615384625,"wind_avg_mph":0.9980193846153843,"wind_dir_deg":275.3076923076923,"rain_in":0}}