{"Cotech-367959":{"time":"2026-01-18 21:41:06","model":"Cotech-367959","id":13,"humidity":47,"temperature":71.34339622641508,"wind_avg_mph":1.5236515849056607,"wind_dir_deg":103.18867924528301,"rain_in":0}}