{"Cotech-367959":{"time":"2026-01-18 18:33:54","model":"Cotech-367959","id":13,"humidity":63,"temperature":59.400000000000034,"wind_avg_mph":1.5785199245283017,"wind_dir_deg":281.35849056603774,"rain_in":0}}