{"Cotech-367959":{"time":"2026-01-10 05:32:12","model":"Cotech-367959","id":13,"humidity":65,"temperature":41.404444444444444,"wind_avg_mph":1.7696680888888883,"wind_dir_deg":274.1111111111111,"rain_in":0}}