{"Cotech-367959":{"time":"2026-01-20 05:04:35","model":"Cotech-367959","id":13,"humidity":62,"temperature":50.58392857142854,"wind_avg_mph":2.2728908214285712,"wind_dir_deg":275.75,"rain_in":0}}