{"Cotech-367959":{"time":"2026-01-18 21:04:50","model":"Cotech-367959","id":13,"humidity":50,"temperature":69.52881355932202,"wind_avg_mph":2.1838600677966093,"wind_dir_deg":100.28813559322033,"rain_in":0}}