{"Cotech-367959":{"time":"2026-01-20 00:08:35","model":"Cotech-367959","id":13,"humidity":27,"temperature":70.6586956521739,"wind_avg_mph":0.36471847826086945,"wind_dir_deg":136.5,"rain_in":0}}