{"Cotech-367959":{"time":"2026-01-18 11:16:18","model":"Cotech-367959","id":13,"humidity":75,"temperature":49.28596491228066,"wind_avg_mph":0.7613444912280699,"wind_dir_deg":281.89473684210526,"rain_in":0}}