{"Cotech-367959":{"time":"2026-01-11 04:09:33","model":"Cotech-367959","id":13,"humidity":77,"temperature":46.47916666666668,"wind_avg_mph":0.42874683333333313,"wind_dir_deg":268.0625,"rain_in":0}}