{"Cotech-367959":{"time":"2026-01-10 20:43:09","model":"Cotech-367959","id":13,"humidity":46,"temperature":62.28958333333335,"wind_avg_mph":0.5499144166666665,"wind_dir_deg":184.79166666666666,"rain_in":0}}