{"Cotech-367959":{"time":"2026-01-16 17:25:21","model":"Cotech-367959","id":13,"humidity":63,"temperature":54.81304347826086,"wind_avg_mph":0.12157282608695653,"wind_dir_deg":34.76086956521739,"rain_in":0}}