{"Cotech-367959":{"time":"2026-01-10 06:19:08","model":"Cotech-367959","id":13,"humidity":72,"temperature":40.4686274509804,"wind_avg_mph":1.0965392156862743,"wind_dir_deg":274.2156862745098,"rain_in":0}}