{"Cotech-367959":{"time":"2026-01-10 07:35:24","model":"Cotech-367959","id":13,"humidity":71,"temperature":40.54680851063827,"wind_avg_mph":1.4563907234042555,"wind_dir_deg":283.6170212765957,"rain_in":0}}