{"Cotech-367959":{"time":"2026-01-11 08:37:17","model":"Cotech-367959","id":13,"humidity":81,"temperature":42.14035087719298,"wind_avg_mph":1.2479770526315788,"wind_dir_deg":278.719298245614,"rain_in":0}}