{"Cotech-367959":{"time":"2026-01-20 17:44:52","model":"Cotech-367959","id":13,"humidity":81,"temperature":48.482352941176444,"wind_avg_mph":1.1842623529411767,"wind_dir_deg":287.6470588235294,"rain_in":0}}