{"Cotech-367959":{"time":"2026-01-18 05:10:42","model":"Cotech-367959","id":13,"humidity":74,"temperature":52.35106382978722,"wind_avg_mph":1.1089511063829787,"wind_dir_deg":282.17021276595744,"rain_in":0}}