{"Cotech-367959":{"time":"2026-01-19 02:51:46","model":"Cotech-367959","id":13,"humidity":73,"temperature":54.06034482758619,"wind_avg_mph":0.25454834482758626,"wind_dir_deg":298.5,"rain_in":0}}