{"Cotech-367959":{"time":"2026-01-15 10:20:48","model":"Cotech-367959","id":13,"humidity":78,"temperature":46.52962962962966,"wind_avg_mph":0.30654362962962967,"wind_dir_deg":226.72222222222223,"rain_in":0}}