{"Cotech-367959":{"time":"2026-01-10 02:50:04","model":"Cotech-367959","id":13,"humidity":55,"temperature":45.59473684210523,"wind_avg_mph":0.7770423157894735,"wind_dir_deg":278,"rain_in":0}}