{"Cotech-367959":{"time":"2026-01-18 10:38:10","model":"Cotech-367959","id":13,"humidity":74,"temperature":50.180851063829806,"wind_avg_mph":1.6896036170212765,"wind_dir_deg":278.1914893617021,"rain_in":0}}