{"Cotech-367959":{"time":"2026-01-20 12:11:31","model":"Cotech-367959","id":13,"humidity":85,"temperature":43.67234042553192,"wind_avg_mph":0.9566488085106379,"wind_dir_deg":279.7659574468085,"rain_in":0}}