{"Cotech-367959":{"time":"2026-01-20 03:33:39","model":"Cotech-367959","id":13,"humidity":60,"temperature":51.754385964912224,"wind_avg_mph":1.781703087719298,"wind_dir_deg":274.1929824561403,"rain_in":0}}