{"Cotech-367959":{"time":"2026-01-20 11:16:19","model":"Cotech-367959","id":13,"humidity":80,"temperature":44.79361702127658,"wind_avg_mph":1.527782425531914,"wind_dir_deg":263.25531914893617,"rain_in":0}}