{"Cotech-367959":{"time":"2026-01-15 11:41:04","model":"Cotech-367959","id":13,"humidity":83,"temperature":46.44117647058828,"wind_avg_mph":1.2281239215686275,"wind_dir_deg":275.7647058823529,"rain_in":0}}