{"Cotech-367959":{"time":"2026-01-19 08:14:58","model":"Cotech-367959","id":13,"humidity":72,"temperature":48.83448275862074,"wind_avg_mph":2.1790881034482754,"wind_dir_deg":274.3103448275862,"rain_in":0}}