{"Cotech-367959":{"time":"2026-01-15 12:59:44","model":"Cotech-367959","id":13,"humidity":86,"temperature":45.761111111111084,"wind_avg_mph":1.955251259259259,"wind_dir_deg":276.31481481481484,"rain_in":0}}