{"Cotech-367959":{"time":"2026-01-10 23:04:29","model":"Cotech-367959","id":13,"humidity":41,"temperature":66.17115384615386,"wind_avg_mph":0.6194603076923074,"wind_dir_deg":169.5,"rain_in":0}}