{"Cotech-367959":{"time":"2026-01-10 03:06:52","model":"Cotech-367959","id":13,"humidity":57,"temperature":44.74255319148934,"wind_avg_mph":0.2665290212765958,"wind_dir_deg":285.1063829787234,"rain_in":0}}