{"Cotech-367959":{"time":"2026-01-11 05:08:13","model":"Cotech-367959","id":13,"humidity":78,"temperature":45.139655172413775,"wind_avg_mph":0.5785189655172411,"wind_dir_deg":278.5689655172414,"rain_in":0}}