{"Cotech-367959":{"time":"2026-01-15 04:34:56","model":"Cotech-367959","id":13,"humidity":66,"temperature":51.712962962962926,"wind_avg_mph":2.0795257037037036,"wind_dir_deg":273.8888888888889,"rain_in":0}}