{"Cotech-367959":{"time":"2026-01-19 21:37:39","model":"Cotech-367959","id":13,"humidity":44,"temperature":71.50212765957447,"wind_avg_mph":0.7091575744680847,"wind_dir_deg":134.2340425531915,"rain_in":0}}