{"Cotech-367959":{"time":"2026-01-19 09:44:03","model":"Cotech-367959","id":13,"humidity":77,"temperature":46.40652173913046,"wind_avg_mph":1.3227123478260863,"wind_dir_deg":278.7608695652174,"rain_in":0}}