{"Cotech-367959":{"time":"2026-01-20 00:46:59","model":"Cotech-367959","id":13,"humidity":33,"temperature":64.82115384615383,"wind_avg_mph":0.09463976923076924,"wind_dir_deg":212.67307692307693,"rain_in":0}}