{"Cotech-367959":{"time":"2026-01-20 10:31:15","model":"Cotech-367959","id":13,"humidity":78,"temperature":45.85531914893615,"wind_avg_mph":1.3088478723404249,"wind_dir_deg":283.2340425531915,"rain_in":0}}