{"Cotech-367959":{"time":"2026-01-20 14:31:15","model":"Cotech-367959","id":13,"humidity":88,"temperature":43.11355932203387,"wind_avg_mph":3.0975931864406783,"wind_dir_deg":272.864406779661,"rain_in":0}}