{"Cotech-367959":{"time":"2026-01-15 10:11:12","model":"Cotech-367959","id":13,"humidity":77,"temperature":46.90833333333333,"wind_avg_mph":0.31223954166666673,"wind_dir_deg":250.625,"rain_in":0}}