{"Cotech-367959":{"time":"2026-01-18 08:47:30","model":"Cotech-367959","id":13,"humidity":74,"temperature":50.32391304347825,"wind_avg_mph":1.7798261739130437,"wind_dir_deg":276.19565217391306,"rain_in":0}}