{"Cotech-367959":{"time":"2026-01-18 16:08:02","model":"Cotech-367959","id":13,"humidity":78,"temperature":49.93793103448279,"wind_avg_mph":1.7008457586206889,"wind_dir_deg":276.7931034482759,"rain_in":0}}