{"Cotech-367959":{"time":"2026-01-18 09:54:42","model":"Cotech-367959","id":13,"humidity":73,"temperature":50.649999999999935,"wind_avg_mph":1.4739836785714284,"wind_dir_deg":274.51785714285717,"rain_in":0}}