{"Cotech-367959":{"time":"2026-01-18 11:05:54","model":"Cotech-367959","id":13,"humidity":74,"temperature":49.94181818181817,"wind_avg_mph":1.451977418181818,"wind_dir_deg":283.25454545454545,"rain_in":0}}