{"Cotech-367959":{"time":"2026-01-19 14:38:43","model":"Cotech-367959","id":13,"humidity":78,"temperature":44.73508771929827,"wind_avg_mph":1.3225417192982454,"wind_dir_deg":284.6666666666667,"rain_in":0}}