{"Cotech-367959":{"time":"2026-01-18 14:09:06","model":"Cotech-367959","id":13,"humidity":81,"temperature":48.50769230769232,"wind_avg_mph":1.772344769230768,"wind_dir_deg":280.09615384615387,"rain_in":0}}