{"Cotech-367959":{"time":"2026-01-17 22:11:14","model":"Cotech-367959","id":13,"humidity":35,"temperature":75.34230769230768,"wind_avg_mph":1.174393499999999,"wind_dir_deg":245.59615384615384,"rain_in":0}}