{"Cotech-367959":{"time":"2026-01-10 05:13:32","model":"Cotech-367959","id":13,"humidity":63,"temperature":41.94200000000003,"wind_avg_mph":1.0692573199999997,"wind_dir_deg":283.74,"rain_in":0}}