{"Cotech-367959":{"time":"2026-01-15 14:54:08","model":"Cotech-367959","id":13,"humidity":85,"temperature":45.7237288135593,"wind_avg_mph":2.741199355932203,"wind_dir_deg":274.1525423728813,"rain_in":0}}