{"Cotech-367959":{"time":"2026-01-15 05:57:04","model":"Cotech-367959","id":13,"humidity":70,"temperature":49.821568627451,"wind_avg_mph":0.2938725098039216,"wind_dir_deg":261.0980392156863,"rain_in":0}}