{"Cotech-367959":{"time":"2026-01-20 08:32:19","model":"Cotech-367959","id":13,"humidity":69,"temperature":47.50377358490564,"wind_avg_mph":1.6840359622641523,"wind_dir_deg":278.2641509433962,"rain_in":0}}