{"Cotech-367959":{"time":"2026-01-20 17:17:56","model":"Cotech-367959","id":13,"humidity":85,"temperature":46.40384615384615,"wind_avg_mph":0.6710819999999997,"wind_dir_deg":181.8653846153846,"rain_in":0}}