{"Cotech-367959":{"time":"2026-01-19 05:04:18","model":"Cotech-367959","id":13,"humidity":75,"temperature":50.938297872340435,"wind_avg_mph":1.6753252765957445,"wind_dir_deg":275.63829787234044,"rain_in":0}}