{"Cotech-367959":{"time":"2026-01-11 05:45:49","model":"Cotech-367959","id":13,"humidity":77,"temperature":45.14406779661015,"wind_avg_mph":1.490029525423729,"wind_dir_deg":273.9830508474576,"rain_in":0}}