{"Cotech-367959":{"time":"2026-01-17 23:02:58","model":"Cotech-367959","id":13,"humidity":44,"temperature":69.57333333333331,"wind_avg_mph":0.21375204444444446,"wind_dir_deg":76.04444444444445,"rain_in":0}}