{"Cotech-367959":{"time":"2026-01-20 12:30:27","model":"Cotech-367959","id":13,"humidity":84,"temperature":44.25862068965516,"wind_avg_mph":2.5917649655172417,"wind_dir_deg":270.3103448275862,"rain_in":0}}