{"Cotech-367959":{"time":"2026-01-15 13:47:44","model":"Cotech-367959","id":13,"humidity":88,"temperature":45.4375,"wind_avg_mph":1.1883743749999998,"wind_dir_deg":279.8541666666667,"rain_in":0}}