{"Cotech-367959":{"time":"2026-01-10 08:02:36","model":"Cotech-367959","id":13,"humidity":71,"temperature":40.588235294117645,"wind_avg_mph":1.4079563529411765,"wind_dir_deg":278.5882352941176,"rain_in":0}}