{"Cotech-367959":{"time":"2026-01-11 06:22:53","model":"Cotech-367959","id":13,"humidity":81,"temperature":43.43333333333334,"wind_avg_mph":0.7746440370370365,"wind_dir_deg":289.2962962962963,"rain_in":0}}