{"Cotech-367959":{"time":"2026-01-10 06:00:28","model":"Cotech-367959","id":13,"humidity":70,"temperature":40.95957446808513,"wind_avg_mph":1.004243276595744,"wind_dir_deg":286.8085106382979,"rain_in":0}}