{"Cotech-367959":{"time":"2026-01-19 00:04:02","model":"Cotech-367959","id":13,"humidity":41,"temperature":74.88644067796606,"wind_avg_mph":0.21990257627118648,"wind_dir_deg":192.6271186440678,"rain_in":0}}