{"Cotech-367959":{"time":"2026-01-19 17:36:03","model":"Cotech-367959","id":13,"humidity":71,"temperature":53.262499999999996,"wind_avg_mph":0.2563160416666667,"wind_dir_deg":288.4375,"rain_in":0}}