{"Cotech-367959":{"time":"2026-01-10 23:31:41","model":"Cotech-367959","id":13,"humidity":41,"temperature":64.60384615384615,"wind_avg_mph":1.2604296538461535,"wind_dir_deg":239.73076923076923,"rain_in":0}}