{"Cotech-367959":{"time":"2026-01-18 04:33:38","model":"Cotech-367959","id":13,"humidity":78,"temperature":51.791379310344844,"wind_avg_mph":0.12727417241379313,"wind_dir_deg":228.8448275862069,"rain_in":0}}