{"Cotech-367959":{"time":"2026-01-10 06:58:36","model":"Cotech-367959","id":13,"humidity":73,"temperature":40.20181818181817,"wind_avg_mph":0.9151118181818182,"wind_dir_deg":283.27272727272725,"rain_in":0}}