{"Cotech-367959":{"time":"2026-01-20 09:45:23","model":"Cotech-367959","id":13,"humidity":77,"temperature":46.4169491525424,"wind_avg_mph":2.0625345084745756,"wind_dir_deg":276.47457627118644,"rain_in":0}}