{"Cotech-367959":{"time":"2026-01-09 23:26:04","model":"Cotech-367959","id":13,"humidity":25,"temperature":66.99655172413793,"wind_avg_mph":0.6363708620689651,"wind_dir_deg":173.94827586206895,"rain_in":0}}