{"Cotech-367959":{"time":"2026-01-19 18:26:59","model":"Cotech-367959","id":13,"humidity":65,"temperature":57.486956521739096,"wind_avg_mph":1.5853096521739134,"wind_dir_deg":95.26086956521739,"rain_in":0}}