{"Cotech-367959":{"time":"2026-01-18 23:44:18","model":"Cotech-367959","id":13,"humidity":40,"temperature":75.59622641509429,"wind_avg_mph":0.5149182641509433,"wind_dir_deg":169.39622641509433,"rain_in":0}}