{"Cotech-367959":{"time":"2026-01-19 23:49:55","model":"Cotech-367959","id":13,"humidity":25,"temperature":75.06842105263159,"wind_avg_mph":0.8712292631578946,"wind_dir_deg":199.56140350877192,"rain_in":0}}