{"Cotech-367959":{"time":"2026-01-19 16:31:31","model":"Cotech-367959","id":13,"humidity":77,"temperature":47.78599999999997,"wind_avg_mph":0.03579104,"wind_dir_deg":244.98,"rain_in":0}}