{"Cotech-367959":{"time":"2026-01-10 01:09:48","model":"Cotech-367959","id":13,"humidity":44,"temperature":52.42291666666667,"wind_avg_mph":0.13980875,"wind_dir_deg":234.08333333333334,"rain_in":0}}