{"Cotech-367959":{"time":"2026-01-17 22:01:54","model":"Cotech-367959","id":13,"humidity":34,"temperature":76.9169491525424,"wind_avg_mph":0.8682360338983048,"wind_dir_deg":201.6271186440678,"rain_in":0}}