{"Cotech-367959":{"time":"2026-01-19 16:50:11","model":"Cotech-367959","id":13,"humidity":78,"temperature":48.264444444444464,"wind_avg_mph":1.2725703111111106,"wind_dir_deg":279.4,"rain_in":0}}