{"Cotech-367959":{"time":"2026-01-18 00:16:34","model":"Cotech-367959","id":13,"humidity":54,"temperature":66.69642857142857,"wind_avg_mph":0.1078524642857143,"wind_dir_deg":62.94642857142857,"rain_in":0}}