{"Cotech-367959":{"time":"2026-01-11 03:11:41","model":"Cotech-367959","id":13,"humidity":73,"temperature":47.86792452830186,"wind_avg_mph":0.1477224528301887,"wind_dir_deg":295.7169811320755,"rain_in":0}}