{"Cotech-367959":{"time":"2026-01-20 07:27:47","model":"Cotech-367959","id":13,"humidity":69,"temperature":47.343859649122855,"wind_avg_mph":0.831984701754386,"wind_dir_deg":290.280701754386,"rain_in":0}}