{"Cotech-367959":{"time":"2026-01-19 06:02:26","model":"Cotech-367959","id":13,"humidity":74,"temperature":50.23018867924524,"wind_avg_mph":1.3801497735849053,"wind_dir_deg":277.0943396226415,"rain_in":0}}