{"Cotech-367959":{"time":"2026-01-19 03:10:10","model":"Cotech-367959","id":13,"humidity":73,"temperature":53.32173913043481,"wind_avg_mph":0.1361615652173913,"wind_dir_deg":299,"rain_in":0}}