{"Cotech-367959":{"time":"2026-01-15 13:39:12","model":"Cotech-367959","id":13,"humidity":88,"temperature":44.73166666666667,"wind_avg_mph":2.464362233333333,"wind_dir_deg":274.5,"rain_in":0}}