{"Cotech-367959":{"time":"2026-01-19 14:10:43","model":"Cotech-367959","id":13,"humidity":76,"temperature":45.37777777777777,"wind_avg_mph":1.2551718888888883,"wind_dir_deg":283.6111111111111,"rain_in":0}}