{"Cotech-367959":{"time":"2026-01-18 17:37:54","model":"Cotech-367959","id":13,"humidity":67,"temperature":56.03559322033899,"wind_avg_mph":0.21231972881355934,"wind_dir_deg":214.5084745762712,"rain_in":0}}