{"Cotech-367959":{"time":"2026-01-19 12:26:43","model":"Cotech-367959","id":13,"humidity":72,"temperature":46.66956521739131,"wind_avg_mph":0.48629130434782597,"wind_dir_deg":219.56521739130434,"rain_in":0}}