{"Cotech-367959":{"time":"2026-01-18 12:32:34","model":"Cotech-367959","id":13,"humidity":79,"temperature":48.231111111111126,"wind_avg_mph":1.4018157333333332,"wind_dir_deg":276.31111111111113,"rain_in":0}}