{"Cotech-367959":{"time":"2026-01-20 13:54:43","model":"Cotech-367959","id":13,"humidity":85,"temperature":43.37916666666667,"wind_avg_mph":0.6524408333333331,"wind_dir_deg":264.7916666666667,"rain_in":0}}