{"Cotech-367959":{"time":"2026-01-19 06:10:42","model":"Cotech-367959","id":13,"humidity":74,"temperature":49.984782608695696,"wind_avg_mph":1.5464063478260872,"wind_dir_deg":275.8695652173913,"rain_in":0}}