{"Cotech-367959":{"time":"2026-01-15 08:54:24","model":"Cotech-367959","id":13,"humidity":74,"temperature":47.730769230769255,"wind_avg_mph":1.2045061538461534,"wind_dir_deg":285.09615384615387,"rain_in":0}}