{"Cotech-367959":{"time":"2026-01-15 15:25:04","model":"Cotech-367959","id":13,"humidity":87,"temperature":45.46538461538466,"wind_avg_mph":1.8282682692307684,"wind_dir_deg":271.36538461538464,"rain_in":0}}