{"Cotech-367959":{"time":"2026-01-18 11:26:42","model":"Cotech-367959","id":13,"humidity":76,"temperature":49.294915254237274,"wind_avg_mph":1.6871835593220337,"wind_dir_deg":280.40677966101697,"rain_in":0}}