{"Cotech-367959":{"time":"2026-01-11 06:41:49","model":"Cotech-367959","id":13,"humidity":83,"temperature":42.852542372881395,"wind_avg_mph":0.4890936610169489,"wind_dir_deg":285.91525423728814,"rain_in":0}}