{"Cotech-367959":{"time":"2026-01-19 20:52:51","model":"Cotech-367959","id":13,"humidity":51,"temperature":67.50444444444445,"wind_avg_mph":1.9486232888888881,"wind_dir_deg":102.55555555555556,"rain_in":0}}