{"Cotech-367959":{"time":"2026-01-10 09:30:36","model":"Cotech-367959","id":13,"humidity":79,"temperature":38.66730769230768,"wind_avg_mph":0.8689651538461536,"wind_dir_deg":288.34615384615387,"rain_in":0}}