{"Cotech-367959":{"time":"2026-01-19 16:22:11","model":"Cotech-367959","id":13,"humidity":76,"temperature":47.77872340425534,"wind_avg_mph":1.0851538723404253,"wind_dir_deg":286.6170212765957,"rain_in":0}}