{"Cotech-367959":{"time":"2026-01-18 05:45:54","model":"Cotech-367959","id":13,"humidity":74,"temperature":51.72830188679249,"wind_avg_mph":1.7853313584905661,"wind_dir_deg":274.20754716981133,"rain_in":0}}