{"Cotech-367959":{"time":"2026-01-10 02:13:32","model":"Cotech-367959","id":13,"humidity":51,"temperature":47.38490566037735,"wind_avg_mph":0.4136228679245281,"wind_dir_deg":288.1132075471698,"rain_in":0}}