{"Cotech-367959":{"time":"2026-01-10 04:37:00","model":"Cotech-367959","id":13,"humidity":61,"temperature":42.374468085106365,"wind_avg_mph":1.0661160851063827,"wind_dir_deg":274.6595744680851,"rain_in":0}}