{"Cotech-367959":{"time":"2026-01-18 15:49:22","model":"Cotech-367959","id":13,"humidity":79,"temperature":49.39038461538461,"wind_avg_mph":2.396106884615384,"wind_dir_deg":273.9807692307692,"rain_in":0}}