{"Cotech-367959":{"time":"2026-01-20 00:37:39","model":"Cotech-367959","id":13,"humidity":32,"temperature":65.9474576271187,"wind_avg_mph":0.14407410169491527,"wind_dir_deg":229.76271186440678,"rain_in":0}}