{"Cotech-367959":{"time":"2026-01-19 00:47:30","model":"Cotech-367959","id":13,"humidity":55,"temperature":64.56521739130437,"wind_avg_mph":0.14588739130434786,"wind_dir_deg":207.47826086956522,"rain_in":0}}