{"Cotech-367959":{"time":"2026-01-10 06:38:52","model":"Cotech-367959","id":13,"humidity":73,"temperature":40.305263157894714,"wind_avg_mph":0.8947760000000001,"wind_dir_deg":278.3333333333333,"rain_in":0}}