{"Cotech-367959":{"time":"2026-01-18 22:58:42","model":"Cotech-367959","id":13,"humidity":42,"temperature":73.56153846153845,"wind_avg_mph":0.7442127307692302,"wind_dir_deg":208,"rain_in":0}}