{"Cotech-367959":{"time":"2026-01-19 00:12:18","model":"Cotech-367959","id":13,"humidity":46,"temperature":70.53695652173914,"wind_avg_mph":0.37444430434782594,"wind_dir_deg":243.17391304347825,"rain_in":0}}