{"Cotech-367959":{"time":"2026-01-19 08:33:38","model":"Cotech-367959","id":13,"humidity":74,"temperature":48.27450980392155,"wind_avg_mph":1.8334135686274513,"wind_dir_deg":275.0980392156863,"rain_in":0}}