{"Cotech-367959":{"time":"2026-01-18 04:04:34","model":"Cotech-367959","id":13,"humidity":80,"temperature":51.24905660377353,"wind_avg_mph":0.0675302641509434,"wind_dir_deg":289.47169811320754,"rain_in":0}}