{"Cotech-367959":{"time":"2026-01-18 13:49:22","model":"Cotech-367959","id":13,"humidity":81,"temperature":48.45000000000005,"wind_avg_mph":1.6237098965517238,"wind_dir_deg":272.1034482758621,"rain_in":0}}