{"Cotech-367959":{"time":"2026-01-20 04:54:27","model":"Cotech-367959","id":13,"humidity":62,"temperature":50.625862068965496,"wind_avg_mph":1.646850655172414,"wind_dir_deg":274.6034482758621,"rain_in":0}}