{"Cotech-367959":{"time":"2026-01-15 06:16:16","model":"Cotech-367959","id":13,"humidity":72,"temperature":49.04807692307692,"wind_avg_mph":1.2045061538461537,"wind_dir_deg":288.6730769230769,"rain_in":0}}