{"Cotech-367959":{"time":"2026-01-18 10:46:26","model":"Cotech-367959","id":13,"humidity":74,"temperature":50.43043478260872,"wind_avg_mph":1.2011395217391294,"wind_dir_deg":269.54347826086956,"rain_in":0}}