{"Cotech-367959":{"time":"2026-01-19 10:56:35","model":"Cotech-367959","id":13,"humidity":77,"temperature":45.974999999999966,"wind_avg_mph":1.6896886071428574,"wind_dir_deg":277.44642857142856,"rain_in":0}}