{"Cotech-367959":{"time":"2026-01-15 07:56:16","model":"Cotech-367959","id":13,"humidity":73,"temperature":47.90833333333329,"wind_avg_mph":1.316066366666667,"wind_dir_deg":262.9166666666667,"rain_in":0}}