{"Cotech-367959":{"time":"2026-01-20 06:00:35","model":"Cotech-367959","id":13,"humidity":66,"temperature":48.92549019607843,"wind_avg_mph":1.5044518039215675,"wind_dir_deg":281.9019607843137,"rain_in":0}}