{"Cotech-367959":{"time":"2026-01-18 22:30:42","model":"Cotech-367959","id":13,"humidity":42,"temperature":73.06034482758623,"wind_avg_mph":0.8600648620689648,"wind_dir_deg":239.86206896551724,"rain_in":0}}