{"Cotech-367959":{"time":"2026-01-20 03:04:35","model":"Cotech-367959","id":13,"humidity":60,"temperature":52.043859649122844,"wind_avg_mph":0.4513124561403508,"wind_dir_deg":285.3333333333333,"rain_in":0}}