{"Cotech-367959":{"time":"2026-01-15 03:28:16","model":"Cotech-367959","id":13,"humidity":68,"temperature":52.15961538461541,"wind_avg_mph":0.07743253846153847,"wind_dir_deg":284.78846153846155,"rain_in":0}}