{"Cotech-367959":{"time":"2026-01-20 02:45:55","model":"Cotech-367959","id":13,"humidity":58,"temperature":52.9083333333333,"wind_avg_mph":0.5499144166666664,"wind_dir_deg":285.5416666666667,"rain_in":0}}