{"Cotech-367959":{"time":"2026-01-19 22:05:55","model":"Cotech-367959","id":13,"humidity":28,"temperature":75.89285714285711,"wind_avg_mph":0.7869235357142853,"wind_dir_deg":193.39285714285714,"rain_in":0}}