{"Cotech-367959":{"time":"2026-01-18 10:02:58","model":"Cotech-367959","id":13,"humidity":73,"temperature":50.739999999999995,"wind_avg_mph":1.8392617777777787,"wind_dir_deg":268.5111111111111,"rain_in":0}}