{"Cotech-367959":{"time":"2026-01-20 09:25:39","model":"Cotech-367959","id":13,"humidity":75,"temperature":46.112500000000004,"wind_avg_mph":1.7243079166666666,"wind_dir_deg":280.0416666666667,"rain_in":0}}