{"Cotech-367959":{"time":"2026-01-11 00:25:01","model":"Cotech-367959","id":13,"humidity":53,"temperature":57.41666666666668,"wind_avg_mph":0.041942625000000004,"wind_dir_deg":192.39583333333334,"rain_in":0}}