{"Cotech-367959":{"time":"2026-01-20 01:40:19","model":"Cotech-367959","id":13,"humidity":42,"temperature":58.363043478260856,"wind_avg_mph":0.4473879999999999,"wind_dir_deg":289.5217391304348,"rain_in":0}}