{"Cotech-367959":{"time":"2026-01-19 04:18:42","model":"Cotech-367959","id":13,"humidity":75,"temperature":51.96346153846161,"wind_avg_mph":0.653874769230769,"wind_dir_deg":288.46153846153845,"rain_in":0}}