{"Cotech-367959":{"time":"2026-01-16 17:33:53","model":"Cotech-367959","id":13,"humidity":60,"temperature":56.16874999999998,"wind_avg_mph":0.041942625000000004,"wind_dir_deg":126.83333333333333,"rain_in":0}}