{"Cotech-367959":{"time":"2026-01-19 18:54:11","model":"Cotech-367959","id":13,"humidity":62,"temperature":59.35471698113207,"wind_avg_mph":0.7512741886792454,"wind_dir_deg":70.88679245283019,"rain_in":0}}