{"Cotech-367959":{"time":"2026-01-19 06:30:26","model":"Cotech-367959","id":13,"humidity":75,"temperature":49.4117647058824,"wind_avg_mph":1.5000656470588238,"wind_dir_deg":278.8627450980392,"rain_in":0}}