{"Cotech-367959":{"time":"2026-01-10 11:27:56","model":"Cotech-367959","id":13,"humidity":82,"temperature":38.73448275862067,"wind_avg_mph":1.172465103448275,"wind_dir_deg":276.8965517241379,"rain_in":0}}