{"Cotech-367959":{"time":"2026-01-10 11:00:44","model":"Cotech-367959","id":13,"humidity":82,"temperature":38.840384615384636,"wind_avg_mph":1.3722766538461533,"wind_dir_deg":272.9423076923077,"rain_in":0}}