{"Cotech-367959":{"time":"2026-01-15 07:07:44","model":"Cotech-367959","id":13,"humidity":73,"temperature":47.936842105263125,"wind_avg_mph":0.9300961052631577,"wind_dir_deg":279.5964912280702,"rain_in":0}}