{"Cotech-367959":{"time":"2026-01-20 08:41:39","model":"Cotech-367959","id":13,"humidity":69,"temperature":47.59038461538462,"wind_avg_mph":0.7442127307692304,"wind_dir_deg":280.53846153846155,"rain_in":0}}