{"Cotech-367959":{"time":"2026-01-18 22:49:22","model":"Cotech-367959","id":13,"humidity":43,"temperature":74.31132075471696,"wind_avg_mph":0.6837439245283015,"wind_dir_deg":158.64150943396226,"rain_in":0}}