{"Cotech-367959":{"time":"2026-01-11 06:31:25","model":"Cotech-367959","id":13,"humidity":83,"temperature":43.13124999999999,"wind_avg_mph":0.9833215416666663,"wind_dir_deg":278.125,"rain_in":0}}