{"Cotech-367959":{"time":"2026-01-20 15:45:23","model":"Cotech-367959","id":13,"humidity":90,"temperature":42.9673076923077,"wind_avg_mph":1.595970653846153,"wind_dir_deg":280.15384615384613,"rain_in":0}}