{"Cotech-367959":{"time":"2026-01-15 12:09:36","model":"Cotech-367959","id":13,"humidity":85,"temperature":45.82499999999999,"wind_avg_mph":1.9899445416666668,"wind_dir_deg":276.2916666666667,"rain_in":0}}