{"Cotech-367959":{"time":"2026-01-20 16:58:12","model":"Cotech-367959","id":13,"humidity":88,"temperature":44.40869565217389,"wind_avg_mph":0.44252508695652176,"wind_dir_deg":142.93478260869566,"rain_in":0}}