{"Cotech-367959":{"time":"2026-01-18 03:55:14","model":"Cotech-367959","id":13,"humidity":79,"temperature":51.556896551724165,"wind_avg_mph":0.4705287586206895,"wind_dir_deg":296.5689655172414,"rain_in":0}}