{"Cotech-367959":{"time":"2026-01-20 10:22:59","model":"Cotech-367959","id":13,"humidity":78,"temperature":46.24999999999997,"wind_avg_mph":1.9476805172413798,"wind_dir_deg":273.8965517241379,"rain_in":0}}