{"Cotech-367959":{"time":"2026-01-20 05:22:11","model":"Cotech-367959","id":13,"humidity":62,"temperature":50.692156862745065,"wind_avg_mph":2.473792470588234,"wind_dir_deg":273.3137254901961,"rain_in":0}}