{"Cotech-367959":{"time":"2026-01-10 11:17:32","model":"Cotech-367959","id":13,"humidity":82,"temperature":38.98297872340427,"wind_avg_mph":1.1232294468085104,"wind_dir_deg":275.06382978723406,"rain_in":0}}