{"Cotech-367959":{"time":"2026-01-10 09:38:52","model":"Cotech-367959","id":13,"humidity":79,"temperature":38.623913043478254,"wind_avg_mph":0.5884124782608695,"wind_dir_deg":289.39130434782606,"rain_in":0}}