{"Cotech-367959":{"time":"2026-01-19 23:21:39","model":"Cotech-367959","id":13,"humidity":24,"temperature":75.40222222222222,"wind_avg_mph":0.730733733333333,"wind_dir_deg":156.88888888888889,"rain_in":0}}