{"Cotech-367959":{"time":"2026-01-15 05:47:44","model":"Cotech-367959","id":13,"humidity":70,"temperature":49.97843137254907,"wind_avg_mph":0.7982805490196074,"wind_dir_deg":262.11764705882354,"rain_in":0}}