{"Cotech-367959":{"time":"2026-01-15 05:18:56","model":"Cotech-367959","id":13,"humidity":68,"temperature":50.980357142857194,"wind_avg_mph":0.8708087857142852,"wind_dir_deg":289.4642857142857,"rain_in":0}}