{"Cotech-367959":{"time":"2026-01-20 05:31:31","model":"Cotech-367959","id":13,"humidity":62,"temperature":50.581132075471686,"wind_avg_mph":1.2999575849056602,"wind_dir_deg":230.66037735849056,"rain_in":0}}