{"Cotech-367959":{"time":"2026-01-15 10:29:20","model":"Cotech-367959","id":13,"humidity":78,"temperature":46.76874999999999,"wind_avg_mph":0.17243079166666667,"wind_dir_deg":263.2708333333333,"rain_in":0}}