{"Cotech-367959":{"time":"2026-01-20 14:41:39","model":"Cotech-367959","id":13,"humidity":89,"temperature":42.99473684210529,"wind_avg_mph":0.4199168070175435,"wind_dir_deg":236.57894736842104,"rain_in":0}}