{"Cotech-367959":{"time":"2026-01-18 09:44:34","model":"Cotech-367959","id":13,"humidity":72,"temperature":50.58245614035083,"wind_avg_mph":2.1741487017543855,"wind_dir_deg":274.36842105263156,"rain_in":0}}