{"Cotech-367959":{"time":"2026-01-18 23:34:58","model":"Cotech-367959","id":13,"humidity":40,"temperature":75.84565217391301,"wind_avg_mph":0.3647184782608696,"wind_dir_deg":168.8913043478261,"rain_in":0}}