{"Cotech-367959":{"time":"2026-01-19 22:33:55","model":"Cotech-367959","id":13,"humidity":25,"temperature":75.67894736842099,"wind_avg_mph":1.0556787017543852,"wind_dir_deg":225.2280701754386,"rain_in":0}}