{"Cotech-367959":{"time":"2026-01-18 08:01:06","model":"Cotech-367959","id":13,"humidity":74,"temperature":50.47884615384619,"wind_avg_mph":1.944417076923076,"wind_dir_deg":272.03846153846155,"rain_in":0}}