{"Cotech-367959":{"time":"2026-01-10 21:48:13","model":"Cotech-367959","id":13,"humidity":40,"temperature":64.80000000000001,"wind_avg_mph":1.3095419583333328,"wind_dir_deg":215.52083333333334,"rain_in":0}}