{"Cotech-367959":{"time":"2026-01-18 02:30:10","model":"Cotech-367959","id":13,"humidity":76,"temperature":55.05957446808515,"wind_avg_mph":0.12850506382978724,"wind_dir_deg":326.3404255319149,"rain_in":0}}