{"Cotech-367959":{"time":"2026-01-20 12:40:51","model":"Cotech-367959","id":13,"humidity":85,"temperature":43.84406779661014,"wind_avg_mph":2.134571559322034,"wind_dir_deg":269.59322033898303,"rain_in":0}}