{"Cotech-367959":{"time":"2026-01-19 21:29:07","model":"Cotech-367959","id":13,"humidity":48,"temperature":69.35333333333332,"wind_avg_mph":0.7506176444444446,"wind_dir_deg":112.91111111111111,"rain_in":0}}