{"Cotech-367959":{"time":"2026-01-10 00:51:56","model":"Cotech-367959","id":13,"humidity":36,"temperature":55.00638297872339,"wind_avg_mph":0.019037787234042557,"wind_dir_deg":165,"rain_in":0}}