{"Cotech-367959":{"time":"2026-01-15 13:09:20","model":"Cotech-367959","id":13,"humidity":86,"temperature":45.44444444444445,"wind_avg_mph":1.7108448518518518,"wind_dir_deg":272.7962962962963,"rain_in":0}}