{"Cotech-367959":{"time":"2026-01-17 23:55:46","model":"Cotech-367959","id":13,"humidity":44,"temperature":72.09555555555556,"wind_avg_mph":0.4970977777777776,"wind_dir_deg":167.9777777777778,"rain_in":0}}