{"Cotech-367959":{"time":"2026-01-19 11:31:47","model":"Cotech-367959","id":13,"humidity":75,"temperature":46.035087719298204,"wind_avg_mph":2.178073157894736,"wind_dir_deg":274.6666666666667,"rain_in":0}}