{"Cotech-367959":{"time":"2026-01-10 05:42:36","model":"Cotech-367959","id":13,"humidity":67,"temperature":41.249999999999986,"wind_avg_mph":1.3961591034482757,"wind_dir_deg":275.3103448275862,"rain_in":0}}