{"Cotech-367959":{"time":"2026-01-18 14:42:10","model":"Cotech-367959","id":13,"humidity":79,"temperature":48.950000000000024,"wind_avg_mph":0.11670991304347827,"wind_dir_deg":154.34782608695653,"rain_in":0}}