{"Cotech-367959":{"time":"2026-01-10 05:23:56","model":"Cotech-367959","id":13,"humidity":64,"temperature":41.732203389830524,"wind_avg_mph":1.4255753220338985,"wind_dir_deg":282.5762711864407,"rain_in":0}}