{"Cotech-367959":{"time":"2026-01-10 04:01:16","model":"Cotech-367959","id":13,"humidity":59,"temperature":43.178260869565214,"wind_avg_mph":0.9385422173913042,"wind_dir_deg":282.9782608695652,"rain_in":0}}