{"Cotech-367959":{"time":"2026-01-18 20:18:10","model":"Cotech-367959","id":13,"humidity":48,"temperature":67.17017543859649,"wind_avg_mph":1.4481243157894736,"wind_dir_deg":125.43859649122807,"rain_in":0}}