{"Cotech-367959":{"time":"2026-01-19 15:18:11","model":"Cotech-367959","id":13,"humidity":79,"temperature":44.67118644067801,"wind_avg_mph":1.2132555932203388,"wind_dir_deg":278.4237288135593,"rain_in":0}}