{"Cotech-367959":{"time":"2026-01-10 21:56:29","model":"Cotech-367959","id":13,"humidity":39,"temperature":65.45106382978722,"wind_avg_mph":1.0137621702127657,"wind_dir_deg":189.12765957446808,"rain_in":0}}