{"Cotech-367959":{"time":"2026-01-20 07:46:27","model":"Cotech-367959","id":13,"humidity":69,"temperature":47.59999999999995,"wind_avg_mph":2.0427904905660377,"wind_dir_deg":277,"rain_in":0}}