{"Cotech-367959":{"time":"2026-01-18 13:29:38","model":"Cotech-367959","id":13,"humidity":82,"temperature":47.919565217391316,"wind_avg_mph":2.694053826086956,"wind_dir_deg":270.9130434782609,"rain_in":0}}