{"Cotech-367959":{"time":"2026-01-11 01:02:37","model":"Cotech-367959","id":13,"humidity":57,"temperature":53.21509433962268,"wind_avg_mph":0.025323849056603776,"wind_dir_deg":196.9056603773585,"rain_in":0}}