{"Cotech-367959":{"time":"2026-01-18 16:58:26","model":"Cotech-367959","id":13,"humidity":69,"temperature":53.98214285714288,"wind_avg_mph":0.8588251785714285,"wind_dir_deg":259.55357142857144,"rain_in":0}}