{"Cotech-367959":{"time":"2026-01-17 22:54:42","model":"Cotech-367959","id":13,"humidity":41,"temperature":71.08888888888887,"wind_avg_mph":0.3479684444444445,"wind_dir_deg":145.57777777777778,"rain_in":0}}