{"Cotech-367959":{"time":"2026-01-20 10:39:47","model":"Cotech-367959","id":13,"humidity":78,"temperature":45.63124999999999,"wind_avg_mph":1.3561448749999994,"wind_dir_deg":276.8333333333333,"rain_in":0}}