{"Cotech-367959":{"time":"2026-01-20 14:20:51","model":"Cotech-367959","id":13,"humidity":87,"temperature":43.04999999999998,"wind_avg_mph":2.4265936086956525,"wind_dir_deg":275.5217391304348,"rain_in":0}}