{"Cotech-367959":{"time":"2026-01-18 19:02:58","model":"Cotech-367959","id":13,"humidity":59,"temperature":61.23508771929828,"wind_avg_mph":0.43953908771929806,"wind_dir_deg":108,"rain_in":0}}