{"Cotech-367959":{"time":"2026-01-15 02:50:40","model":"Cotech-367959","id":13,"humidity":68,"temperature":53.59803921568623,"wind_avg_mph":1.0965392156862748,"wind_dir_deg":271.37254901960785,"rain_in":0}}