{"Cotech-367959":{"time":"2026-01-10 21:11:25","model":"Cotech-367959","id":13,"humidity":42,"temperature":65.19137931034489,"wind_avg_mph":0.8099265517241375,"wind_dir_deg":157.91379310344828,"rain_in":0}}