{"Cotech-367959":{"time":"2026-01-10 21:39:41","model":"Cotech-367959","id":13,"humidity":41,"temperature":65.25087719298246,"wind_avg_mph":1.043905333333333,"wind_dir_deg":171.8421052631579,"rain_in":0}}