{"Cotech-367959":{"time":"2026-01-16 18:11:45","model":"Cotech-367959","id":13,"humidity":52,"temperature":60.992452830188675,"wind_avg_mph":1.3041782264150943,"wind_dir_deg":91.0377358490566,"rain_in":0}}