{"Cotech-367959":{"time":"2026-01-10 03:24:44","model":"Cotech-367959","id":13,"humidity":57,"temperature":44.15961538461537,"wind_avg_mph":1.7852501923076918,"wind_dir_deg":272.96153846153845,"rain_in":0}}