{"Cotech-367959":{"time":"2026-01-20 08:59:15","model":"Cotech-367959","id":13,"humidity":72,"temperature":46.69038461538461,"wind_avg_mph":1.1916007307692307,"wind_dir_deg":258.1923076923077,"rain_in":0}}