{"Cotech-367959":{"time":"2026-01-18 07:23:46","model":"Cotech-367959","id":13,"humidity":74,"temperature":50.777272727272724,"wind_avg_mph":1.962406454545455,"wind_dir_deg":279.29545454545456,"rain_in":0}}