{"Cotech-367959":{"time":"2026-01-10 11:57:00","model":"Cotech-367959","id":13,"humidity":85,"temperature":37.843859649122784,"wind_avg_mph":1.3421639999999995,"wind_dir_deg":286.140350877193,"rain_in":0}}