{"Cotech-367959":{"time":"2026-01-10 22:55:09","model":"Cotech-367959","id":13,"humidity":40,"temperature":65.9854166666667,"wind_avg_mph":0.6943834583333329,"wind_dir_deg":126.70833333333333,"rain_in":0}}