{"Cotech-367959":{"time":"2026-01-15 10:38:56","model":"Cotech-367959","id":13,"humidity":79,"temperature":46.541176470588226,"wind_avg_mph":0.10526776470588237,"wind_dir_deg":160.01960784313727,"rain_in":0}}