{"Cotech-367959":{"time":"2026-01-18 14:59:46","model":"Cotech-367959","id":13,"humidity":80,"temperature":48.925000000000026,"wind_avg_mph":1.9057008076923077,"wind_dir_deg":276.28846153846155,"rain_in":0}}