{"Cotech-367959":{"time":"2026-01-18 00:36:18","model":"Cotech-367959","id":13,"humidity":60,"temperature":63.901923076923076,"wind_avg_mph":0,"wind_dir_deg":144.6153846153846,"rain_in":0}}