{"Cotech-367959":{"time":"2026-01-18 10:55:46","model":"Cotech-367959","id":13,"humidity":74,"temperature":50.14423076923076,"wind_avg_mph":1.6604977692307687,"wind_dir_deg":272.7307692307692,"rain_in":0}}