{"Cotech-367959":{"time":"2026-01-19 19:52:35","model":"Cotech-367959","id":13,"humidity":61,"temperature":61.791379310344816,"wind_avg_mph":2.0556707241379306,"wind_dir_deg":96,"rain_in":0}}