{"Cotech-367959":{"time":"2026-01-11 07:41:49","model":"Cotech-367959","id":13,"humidity":82,"temperature":42.6811320754717,"wind_avg_mph":1.2619718113207545,"wind_dir_deg":276.8490566037736,"rain_in":0}}