{"Cotech-367959":{"time":"2026-01-11 09:14:05","model":"Cotech-367959","id":13,"humidity":82,"temperature":41.49245283018867,"wind_avg_mph":0.9538649811320753,"wind_dir_deg":282,"rain_in":0}}