{"Cotech-367959":{"time":"2026-01-10 06:09:48","model":"Cotech-367959","id":13,"humidity":72,"temperature":40.50566037735851,"wind_avg_mph":1.0467190943396223,"wind_dir_deg":283.39622641509436,"rain_in":0}}