{"Cotech-367959":{"time":"2026-01-18 23:53:38","model":"Cotech-367959","id":13,"humidity":40,"temperature":75.8980769230769,"wind_avg_mph":0.2753156923076924,"wind_dir_deg":157.8653846153846,"rain_in":0}}