{"Cotech-367959":{"time":"2026-01-17 23:47:30","model":"Cotech-367959","id":13,"humidity":45,"temperature":70.64150943396227,"wind_avg_mph":0.523359547169811,"wind_dir_deg":166.30188679245282,"rain_in":0}}