{"Cotech-367959":{"time":"2026-01-18 03:35:30","model":"Cotech-367959","id":13,"humidity":79,"temperature":51.978431372549,"wind_avg_mph":0.5000218823529411,"wind_dir_deg":294.52941176470586,"rain_in":0}}