{"Cotech-367959":{"time":"2026-01-18 09:34:10","model":"Cotech-367959","id":13,"humidity":72,"temperature":50.59555555555555,"wind_avg_mph":1.3471349777777766,"wind_dir_deg":273.93333333333334,"rain_in":0}}