{"Cotech-367959":{"time":"2026-01-15 13:28:32","model":"Cotech-367959","id":13,"humidity":88,"temperature":44.568518518518495,"wind_avg_mph":2.4523490370370364,"wind_dir_deg":274.35185185185185,"rain_in":0}}