{"Cotech-367959":{"time":"2026-01-20 16:02:59","model":"Cotech-367959","id":13,"humidity":90,"temperature":43.177358490566064,"wind_avg_mph":1.5194309433962256,"wind_dir_deg":271.77358490566036,"rain_in":0}}