{"Cotech-367959":{"time":"2026-01-20 09:34:59","model":"Cotech-367959","id":13,"humidity":76,"temperature":46.284313725490215,"wind_avg_mph":2.51326788235294,"wind_dir_deg":273.98039215686276,"rain_in":0}}