{"Cotech-367959":{"time":"2026-01-20 14:12:35","model":"Cotech-367959","id":13,"humidity":87,"temperature":43.116666666666646,"wind_avg_mph":1.7895519999999996,"wind_dir_deg":277.3333333333333,"rain_in":0}}