{"Cotech-367959":{"time":"2026-01-10 00:43:24","model":"Cotech-367959","id":13,"humidity":33,"temperature":56.31730769230773,"wind_avg_mph":0.10324338461538463,"wind_dir_deg":222.19230769230768,"rain_in":0}}