{"Cotech-367959":{"time":"2026-01-18 03:26:10","model":"Cotech-367959","id":13,"humidity":78,"temperature":52.62280701754386,"wind_avg_mph":1.0753009824561401,"wind_dir_deg":280.1929824561403,"rain_in":0}}