{"Cotech-367959":{"time":"2026-01-10 05:51:40","model":"Cotech-367959","id":13,"humidity":69,"temperature":40.91764705882353,"wind_avg_mph":0.7237158823529408,"wind_dir_deg":290.54901960784315,"rain_in":0}}