{"Cotech-367959":{"time":"2026-01-18 10:21:38","model":"Cotech-367959","id":13,"humidity":75,"temperature":50.12692307692304,"wind_avg_mph":1.6949122307692308,"wind_dir_deg":279.78846153846155,"rain_in":0}}