{"Cotech-367959":{"time":"2026-01-18 04:52:02","model":"Cotech-367959","id":13,"humidity":75,"temperature":52.489473684210566,"wind_avg_mph":1.361786280701754,"wind_dir_deg":274.12280701754383,"rain_in":0}}