{"Cotech-367959":{"time":"2026-01-15 14:33:04","model":"Cotech-367959","id":13,"humidity":86,"temperature":45.49375000000003,"wind_avg_mph":1.5658579999999998,"wind_dir_deg":261.6666666666667,"rain_in":0}}