{"Cotech-367959":{"time":"2026-01-18 05:27:14","model":"Cotech-367959","id":13,"humidity":75,"temperature":51.79787234042552,"wind_avg_mph":0.5806525106382977,"wind_dir_deg":263.7659574468085,"rain_in":0}}