{"Cotech-367959":{"time":"2026-01-18 11:55:30","model":"Cotech-367959","id":13,"humidity":76,"temperature":49.38793103448277,"wind_avg_mph":1.750984068965517,"wind_dir_deg":277.8965517241379,"rain_in":0}}