{"Cotech-367959":{"time":"2026-01-19 08:24:18","model":"Cotech-367959","id":13,"humidity":73,"temperature":48.54150943396229,"wind_avg_mph":2.152527169811321,"wind_dir_deg":274.0566037735849,"rain_in":0}}