{"Cotech-367959":{"time":"2026-01-18 15:20:18","model":"Cotech-367959","id":13,"humidity":80,"temperature":49.03157894736837,"wind_avg_mph":2.2604867368421053,"wind_dir_deg":274.8070175438597,"rain_in":0}}