{"Cotech-367959":{"time":"2026-01-10 22:36:13","model":"Cotech-367959","id":13,"humidity":39,"temperature":66.67586206896547,"wind_avg_mph":0.7906425862068962,"wind_dir_deg":178.27586206896552,"rain_in":0}}