{"Cotech-367959":{"time":"2026-01-10 01:28:44","model":"Cotech-367959","id":13,"humidity":45,"temperature":50.603389830508476,"wind_avg_mph":0,"wind_dir_deg":301.1694915254237,"rain_in":0}}