{"Cotech-367959":{"time":"2026-01-20 00:26:59","model":"Cotech-367959","id":13,"humidity":30,"temperature":67.24901960784312,"wind_avg_mph":0.2938725098039216,"wind_dir_deg":188.80392156862746,"rain_in":0}}