{"Cotech-367959":{"time":"2026-01-17 22:29:38","model":"Cotech-367959","id":13,"humidity":34,"temperature":76.90196078431376,"wind_avg_mph":0.68862662745098,"wind_dir_deg":200.68627450980392,"rain_in":0}}