{"Cotech-367959":{"time":"2026-01-19 04:46:42","model":"Cotech-367959","id":13,"humidity":76,"temperature":50.91886792452829,"wind_avg_mph":1.671374037735849,"wind_dir_deg":270.9056603773585,"rain_in":0}}