{"Cotech-367959":{"time":"2026-01-18 01:22:58","model":"Cotech-367959","id":13,"humidity":70,"temperature":58.901960784313744,"wind_avg_mph":0.004386156862745099,"wind_dir_deg":258.11764705882354,"rain_in":0}}