{"Cotech-367959":{"time":"2026-01-19 17:27:31","model":"Cotech-367959","id":13,"humidity":71,"temperature":52.423076923076955,"wind_avg_mph":0.542027769230769,"wind_dir_deg":285.5192307692308,"rain_in":0}}