{"Cotech-367959":{"time":"2026-01-10 23:12:45","model":"Cotech-367959","id":13,"humidity":40,"temperature":66.58478260869562,"wind_avg_mph":0.675944913043478,"wind_dir_deg":188.02173913043478,"rain_in":0}}