{"Cotech-367959":{"time":"2026-01-15 11:31:44","model":"Cotech-367959","id":13,"humidity":82,"temperature":46.88333333333332,"wind_avg_mph":0.6172297407407406,"wind_dir_deg":251.16666666666666,"rain_in":0}}