{"Cotech-367959":{"time":"2026-01-15 02:24:16","model":"Cotech-367959","id":13,"humidity":67,"temperature":54.689285714285724,"wind_avg_mph":0.019972678571428572,"wind_dir_deg":182.125,"rain_in":0}}