{"Cotech-367959":{"time":"2026-01-10 20:34:37","model":"Cotech-367959","id":13,"humidity":48,"temperature":60.18070175438597,"wind_avg_mph":0.9300961052631578,"wind_dir_deg":217.43859649122808,"rain_in":0}}