{"Cotech-367959":{"time":"2026-01-18 07:43:30","model":"Cotech-367959","id":13,"humidity":74,"temperature":50.50526315789477,"wind_avg_mph":1.2126569473684201,"wind_dir_deg":284.64912280701753,"rain_in":0}}