{"Cotech-367959":{"time":"2026-01-19 04:09:22","model":"Cotech-367959","id":13,"humidity":75,"temperature":52.092857142857135,"wind_avg_mph":1.2423006071428566,"wind_dir_deg":273.30357142857144,"rain_in":0}}