{"Cotech-367959":{"time":"2026-01-11 04:01:01","model":"Cotech-367959","id":13,"humidity":76,"temperature":46.69999999999997,"wind_avg_mph":0.563377481481481,"wind_dir_deg":283.22222222222223,"rain_in":0}}