{"Cotech-367959":{"time":"2026-01-11 03:51:25","model":"Cotech-367959","id":13,"humidity":76,"temperature":46.95172413793108,"wind_avg_mph":0.40110648275862054,"wind_dir_deg":280,"rain_in":0}}