{"Cotech-367959":{"time":"2026-01-18 20:08:02","model":"Cotech-367959","id":13,"humidity":51,"temperature":65.22586206896553,"wind_avg_mph":1.346020793103448,"wind_dir_deg":120.79310344827586,"rain_in":0}}