{"Cotech-367959":{"time":"2026-01-20 06:48:19","model":"Cotech-367959","id":13,"humidity":62,"temperature":50.07931034482754,"wind_avg_mph":2.753750275862067,"wind_dir_deg":269.8965517241379,"rain_in":0}}