{"Cotech-367959":{"time":"2026-01-10 10:15:40","model":"Cotech-367959","id":13,"humidity":81,"temperature":38.70425531914893,"wind_avg_mph":1.3278856595744675,"wind_dir_deg":292.3404255319149,"rain_in":0}}