{"Cotech-367959":{"time":"2026-01-19 12:09:07","model":"Cotech-367959","id":13,"humidity":72,"temperature":46.55882352941174,"wind_avg_mph":0.7631912941176463,"wind_dir_deg":283.62745098039215,"rain_in":0}}