{"Cotech-367959":{"time":"2026-01-19 03:29:54","model":"Cotech-367959","id":13,"humidity":74,"temperature":52.65094339622641,"wind_avg_mph":0.27856233962264154,"wind_dir_deg":307.33962264150944,"rain_in":0}}