{"Cotech-367959":{"time":"2026-01-10 01:55:40","model":"Cotech-367959","id":13,"humidity":49,"temperature":48.49565217391304,"wind_avg_mph":0.1750648695652174,"wind_dir_deg":292.6521739130435,"rain_in":0}}