{"Cotech-367959":{"time":"2026-01-11 05:54:21","model":"Cotech-367959","id":13,"humidity":78,"temperature":44.62083333333334,"wind_avg_mph":1.1837140833333337,"wind_dir_deg":273.5625,"rain_in":0}}