{"Cotech-367959":{"time":"2026-01-19 19:22:27","model":"Cotech-367959","id":13,"humidity":58,"temperature":61.447457627118624,"wind_avg_mph":1.0312672542372878,"wind_dir_deg":76.37288135593221,"rain_in":0}}