{"Cotech-367959":{"time":"2026-01-19 09:35:47","model":"Cotech-367959","id":13,"humidity":76,"temperature":46.649999999999984,"wind_avg_mph":1.4195965384615379,"wind_dir_deg":277.21153846153845,"rain_in":0}}