{"Cotech-367959":{"time":"2026-01-15 03:46:24","model":"Cotech-367959","id":13,"humidity":68,"temperature":51.69999999999999,"wind_avg_mph":0.4970977777777775,"wind_dir_deg":302.94444444444446,"rain_in":0}}