{"Cotech-367959":{"time":"2026-01-19 14:48:03","model":"Cotech-367959","id":13,"humidity":78,"temperature":44.599999999999994,"wind_avg_mph":1.7627087199999991,"wind_dir_deg":280.26,"rain_in":0}}