{"Cotech-367959":{"time":"2026-01-18 17:08:50","model":"Cotech-367959","id":13,"humidity":69,"temperature":54.54482758620686,"wind_avg_mph":0.9950526206896552,"wind_dir_deg":253.4655172413793,"rain_in":0}}