{"Cotech-367959":{"time":"2026-01-18 06:46:42","model":"Cotech-367959","id":13,"humidity":75,"temperature":50.533898305084755,"wind_avg_mph":1.2397955593220336,"wind_dir_deg":275.54237288135596,"rain_in":0}}