{"Cotech-367959":{"time":"2026-01-11 03:31:41","model":"Cotech-367959","id":13,"humidity":74,"temperature":47.28490566037731,"wind_avg_mph":0.3038861886792453,"wind_dir_deg":285.0377358490566,"rain_in":0}}