{"Cotech-367959":{"time":"2026-01-19 21:46:59","model":"Cotech-367959","id":13,"humidity":31,"temperature":74.75098039215683,"wind_avg_mph":0.8377559607843134,"wind_dir_deg":210.2549019607843,"rain_in":0}}