{"Cotech-367959":{"time":"2026-01-20 11:25:39","model":"Cotech-367959","id":13,"humidity":81,"temperature":44.511320754717005,"wind_avg_mph":2.101879471698113,"wind_dir_deg":265.49056603773585,"rain_in":0}}