{"Cotech-367959":{"time":"2026-01-19 07:45:54","model":"Cotech-367959","id":13,"humidity":74,"temperature":48.70338983050852,"wind_avg_mph":1.998080305084746,"wind_dir_deg":276.1186440677966,"rain_in":0}}