{"Cotech-367959":{"time":"2026-01-20 00:57:23","model":"Cotech-367959","id":13,"humidity":35,"temperature":63.581034482758646,"wind_avg_mph":0.11956058620689657,"wind_dir_deg":139.13793103448276,"rain_in":0}}