{"Cotech-367959":{"time":"2026-01-19 12:36:03","model":"Cotech-367959","id":13,"humidity":73,"temperature":46.36538461538464,"wind_avg_mph":1.647592346153846,"wind_dir_deg":282.28846153846155,"rain_in":0}}