{"Cotech-367959":{"time":"2026-01-11 09:51:57","model":"Cotech-367959","id":13,"humidity":80,"temperature":41.91153846153849,"wind_avg_mph":0.7829289999999995,"wind_dir_deg":275.5576923076923,"rain_in":0}}