{"Cotech-367959":{"time":"2026-01-20 01:50:43","model":"Cotech-367959","id":13,"humidity":43,"temperature":57.46271186440678,"wind_avg_mph":0.16682264406779662,"wind_dir_deg":216.15254237288136,"rain_in":0}}