{"Cotech-367959":{"time":"2026-01-19 00:39:14","model":"Cotech-367959","id":13,"humidity":54,"temperature":65.63220338983051,"wind_avg_mph":0.08341132203389831,"wind_dir_deg":287.6949152542373,"rain_in":0}}