{"Cotech-367959":{"time":"2026-01-18 18:15:14","model":"Cotech-367959","id":13,"humidity":64,"temperature":58.14468085106378,"wind_avg_mph":1.7134008510638299,"wind_dir_deg":278.9574468085106,"rain_in":0}}