{"Cotech-367959":{"time":"2026-01-11 04:57:49","model":"Cotech-367959","id":13,"humidity":78,"temperature":45.3745762711865,"wind_avg_mph":0.47771938983050816,"wind_dir_deg":281.3898305084746,"rain_in":0}}