{"Cotech-367959":{"time":"2026-01-10 03:15:24","model":"Cotech-367959","id":13,"humidity":57,"temperature":44.33541666666665,"wind_avg_mph":0.17243079166666667,"wind_dir_deg":217,"rain_in":0}}