{"Cotech-367959":{"time":"2026-01-18 13:59:46","model":"Cotech-367959","id":13,"humidity":82,"temperature":48.2862068965517,"wind_avg_mph":1.1416107586206894,"wind_dir_deg":279.55172413793105,"rain_in":0}}