{"Cotech-367959":{"time":"2026-01-11 07:21:49","model":"Cotech-367959","id":13,"humidity":85,"temperature":41.85000000000001,"wind_avg_mph":0.08603615384615385,"wind_dir_deg":253.75,"rain_in":0}}