{"Cotech-367959":{"time":"2026-01-20 04:03:47","model":"Cotech-367959","id":13,"humidity":61,"temperature":51.257692307692345,"wind_avg_mph":2.4606339999999998,"wind_dir_deg":271.4230769230769,"rain_in":0}}