{"Cotech-367959":{"time":"2026-01-11 09:42:37","model":"Cotech-367959","id":13,"humidity":79,"temperature":42.17446808510637,"wind_avg_mph":1.0899133191489363,"wind_dir_deg":271.70212765957444,"rain_in":0}}