{"Cotech-367959":{"time":"2026-01-20 07:37:07","model":"Cotech-367959","id":13,"humidity":70,"temperature":47.336538461538495,"wind_avg_mph":1.4927272692307705,"wind_dir_deg":279.5,"rain_in":0}}