{"Cotech-367959":{"time":"2026-01-11 00:08:13","model":"Cotech-367959","id":13,"humidity":46,"temperature":60.01458333333332,"wind_avg_mph":0.4753497499999997,"wind_dir_deg":224.1875,"rain_in":0}}