{"Cotech-367959":{"time":"2026-01-18 19:22:26","model":"Cotech-367959","id":13,"humidity":58,"temperature":62.417647058823505,"wind_avg_mph":0.407912588235294,"wind_dir_deg":58.03921568627451,"rain_in":0}}