{"Cotech-367959":{"time":"2026-01-18 19:49:22","model":"Cotech-367959","id":13,"humidity":53,"temperature":64.26590909090913,"wind_avg_mph":1.3675837727272728,"wind_dir_deg":102.27272727272727,"rain_in":0}}