{"Cotech-367959":{"time":"2026-01-19 14:57:23","model":"Cotech-367959","id":13,"humidity":79,"temperature":44.476470588235294,"wind_avg_mph":1.6097195686274504,"wind_dir_deg":281.19607843137254,"rain_in":0}}