{"Cotech-367959":{"time":"2026-01-18 09:06:10","model":"Cotech-367959","id":13,"humidity":75,"temperature":49.68444444444444,"wind_avg_mph":1.6255097333333326,"wind_dir_deg":279.53333333333336,"rain_in":0}}