{"Cotech-367959":{"time":"2026-01-19 20:09:07","model":"Cotech-367959","id":13,"humidity":63,"temperature":61.537777777777755,"wind_avg_mph":2.062955777777777,"wind_dir_deg":94.71111111111111,"rain_in":0}}