{"Cotech-367959":{"time":"2026-01-10 20:05:17","model":"Cotech-367959","id":13,"humidity":51,"temperature":57.070588235294125,"wind_avg_mph":1.258827019607843,"wind_dir_deg":245.05882352941177,"rain_in":0}}