{"Cotech-367959":{"time":"2026-01-11 09:34:05","model":"Cotech-367959","id":13,"humidity":79,"temperature":42.264406779661044,"wind_avg_mph":1.5999808135593225,"wind_dir_deg":273.5762711864407,"rain_in":0}}