{"Cotech-367959":{"time":"2026-01-20 13:35:47","model":"Cotech-367959","id":13,"humidity":84,"temperature":43.650943396226374,"wind_avg_mph":1.0382778113207547,"wind_dir_deg":227.54716981132074,"rain_in":0}}