{"Cotech-367959":{"time":"2026-01-10 06:28:28","model":"Cotech-367959","id":13,"humidity":73,"temperature":40.2921568627451,"wind_avg_mph":0.8421421176470583,"wind_dir_deg":286.7450980392157,"rain_in":0}}