{"Cotech-367959":{"time":"2026-01-09 23:57:16","model":"Cotech-367959","id":13,"humidity":25,"temperature":64.82758620689656,"wind_avg_mph":0.75978824137931,"wind_dir_deg":217.75862068965517,"rain_in":0}}