{"Cotech-367959":{"time":"2026-01-20 15:27:31","model":"Cotech-367959","id":13,"humidity":89,"temperature":42.99482758620689,"wind_avg_mph":0.6402276551724135,"wind_dir_deg":258.7931034482759,"rain_in":0}}