{"Cotech-367959":{"time":"2026-01-15 11:22:08","model":"Cotech-367959","id":13,"humidity":80,"temperature":47.53799999999998,"wind_avg_mph":1.8074475199999993,"wind_dir_deg":276.08,"rain_in":0}}