{"Cotech-367959":{"time":"2026-01-19 18:44:51","model":"Cotech-367959","id":13,"humidity":63,"temperature":58.62978723404253,"wind_avg_mph":1.6467685957446814,"wind_dir_deg":88.2127659574468,"rain_in":0}}