{"Cotech-367959":{"time":"2026-01-10 02:30:20","model":"Cotech-367959","id":13,"humidity":53,"temperature":46.528888888888915,"wind_avg_mph":0.710849822222222,"wind_dir_deg":288.6222222222222,"rain_in":0}}