{"Cotech-367959":{"time":"2026-01-20 00:00:19","model":"Cotech-367959","id":13,"humidity":26,"temperature":74.17457627118642,"wind_avg_mph":0.4360137288135591,"wind_dir_deg":129.5593220338983,"rain_in":0}}