{"Cotech-367959":{"time":"2026-01-19 09:08:51","model":"Cotech-367959","id":13,"humidity":75,"temperature":47.348076923076896,"wind_avg_mph":1.5099345,"wind_dir_deg":276.5192307692308,"rain_in":0}}