{"Cotech-367959":{"time":"2026-01-20 07:17:39","model":"Cotech-367959","id":13,"humidity":69,"temperature":47.788135593220325,"wind_avg_mph":0.3791423728813557,"wind_dir_deg":269.3898305084746,"rain_in":0}}