{"Cotech-367959":{"time":"2026-01-18 16:48:18","model":"Cotech-367959","id":13,"humidity":72,"temperature":52.72542372881354,"wind_avg_mph":0.5687135593220336,"wind_dir_deg":267.10169491525426,"rain_in":0}}