{"Cotech-367959":{"time":"2026-01-10 23:59:41","model":"Cotech-367959","id":13,"humidity":45,"temperature":61.54905660377351,"wind_avg_mph":0.32921003773584895,"wind_dir_deg":201.62264150943398,"rain_in":0}}