{"Cotech-367959":{"time":"2026-01-20 10:59:31","model":"Cotech-367959","id":13,"humidity":78,"temperature":45.437288135593214,"wind_avg_mph":1.5658579999999995,"wind_dir_deg":277.9830508474576,"rain_in":0}}