{"Cotech-367959":{"time":"2026-01-19 08:59:30","model":"Cotech-367959","id":13,"humidity":74,"temperature":47.6659574468085,"wind_avg_mph":1.7038819574468083,"wind_dir_deg":275.9574468085106,"rain_in":0}}