{"Cotech-367959":{"time":"2026-01-19 10:09:55","model":"Cotech-367959","id":13,"humidity":79,"temperature":45.57173913043476,"wind_avg_mph":1.7603745217391307,"wind_dir_deg":275.4347826086956,"rain_in":0}}