{"Cotech-367959":{"time":"2026-01-18 07:05:22","model":"Cotech-367959","id":13,"humidity":74,"temperature":50.84067796610173,"wind_avg_mph":1.330789728813559,"wind_dir_deg":281.0508474576271,"rain_in":0}}