{"Cotech-367959":{"time":"2026-01-20 04:34:43","model":"Cotech-367959","id":13,"humidity":63,"temperature":50.73620689655168,"wind_avg_mph":2.4143524827586202,"wind_dir_deg":273.8448275862069,"rain_in":0}}