{"Cotech-367959":{"time":"2026-01-19 06:21:06","model":"Cotech-367959","id":13,"humidity":75,"temperature":49.606779661016944,"wind_avg_mph":1.6341036271186444,"wind_dir_deg":274.271186440678,"rain_in":0}}