{"Cotech-367959":{"time":"2026-01-19 22:23:31","model":"Cotech-367959","id":13,"humidity":25,"temperature":76.09555555555553,"wind_avg_mph":1.043905333333333,"wind_dir_deg":195.22222222222223,"rain_in":0}}