{"Cotech-367959":{"time":"2026-01-15 04:05:20","model":"Cotech-367959","id":13,"humidity":67,"temperature":51.77083333333329,"wind_avg_mph":1.5239153750000005,"wind_dir_deg":277.5833333333333,"rain_in":0}}