{"Cotech-367959":{"time":"2026-01-10 07:18:20","model":"Cotech-367959","id":13,"humidity":71,"temperature":40.54999999999997,"wind_avg_mph":1.4260492499999995,"wind_dir_deg":278.0357142857143,"rain_in":0}}