{"Cotech-367959":{"time":"2026-01-15 14:06:40","model":"Cotech-367959","id":13,"humidity":87,"temperature":45.60943396226411,"wind_avg_mph":1.9752602264150942,"wind_dir_deg":266.6981132075472,"rain_in":0}}