{"Cotech-367959":{"time":"2026-01-18 16:18:10","model":"Cotech-367959","id":13,"humidity":77,"temperature":50.440350877192955,"wind_avg_mph":1.6835916842105259,"wind_dir_deg":276.2105263157895,"rain_in":0}}