{"Cotech-367959":{"time":"2026-01-18 19:41:06","model":"Cotech-367959","id":13,"humidity":55,"temperature":63.90769230769233,"wind_avg_mph":0.5635368076923076,"wind_dir_deg":139.25,"rain_in":0}}