{"Cotech-367959":{"time":"2026-01-18 10:29:54","model":"Cotech-367959","id":13,"humidity":75,"temperature":50.079999999999956,"wind_avg_mph":2.3463015111111103,"wind_dir_deg":273.4,"rain_in":0}}