{"Cotech-367959":{"time":"2026-01-19 07:55:14","model":"Cotech-367959","id":13,"humidity":73,"temperature":48.8692307692308,"wind_avg_mph":1.5529525769230768,"wind_dir_deg":273.84615384615387,"rain_in":0}}