{"Cotech-367959":{"time":"2026-01-15 13:57:04","model":"Cotech-367959","id":13,"humidity":87,"temperature":45.694339622641515,"wind_avg_mph":2.3044702641509427,"wind_dir_deg":273.58490566037733,"rain_in":0}}