{"Cotech-367959":{"time":"2026-01-20 07:54:59","model":"Cotech-367959","id":13,"humidity":69,"temperature":47.80869565217391,"wind_avg_mph":2.246665826086956,"wind_dir_deg":276.1304347826087,"rain_in":0}}