{"Cotech-367959":{"time":"2026-01-20 16:49:56","model":"Cotech-367959","id":13,"humidity":89,"temperature":44.00208333333331,"wind_avg_mph":0.9227377499999992,"wind_dir_deg":235.66666666666666,"rain_in":0}}