{"Cotech-367959":{"time":"2026-01-11 01:21:33","model":"Cotech-367959","id":13,"humidity":59,"temperature":51.937500000000036,"wind_avg_mph":0.08388525000000001,"wind_dir_deg":244.54166666666666,"rain_in":0}}