{"Cotech-367959":{"time":"2026-01-18 06:54:58","model":"Cotech-367959","id":13,"humidity":75,"temperature":50.64347826086957,"wind_avg_mph":1.050389217391304,"wind_dir_deg":278.1304347826087,"rain_in":0}}