{"Cotech-367959":{"time":"2026-01-19 01:25:54","model":"Cotech-367959","id":13,"humidity":63,"temperature":59.87241379310345,"wind_avg_mph":0,"wind_dir_deg":265.1034482758621,"rain_in":0}}