{"Cotech-367959":{"time":"2026-01-20 02:18:43","model":"Cotech-367959","id":13,"humidity":52,"temperature":54.9730769230769,"wind_avg_mph":0.47319884615384594,"wind_dir_deg":290.0769230769231,"rain_in":0}}