{"Cotech-367959":{"time":"2026-01-20 03:54:27","model":"Cotech-367959","id":13,"humidity":61,"temperature":51.23559322033895,"wind_avg_mph":1.7895520000000003,"wind_dir_deg":277.5593220338983,"rain_in":0}}