{"Cotech-367959":{"time":"2026-01-18 19:13:22","model":"Cotech-367959","id":13,"humidity":59,"temperature":61.58793103448274,"wind_avg_mph":0.4589583793103448,"wind_dir_deg":72.53448275862068,"rain_in":0}}