{"Cotech-367959":{"time":"2026-01-18 13:38:58","model":"Cotech-367959","id":13,"humidity":81,"temperature":48.12641509433964,"wind_avg_mph":2.148306528301886,"wind_dir_deg":274.9056603773585,"rain_in":0}}