{"Cotech-367959":{"time":"2026-01-19 03:01:54","model":"Cotech-367959","id":13,"humidity":73,"temperature":53.63157894736841,"wind_avg_mph":0,"wind_dir_deg":247.8421052631579,"rain_in":0}}