{"Cotech-367959":{"time":"2026-01-18 18:52:34","model":"Cotech-367959","id":13,"humidity":59,"temperature":60.83559322033901,"wind_avg_mph":0.16682264406779662,"wind_dir_deg":153.01694915254237,"rain_in":0}}