{"Cotech-367959":{"time":"2026-01-11 06:52:13","model":"Cotech-367959","id":13,"humidity":84,"temperature":42.7362068965517,"wind_avg_mph":0.5438078275862065,"wind_dir_deg":280.48275862068965,"rain_in":0}}