{"Cotech-367959":{"time":"2026-01-20 00:17:55","model":"Cotech-367959","id":13,"humidity":29,"temperature":68.54150943396229,"wind_avg_mph":0.2743416981132076,"wind_dir_deg":205.83018867924528,"rain_in":0}}