{"Cotech-367959":{"time":"2026-01-19 16:41:55","model":"Cotech-367959","id":13,"humidity":78,"temperature":47.696610169491514,"wind_avg_mph":0.36776810169491525,"wind_dir_deg":273.06779661016947,"rain_in":0}}