{"Cotech-367959":{"time":"2026-01-10 04:11:40","model":"Cotech-367959","id":13,"humidity":59,"temperature":42.95438596491235,"wind_avg_mph":0.380672245614035,"wind_dir_deg":289.7719298245614,"rain_in":0}}