{"Cotech-367959":{"time":"2026-01-18 00:26:58","model":"Cotech-367959","id":13,"humidity":57,"temperature":65.09830508474576,"wind_avg_mph":0,"wind_dir_deg":42.54237288135593,"rain_in":0}}