{"Cotech-367959":{"time":"2026-01-20 15:17:07","model":"Cotech-367959","id":13,"humidity":89,"temperature":42.90000000000003,"wind_avg_mph":0.45690689361702125,"wind_dir_deg":229.7872340425532,"rain_in":0}}