{"Cotech-367959":{"time":"2026-01-18 21:15:14","model":"Cotech-367959","id":13,"humidity":50,"temperature":69.74827586206897,"wind_avg_mph":2.1713745172413788,"wind_dir_deg":101.67241379310344,"rain_in":0}}