{"Cotech-367959":{"time":"2026-01-19 11:59:47","model":"Cotech-367959","id":13,"humidity":73,"temperature":46.35789473684212,"wind_avg_mph":1.5540846315789474,"wind_dir_deg":278.2280701754386,"rain_in":0}}