{"Cotech-367959":{"time":"2026-01-10 01:18:20","model":"Cotech-367959","id":13,"humidity":45,"temperature":51.42291666666667,"wind_avg_mph":0.069904375,"wind_dir_deg":292.0416666666667,"rain_in":0}}