{"Cotech-367959":{"time":"2026-01-19 14:01:07","model":"Cotech-367959","id":13,"humidity":76,"temperature":45.67111111111112,"wind_avg_mph":1.8840005777777782,"wind_dir_deg":277.5111111111111,"rain_in":0}}