{"Cotech-367959":{"time":"2026-01-19 16:03:31","model":"Cotech-367959","id":13,"humidity":78,"temperature":46.584782608695654,"wind_avg_mph":1.5026401304347825,"wind_dir_deg":283.67391304347825,"rain_in":0}}