{"Cotech-367959":{"time":"2026-01-17 23:20:34","model":"Cotech-367959","id":13,"humidity":47,"temperature":69.1586956521739,"wind_avg_mph":0.08266952173913045,"wind_dir_deg":137.93478260869566,"rain_in":0}}