{"Cotech-367959":{"time":"2026-01-10 07:44:44","model":"Cotech-367959","id":13,"humidity":72,"temperature":40.42156862745099,"wind_avg_mph":0.7851220784313722,"wind_dir_deg":287.47058823529414,"rain_in":0}}