{"Cotech-367959":{"time":"2026-01-19 04:56:02","model":"Cotech-367959","id":13,"humidity":76,"temperature":50.924000000000035,"wind_avg_mph":1.8342907999999993,"wind_dir_deg":274.54,"rain_in":0}}