{"Cotech-367959":{"time":"2026-01-19 08:51:14","model":"Cotech-367959","id":13,"humidity":74,"temperature":48.010869565217384,"wind_avg_mph":1.1670991304347822,"wind_dir_deg":282.30434782608694,"rain_in":0}}