{"Cotech-367959":{"time":"2026-01-20 09:08:35","model":"Cotech-367959","id":13,"humidity":74,"temperature":46.25471698113205,"wind_avg_mph":1.059381018867924,"wind_dir_deg":274.64150943396226,"rain_in":0}}