{"Cotech-367959":{"time":"2026-01-15 09:33:20","model":"Cotech-367959","id":13,"humidity":71,"temperature":48.34999999999997,"wind_avg_mph":1.0155707599999997,"wind_dir_deg":280.48,"rain_in":0}}