{"Cotech-367959":{"time":"2026-01-19 13:04:03","model":"Cotech-367959","id":13,"humidity":75,"temperature":45.64901960784313,"wind_avg_mph":0.7938943921568629,"wind_dir_deg":294,"rain_in":0}}