{"Cotech-367959":{"time":"2026-01-19 11:04:51","model":"Cotech-367959","id":13,"humidity":76,"temperature":46.158695652173904,"wind_avg_mph":1.7409228695652175,"wind_dir_deg":278.4782608695652,"rain_in":0}}