{"Cotech-367959":{"time":"2026-01-15 09:13:20","model":"Cotech-367959","id":13,"humidity":76,"temperature":47.03559322033897,"wind_avg_mph":0.822738949152542,"wind_dir_deg":285.1525423728813,"rain_in":0}}