{"Cotech-367959":{"time":"2026-01-20 10:02:11","model":"Cotech-367959","id":13,"humidity":77,"temperature":46.50638297872343,"wind_avg_mph":2.3178505957446793,"wind_dir_deg":274.2340425531915,"rain_in":0}}