{"Cotech-367959":{"time":"2026-01-20 08:03:15","model":"Cotech-367959","id":13,"humidity":69,"temperature":47.70652173913042,"wind_avg_mph":1.8965360869565209,"wind_dir_deg":276.95652173913044,"rain_in":0}}