{"Cotech-367959":{"time":"2026-01-11 09:04:29","model":"Cotech-367959","id":13,"humidity":82,"temperature":41.759649122807005,"wind_avg_mph":0.910473824561403,"wind_dir_deg":285.8070175438597,"rain_in":0}}