{"Cotech-367959":{"time":"2026-01-15 09:02:56","model":"Cotech-367959","id":13,"humidity":75,"temperature":47.29130434782607,"wind_avg_mph":0.0875324347826087,"wind_dir_deg":305.5652173913044,"rain_in":0}}