{"Cotech-367959":{"time":"2026-01-10 04:54:52","model":"Cotech-367959","id":13,"humidity":61,"temperature":42.35098039215686,"wind_avg_mph":1.2983024313725486,"wind_dir_deg":275.3333333333333,"rain_in":0}}