{"Cotech-367959":{"time":"2026-01-11 08:26:53","model":"Cotech-367959","id":13,"humidity":81,"temperature":42.151724137931026,"wind_avg_mph":1.0721884827586203,"wind_dir_deg":280.01724137931035,"rain_in":0}}