{"Cotech-367959":{"time":"2026-01-10 09:21:16","model":"Cotech-367959","id":13,"humidity":78,"temperature":38.94716981132077,"wind_avg_mph":0.6499787924528299,"wind_dir_deg":288.37735849056605,"rain_in":0}}