{"Cotech-367959":{"time":"2026-01-20 17:35:48","model":"Cotech-367959","id":13,"humidity":82,"temperature":48.11698113207549,"wind_avg_mph":0.6288755849056603,"wind_dir_deg":214.37735849056602,"rain_in":0}}