{"Cotech-367959":{"time":"2026-01-11 00:43:57","model":"Cotech-367959","id":13,"humidity":55,"temperature":54.88333333333333,"wind_avg_mph":0.09941955555555557,"wind_dir_deg":259.7962962962963,"rain_in":0}}