{"Cotech-367959":{"time":"2026-01-19 10:46:11","model":"Cotech-367959","id":13,"humidity":78,"temperature":45.86956521739131,"wind_avg_mph":1.760374521739131,"wind_dir_deg":275.6304347826087,"rain_in":0}}