{"Cotech-367959":{"time":"2026-01-17 21:51:30","model":"Cotech-367959","id":13,"humidity":35,"temperature":76.81250000000003,"wind_avg_mph":0.47534974999999985,"wind_dir_deg":171.39583333333334,"rain_in":0}}