{"Cotech-367959":{"time":"2026-01-20 13:26:27","model":"Cotech-367959","id":13,"humidity":84,"temperature":43.76304347826088,"wind_avg_mph":1.5026401304347827,"wind_dir_deg":237.7173913043478,"rain_in":0}}