{"Cotech-367959":{"time":"2026-01-11 07:02:37","model":"Cotech-367959","id":13,"humidity":84,"temperature":42.03103448275861,"wind_avg_mph":0.023140758620689657,"wind_dir_deg":230.32758620689654,"rain_in":0}}