{"Cotech-367959":{"time":"2026-01-10 21:19:57","model":"Cotech-367959","id":13,"humidity":41,"temperature":65.07083333333331,"wind_avg_mph":0.6990437499999995,"wind_dir_deg":141.14583333333334,"rain_in":0}}