{"Cotech-367959":{"time":"2026-01-10 20:13:49","model":"Cotech-367959","id":13,"humidity":50,"temperature":57.86382978723404,"wind_avg_mph":1.1613050212765954,"wind_dir_deg":240.10638297872342,"rain_in":0}}