{"Cotech-367959":{"time":"2026-01-16 17:43:13","model":"Cotech-367959","id":13,"humidity":59,"temperature":57.46346153846153,"wind_avg_mph":0.3957663076923076,"wind_dir_deg":96.42307692307692,"rain_in":0}}