{"Cotech-367959":{"time":"2026-01-10 08:13:00","model":"Cotech-367959","id":13,"humidity":71,"temperature":40.47966101694912,"wind_avg_mph":0.6142106440677962,"wind_dir_deg":281.8135593220339,"rain_in":0}}