{"Cotech-367959":{"time":"2026-01-15 03:56:48","model":"Cotech-367959","id":13,"humidity":67,"temperature":51.70517241379313,"wind_avg_mph":1.18403548275862,"wind_dir_deg":280.3448275862069,"rain_in":0}}