{"Cotech-367959":{"time":"2026-01-19 00:20:34","model":"Cotech-367959","id":13,"humidity":49,"temperature":68.69999999999999,"wind_avg_mph":0.03807557446808511,"wind_dir_deg":233.2340425531915,"rain_in":0}}