{"Cotech-367959":{"time":"2026-01-20 04:14:11","model":"Cotech-367959","id":13,"humidity":61,"temperature":50.96551724137936,"wind_avg_mph":2.30250548275862,"wind_dir_deg":275.17241379310343,"rain_in":0}}