{"Cotech-367959":{"time":"2026-01-18 02:12:34","model":"Cotech-367959","id":13,"humidity":77,"temperature":55.48620689655177,"wind_avg_mph":0.9603414827586204,"wind_dir_deg":276.2931034482759,"rain_in":0}}