{"Cotech-367959":{"time":"2026-01-10 20:51:25","model":"Cotech-367959","id":13,"humidity":43,"temperature":64.14565217391304,"wind_avg_mph":0.6321786956521734,"wind_dir_deg":173.84782608695653,"rain_in":0}}