{"Cotech-367959":{"time":"2026-01-19 19:42:11","model":"Cotech-367959","id":13,"humidity":57,"temperature":62.65849056603775,"wind_avg_mph":1.6207263396226412,"wind_dir_deg":94.24528301886792,"rain_in":0}}