{"Cotech-367959":{"time":"2026-01-10 02:22:04","model":"Cotech-367959","id":13,"humidity":52,"temperature":46.87499999999998,"wind_avg_mph":0.6897231666666666,"wind_dir_deg":276.0625,"rain_in":0}}