{"Cotech-367959":{"time":"2026-01-20 11:07:47","model":"Cotech-367959","id":13,"humidity":79,"temperature":45.15999999999999,"wind_avg_mph":2.1424914222222218,"wind_dir_deg":275.0888888888889,"rain_in":0}}