{"Cotech-367959":{"time":"2026-01-18 08:10:10","model":"Cotech-367959","id":13,"humidity":74,"temperature":50.36599999999999,"wind_avg_mph":2.0624586799999993,"wind_dir_deg":275.7,"rain_in":0}}