{"Cotech-367959":{"time":"2026-01-18 17:57:38","model":"Cotech-367959","id":13,"humidity":66,"temperature":57.037735849056546,"wind_avg_mph":0.7259503396226408,"wind_dir_deg":267.4339622641509,"rain_in":0}}