{"Cotech-367959":{"time":"2026-01-15 08:23:44","model":"Cotech-367959","id":13,"humidity":74,"temperature":47.71739130434785,"wind_avg_mph":1.624212956521739,"wind_dir_deg":278.8695652173913,"rain_in":0}}