{"Cotech-367959":{"time":"2026-01-19 08:04:34","model":"Cotech-367959","id":13,"humidity":72,"temperature":48.97924528301887,"wind_avg_mph":2.1820716603773582,"wind_dir_deg":273.41509433962267,"rain_in":0}}