{"Cotech-367959":{"time":"2026-01-18 16:37:54","model":"Cotech-367959","id":13,"humidity":74,"temperature":51.780701754385944,"wind_avg_mph":1.130243368421052,"wind_dir_deg":281.6842105263158,"rain_in":0}}