{"Cotech-367959":{"time":"2026-01-10 09:11:40","model":"Cotech-367959","id":13,"humidity":78,"temperature":39.13191489361703,"wind_avg_mph":1.537301319148936,"wind_dir_deg":276.1276595744681,"rain_in":0}}