{"Cotech-367959":{"time":"2026-01-18 01:04:18","model":"Cotech-367959","id":13,"humidity":66,"temperature":60.80508474576271,"wind_avg_mph":0,"wind_dir_deg":294.3050847457627,"rain_in":0}}