{"Cotech-367959":{"time":"2026-01-19 12:54:43","model":"Cotech-367959","id":13,"humidity":75,"temperature":45.897872340425515,"wind_avg_mph":1.6610469361702138,"wind_dir_deg":281.21276595744683,"rain_in":0}}