{"Cotech-367959":{"time":"2026-01-15 07:26:40","model":"Cotech-367959","id":13,"humidity":72,"temperature":48.044680851063816,"wind_avg_mph":0.33316127659574474,"wind_dir_deg":240.2340425531915,"rain_in":0}}