{"Cotech-367959":{"time":"2026-01-18 10:12:18","model":"Cotech-367959","id":13,"humidity":74,"temperature":50.40000000000005,"wind_avg_mph":1.9430674901960772,"wind_dir_deg":277.70588235294116,"rain_in":0}}