{"Cotech-367959":{"time":"2026-01-19 01:05:06","model":"Cotech-367959","id":13,"humidity":60,"temperature":62.43478260869565,"wind_avg_mph":0,"wind_dir_deg":156.3913043478261,"rain_in":0}}