{"Cotech-367959":{"time":"2026-01-19 04:37:22","model":"Cotech-367959","id":13,"humidity":77,"temperature":50.79230769230766,"wind_avg_mph":0.1849777307692308,"wind_dir_deg":221.40384615384616,"rain_in":0}}