{"Cotech-367959":{"time":"2026-01-19 21:20:51","model":"Cotech-367959","id":13,"humidity":50,"temperature":67.4892857142857,"wind_avg_mph":2.2009891785714277,"wind_dir_deg":103.92857142857143,"rain_in":0}}