{"Cotech-367959":{"time":"2026-01-18 03:15:46","model":"Cotech-367959","id":13,"humidity":78,"temperature":52.94222222222224,"wind_avg_mph":0.6313141777777775,"wind_dir_deg":291.4,"rain_in":0}}