{"Cotech-367959":{"time":"2026-01-19 13:42:27","model":"Cotech-367959","id":13,"humidity":75,"temperature":45.56000000000001,"wind_avg_mph":1.0439053333333332,"wind_dir_deg":284.68888888888887,"rain_in":0}}