{"Cotech-367959":{"time":"2026-01-15 06:06:40","model":"Cotech-367959","id":13,"humidity":71,"temperature":49.19056603773583,"wind_avg_mph":0,"wind_dir_deg":349.1320754716981,"rain_in":0}}