{"Cotech-367959":{"time":"2026-01-20 15:08:51","model":"Cotech-367959","id":13,"humidity":89,"temperature":42.90172413793107,"wind_avg_mph":0.3818225172413793,"wind_dir_deg":260.2241379310345,"rain_in":0}}