{"Cotech-367959":{"time":"2026-01-15 10:02:40","model":"Cotech-367959","id":13,"humidity":76,"temperature":47.03859649122803,"wind_avg_mph":0.6475352631578947,"wind_dir_deg":239.80701754385964,"rain_in":0}}