{"Cotech-367959":{"time":"2026-01-20 05:13:07","model":"Cotech-367959","id":13,"humidity":62,"temperature":50.67916666666665,"wind_avg_mph":2.2276194166666663,"wind_dir_deg":277.9166666666667,"rain_in":0}}