{"Cotech-367959":{"time":"2026-01-18 06:36:18","model":"Cotech-367959","id":13,"humidity":75,"temperature":50.581999999999965,"wind_avg_mph":1.13636552,"wind_dir_deg":273.42,"rain_in":0}}