{"Cotech-367959":{"time":"2026-01-15 06:57:04","model":"Cotech-367959","id":13,"humidity":73,"temperature":47.949999999999996,"wind_avg_mph":0.35096817241379297,"wind_dir_deg":202.75862068965517,"rain_in":0}}