{"Cotech-367959":{"time":"2026-01-19 06:39:46","model":"Cotech-367959","id":13,"humidity":75,"temperature":49.496226415094334,"wind_avg_mph":2.3213528301886783,"wind_dir_deg":272.07547169811323,"rain_in":0}}