{"Cotech-367959":{"time":"2026-01-20 10:12:35","model":"Cotech-367959","id":13,"humidity":78,"temperature":46.384745762711916,"wind_avg_mph":2.737407932203388,"wind_dir_deg":275.0169491525424,"rain_in":0}}