{"Cotech-367959":{"time":"2026-01-20 02:37:23","model":"Cotech-367959","id":13,"humidity":56,"temperature":53.6392156862745,"wind_avg_mph":1.171103882352941,"wind_dir_deg":277,"rain_in":0}}