{"Cotech-367959":{"time":"2026-01-10 02:39:40","model":"Cotech-367959","id":13,"humidity":55,"temperature":46.049056603773614,"wind_avg_mph":0.7343916226415088,"wind_dir_deg":278.9433962264151,"rain_in":0}}