{"Cotech-367959":{"time":"2026-01-19 06:58:26","model":"Cotech-367959","id":13,"humidity":74,"temperature":49.31489361702127,"wind_avg_mph":1.7086414042553195,"wind_dir_deg":272.2340425531915,"rain_in":0}}