{"Cotech-367959":{"time":"2026-01-18 22:20:18","model":"Cotech-367959","id":13,"humidity":40,"temperature":74.20800000000004,"wind_avg_mph":1.0468879199999999,"wind_dir_deg":241.24,"rain_in":0}}