{"Cotech-367959":{"time":"2026-01-10 02:58:36","model":"Cotech-367959","id":13,"humidity":56,"temperature":45.36458333333334,"wind_avg_mph":1.0951685416666663,"wind_dir_deg":276.2916666666667,"rain_in":0}}