{"Cotech-367959":{"time":"2026-01-18 18:06:58","model":"Cotech-367959","id":13,"humidity":66,"temperature":57.548076923076934,"wind_avg_mph":1.015226615384615,"wind_dir_deg":227.57692307692307,"rain_in":0}}