{"Cotech-367959":{"time":"2026-01-18 05:18:58","model":"Cotech-367959","id":13,"humidity":75,"temperature":52.08695652173915,"wind_avg_mph":1.6728420869565213,"wind_dir_deg":277.2173913043478,"rain_in":0}}