{"Cotech-367959":{"time":"2026-01-20 04:24:19","model":"Cotech-367959","id":13,"humidity":62,"temperature":50.87321428571436,"wind_avg_mph":2.133082071428571,"wind_dir_deg":275.60714285714283,"rain_in":0}}