{"Cotech-367959":{"time":"2026-01-10 03:53:00","model":"Cotech-367959","id":13,"humidity":61,"temperature":43.175000000000004,"wind_avg_mph":0.9679067307692306,"wind_dir_deg":283.3076923076923,"rain_in":0}}