{"Cotech-367959":{"time":"2026-01-19 17:18:11","model":"Cotech-367959","id":13,"humidity":73,"temperature":51.365217391304384,"wind_avg_mph":1.084429608695652,"wind_dir_deg":280.5,"rain_in":0}}