{"Cotech-367959":{"time":"2026-01-20 06:37:55","model":"Cotech-367959","id":13,"humidity":62,"temperature":49.92888888888887,"wind_avg_mph":3.0173835111111114,"wind_dir_deg":272.7111111111111,"rain_in":0}}