{"Cotech-367959":{"time":"2026-01-20 05:41:55","model":"Cotech-367959","id":13,"humidity":64,"temperature":49.82068965517242,"wind_avg_mph":0.8754920344827584,"wind_dir_deg":271.5689655172414,"rain_in":0}}