{"Cotech-367959":{"time":"2026-01-20 12:20:03","model":"Cotech-367959","id":13,"humidity":84,"temperature":44.10625000000001,"wind_avg_mph":1.3794463333333324,"wind_dir_deg":287.8541666666667,"rain_in":0}}