{"Cotech-367959":{"time":"2026-01-11 01:30:05","model":"Cotech-367959","id":13,"humidity":60,"temperature":51.48333333333331,"wind_avg_mph":0.03262204166666667,"wind_dir_deg":143.58333333333334,"rain_in":0}}