{"Cotech-367959":{"time":"2026-01-19 13:34:11","model":"Cotech-367959","id":13,"humidity":75,"temperature":45.72203389830507,"wind_avg_mph":0.3222710169491526,"wind_dir_deg":211,"rain_in":0}}