{"Cotech-367959":{"time":"2026-01-20 10:49:07","model":"Cotech-367959","id":13,"humidity":78,"temperature":45.53461538461535,"wind_avg_mph":1.5400471538461535,"wind_dir_deg":275.15384615384613,"rain_in":0}}