{"Cotech-367959":{"time":"2026-01-19 00:28:50","model":"Cotech-367959","id":13,"humidity":51,"temperature":67.23695652173912,"wind_avg_mph":0.014588739130434784,"wind_dir_deg":277.2826086956522,"rain_in":0}}