{"Cotech-367959":{"time":"2026-01-10 03:35:08","model":"Cotech-367959","id":13,"humidity":58,"temperature":43.93898305084749,"wind_avg_mph":1.8540062033898301,"wind_dir_deg":271.864406779661,"rain_in":0}}