{"Cotech-367959":{"time":"2026-01-10 04:45:32","model":"Cotech-367959","id":13,"humidity":60,"temperature":42.652083333333344,"wind_avg_mph":1.421388958333333,"wind_dir_deg":277.875,"rain_in":0}}