{"Cotech-367959":{"time":"2026-01-18 01:33:22","model":"Cotech-367959","id":13,"humidity":72,"temperature":58.075862068965485,"wind_avg_mph":0.0077135862068965525,"wind_dir_deg":267.13793103448273,"rain_in":0}}