{"Cotech-367959":{"time":"2026-01-11 08:45:49","model":"Cotech-367959","id":13,"humidity":81,"temperature":42.04583333333332,"wind_avg_mph":1.4493507083333332,"wind_dir_deg":279.2083333333333,"rain_in":0}}