{"Cotech-367959":{"time":"2026-01-19 23:39:31","model":"Cotech-367959","id":13,"humidity":24,"temperature":77.41153846153851,"wind_avg_mph":0.25810846153846156,"wind_dir_deg":127.23076923076923,"rain_in":0}}