{"Cotech-367959":{"time":"2026-01-15 02:41:20","model":"Cotech-367959","id":13,"humidity":69,"temperature":53.6042553191489,"wind_avg_mph":0.471185234042553,"wind_dir_deg":288.02127659574467,"rain_in":0}}