{"Cotech-367959":{"time":"2026-01-15 12:50:08","model":"Cotech-367959","id":13,"humidity":86,"temperature":45.98305084745762,"wind_avg_mph":1.9450003728813559,"wind_dir_deg":274.271186440678,"rain_in":0}}