{"Cotech-367959":{"time":"2026-01-11 04:47:25","model":"Cotech-367959","id":13,"humidity":78,"temperature":45.480769230769255,"wind_avg_mph":0.8001362307692296,"wind_dir_deg":281.11538461538464,"rain_in":0}}