{"Cotech-367959":{"time":"2026-01-24 01:03:02","model":"Cotech-367959","id":13,"humidity":83,"temperature":52.95416666666671,"wind_avg_mph":0.3681630416666666,"wind_dir_deg":71.75,"rain_in":0}}