{"Cotech-367959":{"time":"2026-01-24 23:36:06","model":"Cotech-367959","id":13,"humidity":22,"temperature":69.82340425531918,"wind_avg_mph":1.523022978723404,"wind_dir_deg":137.6595744680851,"rain_in":0}}