{"Cotech-367959":{"time":"2026-01-25 03:50:14","model":"Cotech-367959","id":13,"humidity":43,"temperature":49.39999999999999,"wind_avg_mph":0.5833588627450977,"wind_dir_deg":286.5098039215686,"rain_in":0}}