{"Cotech-367959":{"time":"2026-01-25 08:11:51","model":"Cotech-367959","id":13,"humidity":57,"temperature":42.653703703703705,"wind_avg_mph":1.014907962962963,"wind_dir_deg":278.18518518518516,"rain_in":0}}