{"Cotech-367959":{"time":"2026-01-24 07:40:22","model":"Cotech-367959","id":13,"humidity":92,"temperature":49.47083333333334,"wind_avg_mph":0,"wind_dir_deg":50.333333333333336,"rain_in":0}}