{"Cotech-367959":{"time":"2026-01-24 11:44:54","model":"Cotech-367959","id":13,"humidity":95,"temperature":44.87291666666667,"wind_avg_mph":0,"wind_dir_deg":199.66666666666666,"rain_in":0}}