{"Cotech-367959":{"time":"2026-01-24 02:09:26","model":"Cotech-367959","id":13,"humidity":89,"temperature":49.35681818181817,"wind_avg_mph":0,"wind_dir_deg":96.31818181818181,"rain_in":0}}