{"Cotech-367959":{"time":"2026-01-25 00:55:18","model":"Cotech-367959","id":13,"humidity":29,"temperature":60.914035087719256,"wind_avg_mph":0.45131245614035076,"wind_dir_deg":147.17543859649123,"rain_in":0}}