{"Cotech-367959":{"time":"2026-01-25 10:02:47","model":"Cotech-367959","id":13,"humidity":58,"temperature":42.58695652173914,"wind_avg_mph":1.0941554347826086,"wind_dir_deg":278.4130434782609,"rain_in":0}}