{"Cotech-367959":{"time":"2026-01-25 08:41:11","model":"Cotech-367959","id":13,"humidity":51,"temperature":43.89821428571429,"wind_avg_mph":1.5259126428571428,"wind_dir_deg":275.2857142857143,"rain_in":0}}