{"Cotech-367959":{"time":"2026-01-25 19:21:59","model":"Cotech-367959","id":13,"humidity":72,"temperature":50.49636363636364,"wind_avg_mph":0.4758581454545454,"wind_dir_deg":170.92727272727274,"rain_in":0}}