{"Cotech-367959":{"time":"2026-01-25 15:31:35","model":"Cotech-367959","id":13,"humidity":84,"temperature":40.854237288135636,"wind_avg_mph":0.6976219661016949,"wind_dir_deg":287.23728813559325,"rain_in":0}}