{"Cotech-367959":{"time":"2026-01-25 09:10:15","model":"Cotech-367959","id":13,"humidity":49,"temperature":45.37142857142856,"wind_avg_mph":1.0652095238095238,"wind_dir_deg":280,"rain_in":0}}