{"Cotech-367959":{"time":"2026-01-25 13:23:03","model":"Cotech-367959","id":13,"humidity":75,"temperature":42.77173913043477,"wind_avg_mph":0.661356173913043,"wind_dir_deg":299.89130434782606,"rain_in":0}}