{"Cotech-367959":{"time":"2026-01-25 20:28:23","model":"Cotech-367959","id":13,"humidity":61,"temperature":56.21964285714285,"wind_avg_mph":0.8148852857142851,"wind_dir_deg":230.71428571428572,"rain_in":0}}