{"Cotech-367959":{"time":"2026-01-24 08:47:02","model":"Cotech-367959","id":13,"humidity":92,"temperature":49.63076923076919,"wind_avg_mph":0,"wind_dir_deg":141.07692307692307,"rain_in":0}}