{"Cotech-367959":{"time":"2026-01-24 02:54:46","model":"Cotech-367959","id":13,"humidity":92,"temperature":48.07692307692305,"wind_avg_mph":0.08603615384615385,"wind_dir_deg":300.4807692307692,"rain_in":0}}