{"Cotech-367959":{"time":"2026-01-25 14:44:23","model":"Cotech-367959","id":13,"humidity":83,"temperature":40.79999999999998,"wind_avg_mph":0,"wind_dir_deg":149.3404255319149,"rain_in":0}}