{"Cotech-367959":{"time":"2026-01-25 13:31:03","model":"Cotech-367959","id":13,"humidity":76,"temperature":42.188888888888876,"wind_avg_mph":0.21375204444444446,"wind_dir_deg":271.5111111111111,"rain_in":0}}