{"Cotech-367959":{"time":"2026-01-23 21:52:38","model":"Cotech-367959","id":13,"humidity":69,"temperature":59.345098039215685,"wind_avg_mph":1.7895519999999985,"wind_dir_deg":106.98039215686275,"rain_in":0}}