{"Cotech-367959":{"time":"2026-01-25 10:46:47","model":"Cotech-367959","id":13,"humidity":65,"temperature":41.45217391304348,"wind_avg_mph":0.354992652173913,"wind_dir_deg":284.5,"rain_in":0}}