{"Cotech-367959":{"time":"2026-01-24 04:13:10","model":"Cotech-367959","id":13,"humidity":93,"temperature":45.94909090909095,"wind_avg_mph":0.23589549090909093,"wind_dir_deg":305.1454545454545,"rain_in":0}}