{"Cotech-367959":{"time":"2026-01-25 10:38:31","model":"Cotech-367959","id":13,"humidity":65,"temperature":41.190909090909095,"wind_avg_mph":0.6965017727272725,"wind_dir_deg":289,"rain_in":0}}