{"Cotech-367959":{"time":"2026-01-24 15:16:22","model":"Cotech-367959","id":13,"humidity":96,"temperature":40.827777777777754,"wind_avg_mph":0.8202113333333334,"wind_dir_deg":266.05555555555554,"rain_in":0}}