{"Cotech-367959":{"time":"2026-01-25 12:45:11","model":"Cotech-367959","id":13,"humidity":73,"temperature":42.39777777777776,"wind_avg_mph":2.420866177777777,"wind_dir_deg":274.46666666666664,"rain_in":0}}