{"Cotech-367959":{"time":"2026-01-25 16:46:15","model":"Cotech-367959","id":13,"humidity":82,"temperature":42.73076923076923,"wind_avg_mph":1.402389307692307,"wind_dir_deg":274.9423076923077,"rain_in":0}}