{"Cotech-367959":{"time":"2026-01-24 23:46:30","model":"Cotech-367959","id":13,"humidity":23,"temperature":69.13636363636365,"wind_avg_mph":1.1713431272727268,"wind_dir_deg":158.14545454545456,"rain_in":0}}