{"Cotech-367959":{"time":"2026-01-24 15:37:10","model":"Cotech-367959","id":13,"humidity":96,"temperature":40.76379310344828,"wind_avg_mph":0.9410575172413792,"wind_dir_deg":265.32758620689657,"rain_in":0}}