{"Cotech-367959":{"time":"2026-01-24 09:05:58","model":"Cotech-367959","id":13,"humidity":92,"temperature":49.49000000000001,"wind_avg_mph":0.10289924,"wind_dir_deg":187.64,"rain_in":0}}