{"Cotech-367959":{"time":"2026-01-25 06:27:34","model":"Cotech-367959","id":13,"humidity":53,"temperature":45.231914893617045,"wind_avg_mph":1.1660644680851062,"wind_dir_deg":278.2340425531915,"rain_in":0}}