{"Cotech-367959":{"time":"2026-01-23 22:48:54","model":"Cotech-367959","id":13,"humidity":67,"temperature":59.894915254237304,"wind_avg_mph":1.4179924745762709,"wind_dir_deg":113.69491525423729,"rain_in":0}}