{"Cotech-367959":{"time":"2026-01-24 14:09:58","model":"Cotech-367959","id":13,"humidity":96,"temperature":41.55283018867926,"wind_avg_mph":0.6541994339622639,"wind_dir_deg":244.64150943396226,"rain_in":0}}