{"Cotech-367959":{"time":"2026-01-24 16:03:34","model":"Cotech-367959","id":13,"humidity":96,"temperature":41.64150943396226,"wind_avg_mph":1.2155447547169809,"wind_dir_deg":212.16981132075472,"rain_in":0}}