{"Cotech-367959":{"time":"2026-01-24 07:12:54","model":"Cotech-367959","id":13,"humidity":92,"temperature":49.56666666666664,"wind_avg_mph":0.09649545098039217,"wind_dir_deg":107.25490196078431,"rain_in":0}}