{"Cotech-367959":{"time":"2026-01-24 21:50:14","model":"Cotech-367959","id":13,"humidity":23,"temperature":67.88947368421053,"wind_avg_mph":2.7274970175438598,"wind_dir_deg":235.43859649122808,"rain_in":0}}