{"Cotech-367959":{"time":"2026-01-24 10:02:14","model":"Cotech-367959","id":13,"humidity":92,"temperature":49.05098039215686,"wind_avg_mph":0,"wind_dir_deg":286.2156862745098,"rain_in":0}}