{"Cotech-367959":{"time":"2026-01-24 19:57:26","model":"Cotech-367959","id":13,"humidity":33,"temperature":59.875555555555565,"wind_avg_mph":2.132549466666667,"wind_dir_deg":246.64444444444445,"rain_in":0}}