{"Cotech-367959":{"time":"2026-01-24 12:14:14","model":"Cotech-367959","id":13,"humidity":95,"temperature":43.91551724137935,"wind_avg_mph":0.20055324137931035,"wind_dir_deg":299.36206896551727,"rain_in":0}}