{"Cotech-367959":{"time":"2026-01-24 00:46:14","model":"Cotech-367959","id":13,"humidity":82,"temperature":53.50689655172416,"wind_avg_mph":0.8446376896551722,"wind_dir_deg":95.58620689655173,"rain_in":0}}