{"Cotech-367959":{"time":"2026-01-25 14:35:51","model":"Cotech-367959","id":13,"humidity":82,"temperature":41.11190476190475,"wind_avg_mph":0.45271404761904754,"wind_dir_deg":287.4047619047619,"rain_in":0}}