{"Cotech-367959":{"time":"2026-01-24 14:37:26","model":"Cotech-367959","id":13,"humidity":96,"temperature":41.193617021276594,"wind_avg_mph":1.0137621702127657,"wind_dir_deg":284.36170212765956,"rain_in":0}}