{"Cotech-367959":{"time":"2026-01-24 12:44:22","model":"Cotech-367959","id":13,"humidity":96,"temperature":42.98103448275865,"wind_avg_mph":0.3471113793103448,"wind_dir_deg":263.0689655172414,"rain_in":0}}