{"Cotech-367959":{"time":"2026-01-24 05:12:22","model":"Cotech-367959","id":13,"humidity":94,"temperature":47.536363636363596,"wind_avg_mph":0.06914178181818183,"wind_dir_deg":110.52727272727273,"rain_in":0}}