{"Cotech-367959":{"time":"2026-01-25 12:19:51","model":"Cotech-367959","id":13,"humidity":73,"temperature":41.29464285714287,"wind_avg_mph":0.9227377499999995,"wind_dir_deg":284.01785714285717,"rain_in":0}}