{"Cotech-367959":{"time":"2026-01-25 01:23:50","model":"Cotech-367959","id":13,"humidity":33,"temperature":57.62291666666664,"wind_avg_mph":0.07456466666666668,"wind_dir_deg":205.58333333333334,"rain_in":0}}