{"Cotech-367959":{"time":"2026-01-25 05:12:06","model":"Cotech-367959","id":13,"humidity":48,"temperature":46.46607142857142,"wind_avg_mph":1.134448142857143,"wind_dir_deg":283.05357142857144,"rain_in":0}}