{"Cotech-367959":{"time":"2026-01-25 17:38:15","model":"Cotech-367959","id":13,"humidity":80,"temperature":44.87241379310345,"wind_avg_mph":0.9449143103448275,"wind_dir_deg":266.3965517241379,"rain_in":0}}