{"Cotech-367959":{"time":"2026-01-24 10:21:10","model":"Cotech-367959","id":13,"humidity":93,"temperature":48.16792452830189,"wind_avg_mph":0,"wind_dir_deg":95.37735849056604,"rain_in":0}}