{"Cotech-367959":{"time":"2026-01-25 13:04:07","model":"Cotech-367959","id":13,"humidity":73,"temperature":43.368627450980405,"wind_avg_mph":1.100925372549019,"wind_dir_deg":283.70588235294116,"rain_in":0}}