{"Cotech-367959":{"time":"2026-01-25 01:52:54","model":"Cotech-367959","id":13,"humidity":34,"temperature":55.19607843137255,"wind_avg_mph":0.2851001960784314,"wind_dir_deg":237.31372549019608,"rain_in":0}}