{"Cotech-367959":{"time":"2026-01-24 03:05:10","model":"Cotech-367959","id":13,"humidity":92,"temperature":47.83928571428573,"wind_avg_mph":0.2836120357142858,"wind_dir_deg":290.8392857142857,"rain_in":0}}