{"Cotech-367959":{"time":"2026-01-23 23:27:18","model":"Cotech-367959","id":13,"humidity":70,"temperature":58.77333333333335,"wind_avg_mph":1.471409422222222,"wind_dir_deg":90.28888888888889,"rain_in":0}}