{"Cotech-367959":{"time":"2026-01-23 21:43:18","model":"Cotech-367959","id":13,"humidity":69,"temperature":59.05263157894736,"wind_avg_mph":2.303655754385965,"wind_dir_deg":78.43859649122807,"rain_in":0}}