{"Cotech-367959":{"time":"2026-01-25 15:40:55","model":"Cotech-367959","id":13,"humidity":85,"temperature":40.821568627450965,"wind_avg_mph":0.7017850980392154,"wind_dir_deg":287.72549019607845,"rain_in":0}}