{"Cotech-367959":{"time":"2026-01-25 02:46:30","model":"Cotech-367959","id":13,"humidity":36,"temperature":52.53636363636367,"wind_avg_mph":0.6609140909090906,"wind_dir_deg":214.54545454545453,"rain_in":0}}