{"Cotech-367959":{"time":"2026-01-24 12:03:50","model":"Cotech-367959","id":13,"humidity":95,"temperature":44.152083333333316,"wind_avg_mph":0.06524408333333334,"wind_dir_deg":216.58333333333334,"rain_in":0}}