{"Cotech-367959":{"time":"2026-01-24 20:32:54","model":"Cotech-367959","id":13,"humidity":29,"temperature":66.22391304347826,"wind_avg_mph":1.1476474782608697,"wind_dir_deg":184.95652173913044,"rain_in":0}}