{"Cotech-367959":{"time":"2026-01-25 16:00:07","model":"Cotech-367959","id":13,"humidity":84,"temperature":41.28723404255322,"wind_avg_mph":0.24273178723404257,"wind_dir_deg":200.70212765957447,"rain_in":0}}