{"Cotech-367959":{"time":"2026-01-24 17:39:02","model":"Cotech-367959","id":13,"humidity":76,"temperature":50.667796610169525,"wind_avg_mph":0.4018909152542371,"wind_dir_deg":145.88135593220338,"rain_in":0}}