{"Cotech-367959":{"time":"2026-01-25 19:31:35","model":"Cotech-367959","id":13,"humidity":71,"temperature":51.20600000000001,"wind_avg_mph":0.42054471999999987,"wind_dir_deg":180.16,"rain_in":0}}