{"Cotech-367959":{"time":"2026-01-23 22:03:02","model":"Cotech-367959","id":13,"humidity":69,"temperature":59.02033898305087,"wind_avg_mph":2.051160237288135,"wind_dir_deg":109.08474576271186,"rain_in":0}}