{"Cotech-367959":{"time":"2026-01-23 21:32:54","model":"Cotech-367959","id":13,"humidity":68,"temperature":59.54583333333334,"wind_avg_mph":1.3980874999999993,"wind_dir_deg":105.02083333333333,"rain_in":0}}