{"Cotech-367959":{"time":"2026-01-24 17:20:06","model":"Cotech-367959","id":13,"humidity":79,"temperature":48.76226415094338,"wind_avg_mph":1.1184699999999999,"wind_dir_deg":84.22641509433963,"rain_in":0}}