{"Cotech-367959":{"time":"2026-01-25 01:33:10","model":"Cotech-367959","id":13,"humidity":33,"temperature":56.52352941176472,"wind_avg_mph":0.11404007843137257,"wind_dir_deg":190.7450980392157,"rain_in":0}}