{"Cotech-367959":{"time":"2026-01-25 10:11:03","model":"Cotech-367959","id":13,"humidity":59,"temperature":42.12978723404255,"wind_avg_mph":1.1708239148936168,"wind_dir_deg":274.3404255319149,"rain_in":0}}