{"Cotech-367959":{"time":"2026-01-25 04:42:46","model":"Cotech-367959","id":13,"humidity":46,"temperature":47.533333333333346,"wind_avg_mph":1.993362088888889,"wind_dir_deg":273.31111111111113,"rain_in":0}}