{"Cotech-367959":{"time":"2026-01-24 03:15:34","model":"Cotech-367959","id":13,"humidity":92,"temperature":47.60689655172413,"wind_avg_mph":0.3201138275862068,"wind_dir_deg":281.7931034482759,"rain_in":0}}