{"Cotech-367959":{"time":"2026-01-24 23:06:46","model":"Cotech-367959","id":13,"humidity":23,"temperature":70.62553191489364,"wind_avg_mph":0.9471299148936166,"wind_dir_deg":192.3404255319149,"rain_in":0}}