{"Cotech-367959":{"time":"2026-01-25 09:45:59","model":"Cotech-367959","id":13,"humidity":57,"temperature":42.74905660377357,"wind_avg_mph":0.44738799999999984,"wind_dir_deg":248.11320754716982,"rain_in":0}}