{"Cotech-367959":{"time":"2026-01-24 22:27:02","model":"Cotech-367959","id":13,"humidity":24,"temperature":68.50227272727274,"wind_avg_mph":1.7234605909090908,"wind_dir_deg":203.97727272727272,"rain_in":0}}