{"Cotech-367959":{"time":"2026-01-24 21:39:50","model":"Cotech-367959","id":13,"humidity":25,"temperature":69.10892857142856,"wind_avg_mph":1.8055301428571426,"wind_dir_deg":162.14285714285714,"rain_in":0}}