{"Cotech-367959":{"time":"2026-01-24 16:51:50","model":"Cotech-367959","id":13,"humidity":93,"temperature":44.32105263157893,"wind_avg_mph":0.4670102807017542,"wind_dir_deg":161.33333333333334,"rain_in":0}}