{"Cotech-367959":{"time":"2026-01-24 10:58:30","model":"Cotech-367959","id":13,"humidity":94,"temperature":46.86603773584909,"wind_avg_mph":0.025323849056603776,"wind_dir_deg":188.62264150943398,"rain_in":0}}