{"Cotech-367959":{"time":"2026-01-24 09:35:02","model":"Cotech-367959","id":13,"humidity":92,"temperature":49.47307692307694,"wind_avg_mph":0,"wind_dir_deg":138.48076923076923,"rain_in":0}}