{"Cotech-367959":{"time":"2026-01-24 18:55:18","model":"Cotech-367959","id":13,"humidity":39,"temperature":56.81489361702128,"wind_avg_mph":1.8419059148936163,"wind_dir_deg":202.80851063829786,"rain_in":0}}