{"Cotech-367959":{"time":"2026-01-25 20:08:23","model":"Cotech-367959","id":13,"humidity":65,"temperature":53.97111111111111,"wind_avg_mph":0.36288137777777774,"wind_dir_deg":168.82222222222222,"rain_in":0}}