{"Cotech-367959":{"time":"2026-01-24 22:09:10","model":"Cotech-367959","id":13,"humidity":25,"temperature":66.70869565217389,"wind_avg_mph":2.7037796521739135,"wind_dir_deg":229.6086956521739,"rain_in":0}}