{"Cotech-367959":{"time":"2026-01-25 07:50:47","model":"Cotech-367959","id":13,"humidity":52,"temperature":44.38909090909092,"wind_avg_mph":0.4921267999999997,"wind_dir_deg":294.03636363636366,"rain_in":0}}