{"Cotech-367959":{"time":"2026-01-25 08:51:35","model":"Cotech-367959","id":13,"humidity":49,"temperature":44.47999999999996,"wind_avg_mph":1.9400370545454546,"wind_dir_deg":275.8909090909091,"rain_in":0}}