{"Cotech-367959":{"time":"2026-01-24 07:59:18","model":"Cotech-367959","id":13,"humidity":92,"temperature":49.54042553191486,"wind_avg_mph":0,"wind_dir_deg":84.06382978723404,"rain_in":0}}