{"Cotech-367959":{"time":"2026-01-24 07:03:34","model":"Cotech-367959","id":13,"humidity":93,"temperature":49.568085106382945,"wind_avg_mph":0.03331612765957447,"wind_dir_deg":175.5744680851064,"rain_in":0}}