{"Cotech-367959":{"time":"2026-01-23 22:19:50","model":"Cotech-367959","id":13,"humidity":69,"temperature":59.17291666666665,"wind_avg_mph":1.7336284999999998,"wind_dir_deg":114.20833333333333,"rain_in":0}}