{"Cotech-367959":{"time":"2026-01-24 10:11:50","model":"Cotech-367959","id":13,"humidity":93,"temperature":48.56481481481486,"wind_avg_mph":0,"wind_dir_deg":117.14814814814815,"rain_in":0}}