{"Cotech-367959":{"time":"2026-01-25 15:20:55","model":"Cotech-367959","id":13,"humidity":85,"temperature":40.619565217391276,"wind_avg_mph":0.25773439130434783,"wind_dir_deg":282.32608695652175,"rain_in":0}}