{"Cotech-367959":{"time":"2026-01-23 22:30:14","model":"Cotech-367959","id":13,"humidity":69,"temperature":59.22105263157893,"wind_avg_mph":1.9269079649122804,"wind_dir_deg":122.40350877192982,"rain_in":0}}