{"Cotech-367959":{"time":"2026-01-24 22:37:26","model":"Cotech-367959","id":13,"humidity":24,"temperature":70.66296296296294,"wind_avg_mph":1.1350399259259258,"wind_dir_deg":199.3148148148148,"rain_in":0}}