{"Cotech-367959":{"time":"2026-01-25 02:28:38","model":"Cotech-367959","id":13,"humidity":35,"temperature":53.61956521739131,"wind_avg_mph":0.5203316956521739,"wind_dir_deg":288.1304347826087,"rain_in":0}}