{"Cotech-367959":{"time":"2026-01-24 19:40:22","model":"Cotech-367959","id":13,"humidity":35,"temperature":59.04444444444445,"wind_avg_mph":1.884000577777777,"wind_dir_deg":229.66666666666666,"rain_in":0}}