{"Cotech-367959":{"time":"2026-01-25 05:01:42","model":"Cotech-367959","id":13,"humidity":47,"temperature":46.98723404255319,"wind_avg_mph":1.9228165106382966,"wind_dir_deg":273.82978723404256,"rain_in":0}}