{"Cotech-367959":{"time":"2026-01-25 14:19:19","model":"Cotech-367959","id":13,"humidity":81,"temperature":41.359999999999985,"wind_avg_mph":1.4316415999999994,"wind_dir_deg":277.3272727272727,"rain_in":0}}