{"Cotech-367959":{"time":"2026-01-24 19:05:42","model":"Cotech-367959","id":13,"humidity":38,"temperature":57.205172413793115,"wind_avg_mph":1.5272900689655176,"wind_dir_deg":149.1551724137931,"rain_in":0}}