{"Cotech-367959":{"time":"2026-01-24 08:56:38","model":"Cotech-367959","id":13,"humidity":92,"temperature":49.603703703703665,"wind_avg_mph":0.01656992592592593,"wind_dir_deg":173.9814814814815,"rain_in":0}}