{"Cotech-367959":{"time":"2026-01-24 01:42:30","model":"Cotech-367959","id":13,"humidity":87,"temperature":50.66842105263157,"wind_avg_mph":0.08241357894736842,"wind_dir_deg":255.0701754385965,"rain_in":0}}