{"Cotech-367959":{"time":"2026-01-24 04:32:06","model":"Cotech-367959","id":13,"humidity":93,"temperature":45.575438596491225,"wind_avg_mph":0.23939182456140354,"wind_dir_deg":305.719298245614,"rain_in":0}}