{"Cotech-367959":{"time":"2026-01-24 02:36:54","model":"Cotech-367959","id":13,"humidity":91,"temperature":48.385106382978734,"wind_avg_mph":0.004759446808510639,"wind_dir_deg":280.59574468085106,"rain_in":0}}