{"Cotech-367959":{"time":"2026-01-25 07:04:06","model":"Cotech-367959","id":13,"humidity":53,"temperature":44.73333333333333,"wind_avg_mph":1.421114823529411,"wind_dir_deg":263.3333333333333,"rain_in":0}}