{"Cotech-367959":{"time":"2026-01-25 18:15:51","model":"Cotech-367959","id":13,"humidity":77,"temperature":46.92500000000002,"wind_avg_mph":0.6366675384615383,"wind_dir_deg":199.44230769230768,"rain_in":0}}