{"Cotech-367959":{"time":"2026-01-24 08:27:18","model":"Cotech-367959","id":13,"humidity":92,"temperature":49.5862068965517,"wind_avg_mph":0,"wind_dir_deg":58.51724137931034,"rain_in":0}}