{"Cotech-367959":{"time":"2026-01-24 06:00:38","model":"Cotech-367959","id":13,"humidity":93,"temperature":49.282142857142894,"wind_avg_mph":0.14779782142857142,"wind_dir_deg":162.71428571428572,"rain_in":0}}