{"Cotech-367959":{"time":"2026-01-24 22:47:50","model":"Cotech-367959","id":13,"humidity":24,"temperature":69.67241379310344,"wind_avg_mph":1.6661346206896557,"wind_dir_deg":193.13793103448276,"rain_in":0}}