{"Cotech-367959":{"time":"2026-01-24 03:44:06","model":"Cotech-367959","id":13,"humidity":92,"temperature":46.882456140350925,"wind_avg_mph":0.16482715789473684,"wind_dir_deg":286.7894736842105,"rain_in":0}}