{"Cotech-367959":{"time":"2026-01-25 07:40:38","model":"Cotech-367959","id":13,"humidity":51,"temperature":44.595652173913024,"wind_avg_mph":1.5318176086956519,"wind_dir_deg":278.19565217391306,"rain_in":0}}