{"Cotech-367959":{"time":"2026-01-24 11:25:58","model":"Cotech-367959","id":13,"humidity":95,"temperature":46.33333333333332,"wind_avg_mph":0.08854554166666667,"wind_dir_deg":116.10416666666667,"rain_in":0}}