{"Cotech-367959":{"time":"2026-01-24 21:00:06","model":"Cotech-367959","id":13,"humidity":27,"temperature":66.82173913043476,"wind_avg_mph":1.8138665652173909,"wind_dir_deg":179.65217391304347,"rain_in":0}}