{"Cotech-367959":{"time":"2026-01-25 13:40:39","model":"Cotech-367959","id":13,"humidity":77,"temperature":42.034615384615364,"wind_avg_mph":0.7700235769230768,"wind_dir_deg":282.7692307692308,"rain_in":0}}