{"Cotech-367959":{"time":"2026-01-25 01:15:18","model":"Cotech-367959","id":13,"humidity":32,"temperature":58.79454545454545,"wind_avg_mph":0.15861938181818183,"wind_dir_deg":164.2,"rain_in":0}}