{"Cotech-367959":{"time":"2026-01-24 20:24:38","model":"Cotech-367959","id":13,"humidity":30,"temperature":63.797826086956505,"wind_avg_mph":1.6436646086956517,"wind_dir_deg":252.6304347826087,"rain_in":0}}