{"Cotech-367959":{"time":"2026-01-24 06:45:42","model":"Cotech-367959","id":13,"humidity":93,"temperature":49.49827586206897,"wind_avg_mph":0.038567931034482764,"wind_dir_deg":129.36206896551724,"rain_in":0}}