{"Cotech-367959":{"time":"2026-01-24 20:06:46","model":"Cotech-367959","id":13,"humidity":32,"temperature":60.40980392156861,"wind_avg_mph":2.206236901960785,"wind_dir_deg":239.37254901960785,"rain_in":0}}