{"Cotech-367959":{"time":"2026-01-25 02:10:46","model":"Cotech-367959","id":13,"humidity":33,"temperature":54.47058823529414,"wind_avg_mph":0.21930784313725493,"wind_dir_deg":215.0392156862745,"rain_in":0}}