{"Cotech-367959":{"time":"2026-01-23 21:24:22","model":"Cotech-367959","id":13,"humidity":70,"temperature":58.87692307692308,"wind_avg_mph":2.0175478076923072,"wind_dir_deg":103.48076923076923,"rain_in":0}}