{"Cotech-367959":{"time":"2026-01-25 10:29:59","model":"Cotech-367959","id":13,"humidity":63,"temperature":41.39148936170212,"wind_avg_mph":0.1332645106382979,"wind_dir_deg":281.70212765957444,"rain_in":0}}