{"Cotech-367959":{"time":"2026-01-25 05:41:10","model":"Cotech-367959","id":13,"humidity":49,"temperature":46.61607142857143,"wind_avg_mph":1.993273321428571,"wind_dir_deg":280.7142857142857,"rain_in":0}}