{"Cotech-367959":{"time":"2026-01-24 13:12:38","model":"Cotech-367959","id":13,"humidity":96,"temperature":42.458620689655206,"wind_avg_mph":0.48981272413793087,"wind_dir_deg":263.2241379310345,"rain_in":0}}