{"Cotech-367959":{"time":"2026-01-24 16:22:30","model":"Cotech-367959","id":13,"humidity":96,"temperature":42.3479166666667,"wind_avg_mph":0.37748362500000004,"wind_dir_deg":221.33333333333334,"rain_in":0}}