{"Cotech-367959":{"time":"2026-01-25 00:04:22","model":"Cotech-367959","id":13,"humidity":24,"temperature":69.24444444444444,"wind_avg_mph":0.9792826222222216,"wind_dir_deg":157.37777777777777,"rain_in":0}}