{"Cotech-367959":{"time":"2026-01-25 08:20:23","model":"Cotech-367959","id":13,"humidity":54,"temperature":43.05555555555555,"wind_avg_mph":0.5219526666666666,"wind_dir_deg":232.73333333333332,"rain_in":0}}