{"Cotech-367959":{"time":"2026-01-25 06:36:54","model":"Cotech-367959","id":13,"humidity":53,"temperature":45.247058823529386,"wind_avg_mph":1.8334135686274504,"wind_dir_deg":277.52941176470586,"rain_in":0}}