{"Cotech-367959":{"time":"2026-01-24 17:10:30","model":"Cotech-367959","id":13,"humidity":84,"temperature":46.85000000000001,"wind_avg_mph":0.7019363448275857,"wind_dir_deg":139.27586206896552,"rain_in":0}}