{"Cotech-367959":{"time":"2026-01-24 04:21:42","model":"Cotech-367959","id":13,"humidity":93,"temperature":45.6659574468085,"wind_avg_mph":0,"wind_dir_deg":318.51063829787233,"rain_in":0}}