{"Cotech-367959":{"time":"2026-01-24 12:24:38","model":"Cotech-367959","id":13,"humidity":95,"temperature":43.621052631578955,"wind_avg_mph":0.46308582456140346,"wind_dir_deg":215.6140350877193,"rain_in":0}}