{"Cotech-367959":{"time":"2026-01-25 03:40:54","model":"Cotech-367959","id":13,"humidity":42,"temperature":49.70666666666667,"wind_avg_mph":0.36785235555555557,"wind_dir_deg":255.11111111111111,"rain_in":0}}