{"Cotech-367959":{"time":"2026-01-25 15:12:39","model":"Cotech-367959","id":13,"humidity":85,"temperature":40.52745098039213,"wind_avg_mph":0.7281020392156857,"wind_dir_deg":265.98039215686276,"rain_in":0}}