{"Cotech-367959":{"time":"2026-01-24 04:02:46","model":"Cotech-367959","id":13,"humidity":93,"temperature":46.32115384615383,"wind_avg_mph":0.3226355769230769,"wind_dir_deg":292.09615384615387,"rain_in":0}}