{"Cotech-367959":{"time":"2026-01-25 18:52:39","model":"Cotech-367959","id":13,"humidity":74,"temperature":48.41964285714283,"wind_avg_mph":0.942710428571428,"wind_dir_deg":257.64285714285717,"rain_in":0}}