{"Cotech-367959":{"time":"2026-01-24 06:18:30","model":"Cotech-367959","id":13,"humidity":93,"temperature":49.587755102040774,"wind_avg_mph":0.06391257142857143,"wind_dir_deg":172.87755102040816,"rain_in":0}}