{"Cotech-367959":{"time":"2026-01-25 12:36:55","model":"Cotech-367959","id":13,"humidity":74,"temperature":41.478260869565226,"wind_avg_mph":1.2157282608695648,"wind_dir_deg":277.8478260869565,"rain_in":0}}