{"Cotech-367959":{"time":"2026-01-24 07:21:26","model":"Cotech-367959","id":13,"humidity":92,"temperature":49.50425531914893,"wind_avg_mph":0.03807557446808511,"wind_dir_deg":141.87234042553192,"rain_in":0}}