{"Cotech-367959":{"time":"2026-01-25 05:51:50","model":"Cotech-367959","id":13,"humidity":51,"temperature":46.221052631578935,"wind_avg_mph":2.048566105263158,"wind_dir_deg":271.8070175438597,"rain_in":0}}