{"Cotech-367959":{"time":"2026-01-24 15:54:14","model":"Cotech-367959","id":13,"humidity":96,"temperature":41.34255319148935,"wind_avg_mph":0.8804976595744678,"wind_dir_deg":267.8723404255319,"rain_in":0}}