{"Cotech-367959":{"time":"2026-01-24 19:48:54","model":"Cotech-367959","id":13,"humidity":34,"temperature":59.46956521739126,"wind_avg_mph":2.0667380434782605,"wind_dir_deg":224.17391304347825,"rain_in":0}}