{"Cotech-367959":{"time":"2026-01-25 06:19:02","model":"Cotech-367959","id":13,"humidity":54,"temperature":45.23617021276596,"wind_avg_mph":1.4754285106382976,"wind_dir_deg":280.0851063829787,"rain_in":0}}