{"Cotech-367959":{"time":"2026-01-24 17:00:06","model":"Cotech-367959","id":13,"humidity":91,"temperature":45.389361702127665,"wind_avg_mph":0.4188313191489359,"wind_dir_deg":111.44680851063829,"rain_in":0}}