{"Cotech-367959":{"time":"2026-01-24 08:16:54","model":"Cotech-367959","id":13,"humidity":92,"temperature":49.59574468085101,"wind_avg_mph":0,"wind_dir_deg":18.914893617021278,"rain_in":0}}