{"Cotech-367959":{"time":"2026-01-24 11:17:26","model":"Cotech-367959","id":13,"humidity":95,"temperature":46.513207547169834,"wind_avg_mph":0.01688256603773585,"wind_dir_deg":56.54716981132076,"rain_in":0}}