{"Cotech-367959":{"time":"2026-01-25 19:59:51","model":"Cotech-367959","id":13,"humidity":67,"temperature":53.18070175438596,"wind_avg_mph":0.4473879999999999,"wind_dir_deg":145.6140350877193,"rain_in":0}}