{"Cotech-367959":{"time":"2026-01-24 15:45:42","model":"Cotech-367959","id":13,"humidity":96,"temperature":41.02553191489359,"wind_avg_mph":0.9042948936170211,"wind_dir_deg":277.82978723404256,"rain_in":0}}