{"Cotech-367959":{"time":"2026-01-24 17:28:38","model":"Cotech-367959","id":13,"humidity":79,"temperature":49.47708333333333,"wind_avg_mph":0.49865120833333326,"wind_dir_deg":115.54166666666667,"rain_in":0}}