{"Cotech-367959":{"time":"2026-01-25 01:43:34","model":"Cotech-367959","id":13,"humidity":34,"temperature":55.74259259259258,"wind_avg_mph":0.16569925925925927,"wind_dir_deg":170.14814814814815,"rain_in":0}}