{"Cotech-367959":{"time":"2026-01-25 06:02:14","model":"Cotech-367959","id":13,"humidity":54,"temperature":45.383333333333375,"wind_avg_mph":0.5592349999999998,"wind_dir_deg":269.18518518518516,"rain_in":0}}