{"Cotech-367959":{"time":"2026-01-24 13:21:58","model":"Cotech-367959","id":13,"humidity":96,"temperature":42.27169811320754,"wind_avg_mph":0.34609260377358486,"wind_dir_deg":288.9433962264151,"rain_in":0}}