{"Cotech-367959":{"time":"2026-01-24 20:51:50","model":"Cotech-367959","id":13,"humidity":27,"temperature":66.64893617021275,"wind_avg_mph":1.689603617021276,"wind_dir_deg":192.46808510638297,"rain_in":0}}