{"Cotech-367959":{"time":"2026-01-24 23:17:10","model":"Cotech-367959","id":13,"humidity":23,"temperature":70.7017857142857,"wind_avg_mph":1.242300607142857,"wind_dir_deg":168.35714285714286,"rain_in":0}}