{"Cotech-367959":{"time":"2026-01-25 00:35:34","model":"Cotech-367959","id":13,"humidity":28,"temperature":62.88793103448276,"wind_avg_mph":0.1311309655172414,"wind_dir_deg":155.94827586206895,"rain_in":0}}