{"Cotech-367959":{"time":"2026-01-23 21:15:02","model":"Cotech-367959","id":13,"humidity":70,"temperature":58.32222222222222,"wind_avg_mph":1.7448131999999996,"wind_dir_deg":133.42222222222222,"rain_in":0}}