{"Cotech-367959":{"time":"2026-01-24 09:43:34","model":"Cotech-367959","id":13,"humidity":92,"temperature":49.368750000000034,"wind_avg_mph":0.06524408333333334,"wind_dir_deg":268.4375,"rain_in":0}}