{"Cotech-367959":{"time":"2026-01-24 19:14:14","model":"Cotech-367959","id":13,"humidity":37,"temperature":57.43958333333331,"wind_avg_mph":2.4000502083333335,"wind_dir_deg":184.22916666666666,"rain_in":0}}