{"Cotech-367959":{"time":"2026-01-24 11:36:22","model":"Cotech-367959","id":13,"humidity":95,"temperature":45.57586206896551,"wind_avg_mph":0.011570379310344828,"wind_dir_deg":145.51724137931035,"rain_in":0}}