{"Cotech-367959":{"time":"2026-01-24 18:27:02","model":"Cotech-367959","id":13,"humidity":53,"temperature":54.88301886792454,"wind_avg_mph":0.6415375094339621,"wind_dir_deg":107.35849056603773,"rain_in":0}}