{"Cotech-367959":{"time":"2026-01-23 22:38:30","model":"Cotech-367959","id":13,"humidity":69,"temperature":58.881818181818176,"wind_avg_mph":2.333535136363635,"wind_dir_deg":64.29545454545455,"rain_in":0}}