{"Cotech-367959":{"time":"2026-01-24 03:33:42","model":"Cotech-367959","id":13,"humidity":92,"temperature":47.065384615384616,"wind_avg_mph":0.11184700000000002,"wind_dir_deg":303.6730769230769,"rain_in":0}}