{"Cotech-367959":{"time":"2026-01-25 19:49:27","model":"Cotech-367959","id":13,"humidity":68,"temperature":52.4909090909091,"wind_avg_mph":0.5439831363636362,"wind_dir_deg":193.97727272727272,"rain_in":0}}