{"Cotech-367959":{"time":"2026-01-25 07:32:06","model":"Cotech-367959","id":13,"humidity":53,"temperature":44.38749999999999,"wind_avg_mph":1.6697159285714283,"wind_dir_deg":273.5892857142857,"rain_in":0}}