{"Cotech-367959":{"time":"2026-01-24 01:22:46","model":"Cotech-367959","id":13,"humidity":84,"temperature":51.99821428571429,"wind_avg_mph":0.019972678571428572,"wind_dir_deg":98.92857142857143,"rain_in":0}}