{"Cotech-367959":{"time":"2026-01-24 17:59:50","model":"Cotech-367959","id":13,"humidity":69,"temperature":52.06440677966103,"wind_avg_mph":0.9137331186440675,"wind_dir_deg":88.50847457627118,"rain_in":0}}