{"Cotech-367959":{"time":"2026-01-25 09:28:07","model":"Cotech-367959","id":13,"humidity":55,"temperature":43.5232558139535,"wind_avg_mph":0.7751257209302324,"wind_dir_deg":289.27906976744185,"rain_in":0}}