{"Cotech-367959":{"time":"2026-01-25 17:57:11","model":"Cotech-367959","id":13,"humidity":78,"temperature":45.64888888888888,"wind_avg_mph":0.845066222222222,"wind_dir_deg":244.9777777777778,"rain_in":0}}