{"Cotech-367959":{"time":"2026-01-25 08:01:27","model":"Cotech-367959","id":13,"humidity":57,"temperature":43.12499999999998,"wind_avg_mph":0.2916011071428572,"wind_dir_deg":247.16071428571428,"rain_in":0}}