{"Cotech-367959":{"time":"2026-01-25 04:34:14","model":"Cotech-367959","id":13,"humidity":45,"temperature":48.015217391304354,"wind_avg_mph":1.6728420869565215,"wind_dir_deg":271.45652173913044,"rain_in":0}}