{"Cotech-367959":{"time":"2026-01-24 10:38:46","model":"Cotech-367959","id":13,"humidity":94,"temperature":47.42830188679247,"wind_avg_mph":0,"wind_dir_deg":212.0188679245283,"rain_in":0}}