{"Cotech-367959":{"time":"2026-01-24 06:35:18","model":"Cotech-367959","id":13,"humidity":93,"temperature":49.475555555555566,"wind_avg_mph":0.02485488888888889,"wind_dir_deg":190.2,"rain_in":0}}