{"Cotech-367959":{"time":"2026-01-25 09:36:23","model":"Cotech-367959","id":13,"humidity":55,"temperature":43.29111111111112,"wind_avg_mph":1.1582378222222225,"wind_dir_deg":290.4,"rain_in":0}}