{"Cotech-367959":{"time":"2026-01-24 06:09:10","model":"Cotech-367959","id":13,"humidity":93,"temperature":49.49565217391305,"wind_avg_mph":0.25773439130434783,"wind_dir_deg":107.93478260869566,"rain_in":0}}