{"Cotech-367959":{"time":"2026-01-25 12:28:23","model":"Cotech-367959","id":13,"humidity":74,"temperature":41.402083333333344,"wind_avg_mph":1.4307095416666658,"wind_dir_deg":280.4791666666667,"rain_in":0}}