{"Cotech-367959":{"time":"2026-01-25 09:19:51","model":"Cotech-367959","id":13,"humidity":51,"temperature":44.51923076923076,"wind_avg_mph":1.1786953076923075,"wind_dir_deg":279.53846153846155,"rain_in":0}}