{"Cotech-367959":{"time":"2026-01-24 01:50:46","model":"Cotech-367959","id":13,"humidity":88,"temperature":50.29333333333331,"wind_avg_mph":0,"wind_dir_deg":148.22222222222223,"rain_in":0}}