{"Cotech-367959":{"time":"2026-01-25 07:13:26","model":"Cotech-367959","id":13,"humidity":53,"temperature":44.64800000000001,"wind_avg_mph":1.73139156,"wind_dir_deg":273.2,"rain_in":0}}