{"Cotech-367959":{"time":"2026-01-25 11:41:27","model":"Cotech-367959","id":13,"humidity":70,"temperature":41.778431372549015,"wind_avg_mph":1.4167286666666665,"wind_dir_deg":273.29411764705884,"rain_in":0}}