{"Cotech-367959":{"time":"2026-01-25 19:02:15","model":"Cotech-367959","id":13,"humidity":74,"temperature":49.26792452830191,"wind_avg_mph":0.3460926037735848,"wind_dir_deg":233.35849056603774,"rain_in":0}}