{"Cotech-367959":{"time":"2026-01-24 14:47:50","model":"Cotech-367959","id":13,"humidity":96,"temperature":40.88392857142859,"wind_avg_mph":0.44738799999999984,"wind_dir_deg":259.6607142857143,"rain_in":0}}