{"Cotech-367959":{"time":"2026-01-24 08:08:38","model":"Cotech-367959","id":13,"humidity":92,"temperature":49.54615384615382,"wind_avg_mph":0,"wind_dir_deg":106.86538461538461,"rain_in":0}}