{"Cotech-367959":{"time":"2026-01-25 04:08:06","model":"Cotech-367959","id":13,"humidity":45,"temperature":48.23023255813955,"wind_avg_mph":0.7907322790697673,"wind_dir_deg":260.8139534883721,"rain_in":0}}