{"Cotech-367959":{"time":"2026-01-24 06:55:02","model":"Cotech-367959","id":13,"humidity":93,"temperature":49.50392156862745,"wind_avg_mph":0.10965392156862747,"wind_dir_deg":251.98039215686273,"rain_in":0}}