{"Cotech-367959":{"time":"2026-01-25 10:21:27","model":"Cotech-367959","id":13,"humidity":62,"temperature":41.741071428571395,"wind_avg_mph":0.9387158928571424,"wind_dir_deg":287.625,"rain_in":0}}