{"Cotech-367959":{"time":"2026-01-24 05:02:14","model":"Cotech-367959","id":13,"humidity":94,"temperature":47.118644067796644,"wind_avg_mph":0,"wind_dir_deg":136.0677966101695,"rain_in":0}}