{"Cotech-367959":{"time":"2026-01-25 17:48:39","model":"Cotech-367959","id":13,"humidity":79,"temperature":45.08245614035084,"wind_avg_mph":1.714987333333332,"wind_dir_deg":271.7719298245614,"rain_in":0}}