{"Cotech-367959":{"time":"2026-01-25 00:44:54","model":"Cotech-367959","id":13,"humidity":28,"temperature":61.582692307692284,"wind_avg_mph":0.628063923076923,"wind_dir_deg":143.78846153846155,"rain_in":0}}