{"Cotech-367959":{"time":"2026-01-23 23:47:02","model":"Cotech-367959","id":13,"humidity":71,"temperature":58.116981132075466,"wind_avg_mph":1.4139149056603766,"wind_dir_deg":89.98113207547169,"rain_in":0}}