{"Cotech-367959":{"time":"2026-01-24 13:42:46","model":"Cotech-367959","id":13,"humidity":96,"temperature":42.096610169491505,"wind_avg_mph":0.5459650169491523,"wind_dir_deg":246.94915254237287,"rain_in":0}}