{"Cotech-367959":{"time":"2026-01-24 02:45:26","model":"Cotech-367959","id":13,"humidity":92,"temperature":48.18297872340425,"wind_avg_mph":0,"wind_dir_deg":252.48936170212767,"rain_in":0}}