{"Cotech-367959":{"time":"2026-01-24 10:29:26","model":"Cotech-367959","id":13,"humidity":93,"temperature":47.72391304347825,"wind_avg_mph":0,"wind_dir_deg":131.04347826086956,"rain_in":0}}