{"Cotech-367959":{"time":"2026-01-24 23:27:34","model":"Cotech-367959","id":13,"humidity":23,"temperature":70.5017543859649,"wind_avg_mph":1.138092280701754,"wind_dir_deg":136.75438596491227,"rain_in":0}}