{"Cotech-367959":{"time":"2026-01-25 03:32:38","model":"Cotech-367959","id":13,"humidity":41,"temperature":50.42692307692309,"wind_avg_mph":1.2733350769230765,"wind_dir_deg":268.59615384615387,"rain_in":0}}