{"Cotech-367959":{"time":"2026-01-24 09:15:18","model":"Cotech-367959","id":13,"humidity":92,"temperature":49.48846153846154,"wind_avg_mph":0.06452711538461539,"wind_dir_deg":191.07692307692307,"rain_in":0}}