{"Cotech-367959":{"time":"2026-01-24 03:53:26","model":"Cotech-367959","id":13,"humidity":93,"temperature":46.649999999999984,"wind_avg_mph":0.40436992307692304,"wind_dir_deg":291.09615384615387,"rain_in":0}}