{"Cotech-367959":{"time":"2026-01-25 03:23:02","model":"Cotech-367959","id":13,"humidity":40,"temperature":50.6810344827586,"wind_avg_mph":1.0837588620689653,"wind_dir_deg":275.3448275862069,"rain_in":0}}