{"Cotech-367959":{"time":"2026-01-24 15:06:46","model":"Cotech-367959","id":13,"humidity":96,"temperature":40.892982456140366,"wind_avg_mph":0.7652689473684205,"wind_dir_deg":245.01754385964912,"rain_in":0}}