{"Cotech-367959":{"time":"2026-01-25 08:30:47","model":"Cotech-367959","id":13,"humidity":52,"temperature":43.584482758620666,"wind_avg_mph":0.7906425862068964,"wind_dir_deg":263.37931034482756,"rain_in":0}}