{"Cotech-367959":{"time":"2026-01-24 07:31:50","model":"Cotech-367959","id":13,"humidity":92,"temperature":49.4684210526316,"wind_avg_mph":0.17660052631578949,"wind_dir_deg":106.14035087719299,"rain_in":0}}