{"Cotech-367959":{"time":"2026-01-25 02:54:46","model":"Cotech-367959","id":13,"humidity":37,"temperature":52.35555555555557,"wind_avg_mph":0.6462271111111109,"wind_dir_deg":289.31111111111113,"rain_in":0}}