{"Cotech-367959":{"time":"2026-01-25 15:03:19","model":"Cotech-367959","id":13,"humidity":86,"temperature":40.17872340425534,"wind_avg_mph":0.537817489361702,"wind_dir_deg":294.82978723404256,"rain_in":0}}