{"Cotech-367959":{"time":"2026-01-24 00:25:26","model":"Cotech-367959","id":13,"humidity":77,"temperature":55.09830508474574,"wind_avg_mph":0.4549708474576269,"wind_dir_deg":109.77966101694915,"rain_in":0}}