{"Cotech-367959":{"time":"2026-01-25 17:17:27","model":"Cotech-367959","id":13,"humidity":82,"temperature":43.61071428571427,"wind_avg_mph":0.6990437500000001,"wind_dir_deg":242.48214285714286,"rain_in":0}}