{"Cotech-367959":{"time":"2026-01-24 09:52:54","model":"Cotech-367959","id":13,"humidity":92,"temperature":49.254716981132034,"wind_avg_mph":0,"wind_dir_deg":112.52830188679245,"rain_in":0}}