{"Cotech-367959":{"time":"2026-01-25 05:20:38","model":"Cotech-367959","id":13,"humidity":49,"temperature":46.333333333333336,"wind_avg_mph":0.7969098749999991,"wind_dir_deg":292.8541666666667,"rain_in":0}}