{"Cotech-367959":{"time":"2026-01-24 21:10:30","model":"Cotech-367959","id":13,"humidity":26,"temperature":67.37499999999999,"wind_avg_mph":1.6617268571428556,"wind_dir_deg":197.69642857142858,"rain_in":0}}