{"Cotech-367959":{"time":"2026-01-25 02:20:22","model":"Cotech-367959","id":13,"humidity":34,"temperature":54.094339622641556,"wind_avg_mph":0.32498939622641515,"wind_dir_deg":248.9433962264151,"rain_in":0}}