{"Cotech-367959":{"time":"2026-01-25 12:09:27","model":"Cotech-367959","id":13,"humidity":72,"temperature":41.50714285714286,"wind_avg_mph":0.45537707142857137,"wind_dir_deg":281.1607142857143,"rain_in":0}}