{"Cotech-367959":{"time":"2026-01-24 17:49:26","model":"Cotech-367959","id":13,"humidity":70,"temperature":51.77241379310341,"wind_avg_mph":0.7636450344827584,"wind_dir_deg":147.43103448275863,"rain_in":0}}