{"Cotech-367959":{"time":"2026-01-24 14:28:38","model":"Cotech-367959","id":13,"humidity":96,"temperature":41.20212765957445,"wind_avg_mph":0.4140718723404255,"wind_dir_deg":244.27659574468086,"rain_in":0}}