{"Cotech-367959":{"time":"2026-01-25 01:04:54","model":"Cotech-367959","id":13,"humidity":29,"temperature":60.2037037037037,"wind_avg_mph":0.29825866666666667,"wind_dir_deg":108.12962962962963,"rain_in":0}}