{"Cotech-367959":{"time":"2026-01-24 14:56:22","model":"Cotech-367959","id":13,"humidity":96,"temperature":40.93749999999999,"wind_avg_mph":1.0066229999999996,"wind_dir_deg":280.8958333333333,"rain_in":0}}