{"Cotech-367959":{"time":"2026-01-24 16:13:58","model":"Cotech-367959","id":13,"humidity":96,"temperature":42.031034482758606,"wind_avg_mph":0.713506724137931,"wind_dir_deg":245.74137931034483,"rain_in":0}}