{"Cotech-367959":{"time":"2026-01-23 23:19:02","model":"Cotech-367959","id":13,"humidity":70,"temperature":58.68076923076925,"wind_avg_mph":1.4411055769230754,"wind_dir_deg":106.34615384615384,"rain_in":0}}