{"Cotech-367959":{"time":"2026-01-24 05:41:42","model":"Cotech-367959","id":13,"humidity":94,"temperature":48.57115384615385,"wind_avg_mph":0,"wind_dir_deg":210.07692307692307,"rain_in":0}}