{"Cotech-367959":{"time":"2026-01-24 18:09:10","model":"Cotech-367959","id":13,"humidity":62,"temperature":53.42692307692308,"wind_avg_mph":1.4066911153846156,"wind_dir_deg":135.82692307692307,"rain_in":0}}