{"Cotech-367959":{"time":"2026-01-24 10:49:10","model":"Cotech-367959","id":13,"humidity":94,"temperature":47.11034482758621,"wind_avg_mph":0,"wind_dir_deg":104.12068965517241,"rain_in":0}}