{"Cotech-367959":{"time":"2026-01-24 00:35:50","model":"Cotech-367959","id":13,"humidity":80,"temperature":54.0456140350877,"wind_avg_mph":1.5030667017543855,"wind_dir_deg":97.43859649122807,"rain_in":0}}