{"Cotech-367959":{"time":"2026-01-25 04:25:58","model":"Cotech-367959","id":13,"humidity":46,"temperature":47.955769230769235,"wind_avg_mph":1.2905423076923077,"wind_dir_deg":278.1730769230769,"rain_in":0}}