{"Cotech-367959":{"time":"2026-01-25 11:13:59","model":"Cotech-367959","id":13,"humidity":67,"temperature":41.817857142857136,"wind_avg_mph":1.190371642857142,"wind_dir_deg":285.30357142857144,"rain_in":0}}