{"Cotech-367959":{"time":"2026-01-25 19:11:35","model":"Cotech-367959","id":13,"humidity":72,"temperature":50.03199999999998,"wind_avg_mph":0.23711564000000002,"wind_dir_deg":223.2,"rain_in":0}}