{"Cotech-367959":{"time":"2026-01-25 06:10:30","model":"Cotech-367959","id":13,"humidity":54,"temperature":45.38478260869568,"wind_avg_mph":1.0747037826086956,"wind_dir_deg":282.3478260869565,"rain_in":0}}