{"Cotech-367959":{"time":"2026-01-25 11:31:51","model":"Cotech-367959","id":13,"humidity":69,"temperature":41.55399999999997,"wind_avg_mph":1.2392647599999997,"wind_dir_deg":275.9,"rain_in":0}}