{"Cotech-367959":{"time":"2026-01-25 03:12:38","model":"Cotech-367959","id":13,"humidity":39,"temperature":51.27142857142854,"wind_avg_mph":1.3010773469387753,"wind_dir_deg":275.18367346938777,"rain_in":0}}