{"Cotech-367959":{"time":"2026-01-25 12:54:47","model":"Cotech-367959","id":13,"humidity":72,"temperature":43.11960784313725,"wind_avg_mph":1.7149873333333334,"wind_dir_deg":257.3529411764706,"rain_in":0}}