{"Cotech-367959":{"time":"2026-01-25 20:37:59","model":"Cotech-367959","id":13,"humidity":57,"temperature":57.93962264150943,"wind_avg_mph":0.7977012452830189,"wind_dir_deg":207.56603773584905,"rain_in":0}}