{"Cotech-367959":{"time":"2026-01-25 00:24:54","model":"Cotech-367959","id":13,"humidity":26,"temperature":64.52181818181819,"wind_avg_mph":0.5531342545454544,"wind_dir_deg":191.87272727272727,"rain_in":0}}