{"Cotech-367959":{"time":"2026-01-24 00:04:38","model":"Cotech-367959","id":13,"humidity":73,"temperature":57.45192307692308,"wind_avg_mph":1.2776368846153845,"wind_dir_deg":83.48076923076923,"rain_in":0}}