{"Cotech-367959":{"time":"2026-01-24 02:01:10","model":"Cotech-367959","id":13,"humidity":89,"temperature":49.91754385964915,"wind_avg_mph":0,"wind_dir_deg":192.1578947368421,"rain_in":0}}