{"Cotech-367959":{"time":"2026-01-25 19:41:11","model":"Cotech-367959","id":13,"humidity":70,"temperature":51.919607843137264,"wind_avg_mph":0.5087941960784313,"wind_dir_deg":207.1764705882353,"rain_in":0}}