{"Cotech-367959":{"time":"2026-01-25 00:14:46","model":"Cotech-367959","id":13,"humidity":24,"temperature":65.66724137931034,"wind_avg_mph":1.245744172413792,"wind_dir_deg":223.27586206896552,"rain_in":0}}