{"Cotech-367959":{"time":"2026-01-25 16:28:23","model":"Cotech-367959","id":13,"humidity":82,"temperature":42.60526315789476,"wind_avg_mph":0.2668630175438597,"wind_dir_deg":199.2280701754386,"rain_in":0}}