{"Cotech-367959":{"time":"2026-01-24 02:28:22","model":"Cotech-367959","id":13,"humidity":91,"temperature":48.68771929824561,"wind_avg_mph":0,"wind_dir_deg":204.59649122807016,"rain_in":0}}