{"Cotech-367959":{"time":"2026-01-24 01:32:06","model":"Cotech-367959","id":13,"humidity":86,"temperature":51.29423076923077,"wind_avg_mph":0,"wind_dir_deg":265.88461538461536,"rain_in":0}}