{"Cotech-367959":{"time":"2026-01-24 16:41:26","model":"Cotech-367959","id":13,"humidity":94,"temperature":43.67307692307692,"wind_avg_mph":0.3097301538461539,"wind_dir_deg":267.4423076923077,"rain_in":0}}