{"Cotech-367959":{"time":"2026-01-24 20:16:06","model":"Cotech-367959","id":13,"humidity":31,"temperature":61.94038461538462,"wind_avg_mph":1.6691013846153844,"wind_dir_deg":218.28846153846155,"rain_in":0}}