{"Cotech-367959":{"time":"2026-01-24 04:42:30","model":"Cotech-367959","id":13,"humidity":94,"temperature":46.17894736842106,"wind_avg_mph":0.42384126315789455,"wind_dir_deg":234.66666666666666,"rain_in":0}}