{"Cotech-367959":{"time":"2026-01-24 22:58:14","model":"Cotech-367959","id":13,"humidity":24,"temperature":69.46363636363637,"wind_avg_mph":1.7407460363636365,"wind_dir_deg":186.25454545454545,"rain_in":0}}