{"Cotech-367959":{"time":"2026-01-25 16:17:59","model":"Cotech-367959","id":13,"humidity":82,"temperature":42.121568627450976,"wind_avg_mph":0.5745865490196076,"wind_dir_deg":258.3333333333333,"rain_in":0}}