{"Cotech-367959":{"time":"2026-01-24 08:37:42","model":"Cotech-367959","id":13,"humidity":92,"temperature":49.55964912280698,"wind_avg_mph":0.05101792982456141,"wind_dir_deg":118.89473684210526,"rain_in":0}}