{"Cotech-367959":{"time":"2026-01-24 13:51:18","model":"Cotech-367959","id":13,"humidity":96,"temperature":41.96956521739132,"wind_avg_mph":0.4960171304347825,"wind_dir_deg":257.4782608695652,"rain_in":0}}