{"Cotech-367959":{"time":"2026-01-24 13:32:22","model":"Cotech-367959","id":13,"humidity":96,"temperature":42.21249999999999,"wind_avg_mph":0.7429836428571425,"wind_dir_deg":270.39285714285717,"rain_in":0}}