{"Cotech-367959":{"time":"2026-01-25 18:32:55","model":"Cotech-367959","id":13,"humidity":74,"temperature":48.504761904761914,"wind_avg_mph":0.23434609523809527,"wind_dir_deg":157.88095238095238,"rain_in":0}}