{"Cotech-367959":{"time":"2026-01-24 21:29:26","model":"Cotech-367959","id":13,"humidity":25,"temperature":67.95614035087719,"wind_avg_mph":1.6208003859649125,"wind_dir_deg":206.08771929824562,"rain_in":0}}