{"Cotech-367959":{"time":"2026-01-24 22:18:30","model":"Cotech-367959","id":13,"humidity":25,"temperature":67.35200000000002,"wind_avg_mph":1.9550855600000003,"wind_dir_deg":202.62,"rain_in":0}}