{"Cotech-367959":{"time":"2026-01-25 13:59:35","model":"Cotech-367959","id":13,"humidity":79,"temperature":41.67608695652175,"wind_avg_mph":0.8558726956521739,"wind_dir_deg":286.7391304347826,"rain_in":0}}