{"Cotech-367959":{"time":"2026-01-24 22:00:38","model":"Cotech-367959","id":13,"humidity":24,"temperature":66.90545454545456,"wind_avg_mph":2.8551488727272716,"wind_dir_deg":219.0909090909091,"rain_in":0}}