{"Cotech-367959":{"time":"2026-01-24 06:27:02","model":"Cotech-367959","id":13,"humidity":93,"temperature":49.52708333333333,"wind_avg_mph":0,"wind_dir_deg":82.45833333333333,"rain_in":0}}