{"Cotech-367959":{"time":"2026-01-25 17:07:03","model":"Cotech-367959","id":13,"humidity":82,"temperature":43.20350877192983,"wind_avg_mph":1.8680411228070175,"wind_dir_deg":275.36842105263156,"rain_in":0}}