{"Cotech-367959":{"time":"2026-01-24 05:23:02","model":"Cotech-367959","id":13,"humidity":94,"temperature":47.89473684210526,"wind_avg_mph":0,"wind_dir_deg":67.36842105263158,"rain_in":0}}