{"Cotech-367959":{"time":"2026-01-25 11:22:31","model":"Cotech-367959","id":13,"humidity":68,"temperature":41.53829787234039,"wind_avg_mph":0.9471299148936168,"wind_dir_deg":279.3829787234043,"rain_in":0}}