{"Cotech-367959":{"time":"2026-01-25 15:51:35","model":"Cotech-367959","id":13,"humidity":85,"temperature":40.878947368421066,"wind_avg_mph":1.4677465964912273,"wind_dir_deg":272.280701754386,"rain_in":0}}