{"Cotech-367959":{"time":"2026-01-24 07:50:46","model":"Cotech-367959","id":13,"humidity":92,"temperature":49.520689655172404,"wind_avg_mph":0,"wind_dir_deg":75.24137931034483,"rain_in":0}}