{"Cotech-367959":{"time":"2026-01-25 04:53:10","model":"Cotech-367959","id":13,"humidity":47,"temperature":46.99649122807018,"wind_avg_mph":1.5854802807017538,"wind_dir_deg":278.140350877193,"rain_in":0}}