{"Cotech-367959":{"time":"2026-01-25 13:51:03","model":"Cotech-367959","id":13,"humidity":78,"temperature":41.949122807017574,"wind_avg_mph":0.6946287368421051,"wind_dir_deg":285.2456140350877,"rain_in":0}}