{"Cotech-367959":{"time":"2026-01-24 19:32:06","model":"Cotech-367959","id":13,"humidity":36,"temperature":58.488461538461564,"wind_avg_mph":1.509934499999999,"wind_dir_deg":168.32692307692307,"rain_in":0}}