{"Cotech-367959":{"time":"2026-01-25 16:08:23","model":"Cotech-367959","id":13,"humidity":83,"temperature":41.74042553191489,"wind_avg_mph":0.4045529787234041,"wind_dir_deg":180.0212765957447,"rain_in":0}}