{"Cotech-367959":{"time":"2026-01-25 09:54:15","model":"Cotech-367959","id":13,"humidity":58,"temperature":42.50238095238098,"wind_avg_mph":1.400750523809523,"wind_dir_deg":281.35714285714283,"rain_in":0}}