{"Cotech-367959":{"time":"2026-01-23 23:09:42","model":"Cotech-367959","id":13,"humidity":70,"temperature":58.5271186440678,"wind_avg_mph":1.9222518305084744,"wind_dir_deg":126.8135593220339,"rain_in":0}}