{"Cotech-367959":{"time":"2026-01-25 14:54:47","model":"Cotech-367959","id":13,"humidity":84,"temperature":40.208928571428544,"wind_avg_mph":0.051928964285714294,"wind_dir_deg":160,"rain_in":0}}