{"Cotech-367959":{"time":"2026-01-25 07:21:58","model":"Cotech-367959","id":13,"humidity":52,"temperature":44.822222222222194,"wind_avg_mph":2.053013822222222,"wind_dir_deg":273.2888888888889,"rain_in":0}}