{"Cotech-367959":{"time":"2026-01-24 05:50:14","model":"Cotech-367959","id":13,"humidity":93,"temperature":48.93749999999999,"wind_avg_mph":0.03728233333333334,"wind_dir_deg":246.52083333333334,"rain_in":0}}