{"Cotech-367959":{"time":"2026-01-24 13:02:14","model":"Cotech-367959","id":13,"humidity":96,"temperature":42.67169811320756,"wind_avg_mph":0.738612264150943,"wind_dir_deg":240.73584905660377,"rain_in":0}}