{"Cotech-367959":{"time":"2026-01-24 00:15:02","model":"Cotech-367959","id":13,"humidity":76,"temperature":55.87758620689656,"wind_avg_mph":0.47052875862068955,"wind_dir_deg":148.22413793103448,"rain_in":0}}