{"Cotech-367959":{"time":"2026-01-24 14:20:22","model":"Cotech-367959","id":13,"humidity":96,"temperature":41.35535714285718,"wind_avg_mph":0.5392623214285712,"wind_dir_deg":260.42857142857144,"rain_in":0}}