{"Cotech-367959":{"time":"2026-01-24 14:00:38","model":"Cotech-367959","id":13,"humidity":96,"temperature":41.91923076923078,"wind_avg_mph":0.3398428076923077,"wind_dir_deg":271.90384615384613,"rain_in":0}}