{"Cotech-367959":{"time":"2026-01-25 14:27:35","model":"Cotech-367959","id":13,"humidity":82,"temperature":41.18043478260869,"wind_avg_mph":1.7652374347826087,"wind_dir_deg":279.9347826086956,"rain_in":0}}