{"Cotech-367959":{"time":"2026-01-23 23:37:42","model":"Cotech-367959","id":13,"humidity":71,"temperature":58.098275862068945,"wind_avg_mph":1.3961591034482752,"wind_dir_deg":89.82758620689656,"rain_in":0}}