{"Cotech-367959":{"time":"2026-01-25 18:24:23","model":"Cotech-367959","id":13,"humidity":75,"temperature":47.627659574468076,"wind_avg_mph":0.29032625531914896,"wind_dir_deg":247.36170212765958,"rain_in":0}}