{"Cotech-367959":{"time":"2026-01-24 03:24:06","model":"Cotech-367959","id":13,"humidity":92,"temperature":47.29574468085104,"wind_avg_mph":0.16658063829787237,"wind_dir_deg":290.70212765957444,"rain_in":0}}