{"Cotech-367959":{"time":"2026-01-25 18:42:15","model":"Cotech-367959","id":13,"humidity":73,"temperature":48.59799999999999,"wind_avg_mph":0.5860782799999997,"wind_dir_deg":259.26,"rain_in":0}}