{"Cotech-367959":{"time":"2026-01-25 09:01:59","model":"Cotech-367959","id":13,"humidity":46,"temperature":45.583928571428594,"wind_avg_mph":1.4500164642857136,"wind_dir_deg":273.0357142857143,"rain_in":0}}