{"Cotech-367959":{"time":"2026-01-25 06:45:10","model":"Cotech-367959","id":13,"humidity":54,"temperature":44.93043478260871,"wind_avg_mph":1.5366805217391304,"wind_dir_deg":266.3695652173913,"rain_in":0}}