{"Cotech-367959":{"time":"2026-01-25 20:48:23","model":"Cotech-367959","id":13,"humidity":55,"temperature":59.05172413793104,"wind_avg_mph":0.7173635172413789,"wind_dir_deg":199.3793103448276,"rain_in":0}}