{"Cotech-367959":{"time":"2026-01-23 22:11:18","model":"Cotech-367959","id":13,"humidity":68,"temperature":60.0108695652174,"wind_avg_mph":1.5269546956521736,"wind_dir_deg":106.32608695652173,"rain_in":0}}