{"Cotech-367959":{"time":"2026-01-25 03:59:50","model":"Cotech-367959","id":13,"humidity":43,"temperature":48.979245283018855,"wind_avg_mph":0.43050543396226393,"wind_dir_deg":233.30188679245282,"rain_in":0}}