{"Cotech-367959":{"time":"2026-01-24 12:33:58","model":"Cotech-367959","id":13,"humidity":95,"temperature":43.257692307692295,"wind_avg_mph":0.3527482307692307,"wind_dir_deg":195.17307692307693,"rain_in":0}}