{"Cotech-367959":{"time":"2026-01-25 11:49:43","model":"Cotech-367959","id":13,"humidity":71,"temperature":41.2369565217391,"wind_avg_mph":0.37444430434782605,"wind_dir_deg":289.7391304347826,"rain_in":0}}