{"Cotech-367959":{"time":"2026-01-25 14:08:55","model":"Cotech-367959","id":13,"humidity":79,"temperature":41.52352941176471,"wind_avg_mph":1.5263825882352942,"wind_dir_deg":276.1764705882353,"rain_in":0}}