{"Cotech-367959":{"time":"2026-01-24 20:43:18","model":"Cotech-367959","id":13,"humidity":27,"temperature":65.91999999999999,"wind_avg_mph":2.049850472727272,"wind_dir_deg":208.87272727272727,"rain_in":0}}