{"Cotech-367959":{"time":"2026-01-24 01:12:22","model":"Cotech-367959","id":13,"humidity":83,"temperature":52.56122448979595,"wind_avg_mph":0.08673848979591837,"wind_dir_deg":125.3265306122449,"rain_in":0}}