{"Cotech-367959":{"time":"2026-01-25 06:54:46","model":"Cotech-367959","id":13,"humidity":54,"temperature":44.78076923076924,"wind_avg_mph":1.4368037692307694,"wind_dir_deg":281.9423076923077,"rain_in":0}}