{"Cotech-367959":{"time":"2026-01-25 16:56:39","model":"Cotech-367959","id":13,"humidity":82,"temperature":42.95714285714281,"wind_avg_mph":0.5432568571428569,"wind_dir_deg":282.48214285714283,"rain_in":0}}