{"Cotech-367959":{"time":"2026-01-24 12:52:54","model":"Cotech-367959","id":13,"humidity":96,"temperature":42.785416666666656,"wind_avg_mph":0.41476595833333324,"wind_dir_deg":283.1458333333333,"rain_in":0}}