{"Cotech-367959":{"time":"2026-01-24 11:55:18","model":"Cotech-367959","id":13,"humidity":95,"temperature":44.41403508771931,"wind_avg_mph":0.03924456140350877,"wind_dir_deg":277.0877192982456,"rain_in":0}}