{"Cotech-367959":{"time":"2026-01-24 23:55:50","model":"Cotech-367959","id":13,"humidity":23,"temperature":69.86666666666666,"wind_avg_mph":1.0482914901960776,"wind_dir_deg":151.45098039215685,"rain_in":0}}