{"Cotech-367959":{"time":"2026-01-24 15:26:46","model":"Cotech-367959","id":13,"humidity":96,"temperature":40.60350877192982,"wind_avg_mph":1.1027721754385957,"wind_dir_deg":241.42105263157896,"rain_in":0}}