{"Cotech-367959":{"time":"2026-01-25 02:38:14","model":"Cotech-367959","id":13,"humidity":36,"temperature":53.0807692307692,"wind_avg_mph":0.48610426923076905,"wind_dir_deg":244.03846153846155,"rain_in":0}}