{"Cotech-367959":{"time":"2026-01-25 03:03:18","model":"Cotech-367959","id":13,"humidity":39,"temperature":51.59148936170214,"wind_avg_mph":0.6806008936170211,"wind_dir_deg":275.21276595744683,"rain_in":0}}