{"Cotech-367959":{"time":"2026-01-25 04:16:22","model":"Cotech-367959","id":13,"humidity":45,"temperature":48.04130434782607,"wind_avg_mph":0.5932753913043477,"wind_dir_deg":270.69565217391306,"rain_in":0}}