{"Cotech-367959":{"time":"2026-01-25 05:31:02","model":"Cotech-367959","id":13,"humidity":49,"temperature":46.30000000000001,"wind_avg_mph":0.902910327272727,"wind_dir_deg":232.56363636363636,"rain_in":0}}