{"Cotech-367959":{"time":"2026-01-24 05:32:22","model":"Cotech-367959","id":13,"humidity":94,"temperature":48.21800000000003,"wind_avg_mph":0.0447388,"wind_dir_deg":116.7,"rain_in":0}}