{"Cotech-367959":{"time":"2026-01-25 13:14:31","model":"Cotech-367959","id":13,"humidity":74,"temperature":43.02909090909097,"wind_avg_mph":0.7727610909090906,"wind_dir_deg":280.94545454545454,"rain_in":0}}