{"Cotech-367959":{"time":"2026-01-24 09:25:42","model":"Cotech-367959","id":13,"humidity":92,"temperature":49.406779661017,"wind_avg_mph":0.018957118644067798,"wind_dir_deg":157.3728813559322,"rain_in":0}}