{"Cotech-367959":{"time":"2026-01-25 16:36:39","model":"Cotech-367959","id":13,"humidity":82,"temperature":42.79999999999997,"wind_avg_mph":0.9190905652173913,"wind_dir_deg":272.19565217391306,"rain_in":0}}