{"Cotech-367959":{"time":"2026-01-25 10:55:19","model":"Cotech-367959","id":13,"humidity":66,"temperature":41.82666666666669,"wind_avg_mph":0.820211333333333,"wind_dir_deg":279.44444444444446,"rain_in":0}}