{"Cotech-367959":{"time":"2026-01-24 00:54:30","model":"Cotech-367959","id":13,"humidity":82,"temperature":53.088636363636354,"wind_avg_mph":0.8591883181818176,"wind_dir_deg":67.0909090909091,"rain_in":0}}