{"Cotech-367959":{"time":"2026-01-25 17:27:51","model":"Cotech-367959","id":13,"humidity":81,"temperature":44.335714285714296,"wind_avg_mph":0.6750765357142854,"wind_dir_deg":243.60714285714286,"rain_in":0}}