{"Cotech-367959":{"time":"2026-01-24 19:22:46","model":"Cotech-367959","id":13,"humidity":36,"temperature":57.99999999999995,"wind_avg_mph":2.1512699574468086,"wind_dir_deg":172.38297872340425,"rain_in":0}}