{"Cotech-367959":{"time":"2026-01-25 11:03:35","model":"Cotech-367959","id":13,"humidity":67,"temperature":41.89090909090911,"wind_avg_mph":0.8083487727272728,"wind_dir_deg":279.09090909090907,"rain_in":0}}