{"Cotech-367959":{"time":"2026-01-24 16:32:06","model":"Cotech-367959","id":13,"humidity":95,"temperature":43.1245283018868,"wind_avg_mph":0.4178435094339621,"wind_dir_deg":225.79245283018867,"rain_in":0}}