{"Cotech-367959":{"time":"2026-01-24 21:19:02","model":"Cotech-367959","id":13,"humidity":26,"temperature":67.35625000000002,"wind_avg_mph":2.0691694999999997,"wind_dir_deg":202.91666666666666,"rain_in":0}}