{"Cotech-367959":{"time":"2026-01-24 18:17:42","model":"Cotech-367959","id":13,"humidity":57,"temperature":54.62708333333337,"wind_avg_mph":1.2023552499999999,"wind_dir_deg":115.41666666666667,"rain_in":0}}