{"Cotech-367959":{"time":"2026-01-25 02:01:26","model":"Cotech-367959","id":13,"humidity":34,"temperature":54.5744680851064,"wind_avg_mph":0.19989676595744682,"wind_dir_deg":227.25531914893617,"rain_in":0}}