{"Cotech-367959":{"time":"2026-01-24 18:37:26","model":"Cotech-367959","id":13,"humidity":45,"temperature":55.91228070175439,"wind_avg_mph":1.7895520000000003,"wind_dir_deg":172.80701754385964,"rain_in":0}}