{"Cotech-367959":{"time":"2026-01-25 20:17:59","model":"Cotech-367959","id":13,"humidity":62,"temperature":55.473076923076945,"wind_avg_mph":0.7571181538461538,"wind_dir_deg":213.01923076923077,"rain_in":0}}