{"Cotech-367959":{"time":"2026-01-23 22:59:18","model":"Cotech-367959","id":13,"humidity":68,"temperature":59.349999999999994,"wind_avg_mph":1.585141965517241,"wind_dir_deg":114.27586206896552,"rain_in":0}}