{"Cotech-367959":{"time":"2026-01-23 23:55:18","model":"Cotech-367959","id":13,"humidity":72,"temperature":57.50000000000001,"wind_avg_mph":1.4345593478260859,"wind_dir_deg":130.8913043478261,"rain_in":0}}