{"Cotech-367959":{"time":"2026-01-24 11:07:50","model":"Cotech-367959","id":13,"humidity":94,"temperature":46.77499999999997,"wind_avg_mph":0.038716269230769235,"wind_dir_deg":197.8653846153846,"rain_in":0}}