{"Cotech-367959":{"time":"2026-01-24 18:47:02","model":"Cotech-367959","id":13,"humidity":39,"temperature":56.63018867924524,"wind_avg_mph":1.498327735849056,"wind_dir_deg":196.18867924528303,"rain_in":0}}