{"Cotech-367959":{"time":"2026-02-03 00:25:00","model":"Cotech-367959","id":13,"humidity":46,"temperature":67.95384615384614,"wind_avg_mph":0.19358134615384617,"wind_dir_deg":142.07692307692307,"rain_in":0}}