{"Cotech-367959":{"time":"2026-02-03 07:03:56","model":"Cotech-367959","id":13,"humidity":82,"temperature":48.89824561403514,"wind_avg_mph":1.6600449473684213,"wind_dir_deg":272.7543859649123,"rain_in":0}}