{"Cotech-367959":{"time":"2026-02-03 08:18:37","model":"Cotech-367959","id":13,"humidity":83,"temperature":47.998039215686305,"wind_avg_mph":1.5834026274509807,"wind_dir_deg":277,"rain_in":0}}