{"Cotech-367959":{"time":"2026-02-03 03:16:12","model":"Cotech-367959","id":13,"humidity":74,"temperature":54.65531914893616,"wind_avg_mph":0.6853603404255318,"wind_dir_deg":287.3404255319149,"rain_in":0}}