{"Cotech-367959":{"time":"2026-02-03 06:45:00","model":"Cotech-367959","id":13,"humidity":81,"temperature":49.25263157894734,"wind_avg_mph":1.7503074385964916,"wind_dir_deg":273.29824561403507,"rain_in":0}}