{"Cotech-367959":{"time":"2026-02-03 01:12:28","model":"Cotech-367959","id":13,"humidity":53,"temperature":63.7379310344827,"wind_avg_mph":0.22369400000000003,"wind_dir_deg":294.41379310344826,"rain_in":0}}