{"Cotech-367959":{"time":"2026-02-03 02:11:56","model":"Cotech-367959","id":13,"humidity":67,"temperature":58.01785714285711,"wind_avg_mph":0.46336614285714256,"wind_dir_deg":286.0357142857143,"rain_in":0}}