{"Cotech-367959":{"time":"2026-02-02 22:02:20","model":"Cotech-367959","id":13,"humidity":40,"temperature":71.99130434782607,"wind_avg_mph":1.6242129565217385,"wind_dir_deg":170.47826086956522,"rain_in":0}}