{"Cotech-367959":{"time":"2026-02-03 07:22:52","model":"Cotech-367959","id":13,"humidity":82,"temperature":48.46491228070173,"wind_avg_mph":1.7306851578947362,"wind_dir_deg":276.5263157894737,"rain_in":0}}