{"Cotech-367959":{"time":"2026-02-02 18:46:20","model":"Cotech-367959","id":13,"humidity":60,"temperature":59.30172413793104,"wind_avg_mph":1.5812851724137924,"wind_dir_deg":95.44827586206897,"rain_in":0}}