{"Cotech-367959":{"time":"2026-02-03 02:22:20","model":"Cotech-367959","id":13,"humidity":68,"temperature":57.29827586206891,"wind_avg_mph":0.7019363448275858,"wind_dir_deg":286.5344827586207,"rain_in":0}}