{"Cotech-367959":{"time":"2026-02-02 21:06:36","model":"Cotech-367959","id":13,"humidity":46,"temperature":68.48275862068968,"wind_avg_mph":1.8126927586206896,"wind_dir_deg":110.8103448275862,"rain_in":0}}