{"Cotech-367959":{"time":"2026-02-02 20:26:52","model":"Cotech-367959","id":13,"humidity":54,"temperature":66.31875000000001,"wind_avg_mph":2.260241458333333,"wind_dir_deg":106.35416666666667,"rain_in":0}}