{"Cotech-367959":{"time":"2026-02-03 01:31:08","model":"Cotech-367959","id":13,"humidity":54,"temperature":62.532608695652144,"wind_avg_mph":0.04862913043478261,"wind_dir_deg":269.45652173913044,"rain_in":0}}