{"Cotech-367959":{"time":"2026-02-03 04:44:44","model":"Cotech-367959","id":13,"humidity":76,"temperature":52.71666666666672,"wind_avg_mph":1.5565374166666661,"wind_dir_deg":278.4375,"rain_in":0}}