{"Cotech-367959":{"time":"2026-02-03 09:38:53","model":"Cotech-367959","id":13,"humidity":83,"temperature":47.50000000000003,"wind_avg_mph":1.989448765957447,"wind_dir_deg":275.2340425531915,"rain_in":0}}