{"Cotech-367959":{"time":"2026-02-02 23:09:16","model":"Cotech-367959","id":13,"humidity":38,"temperature":71.3017857142857,"wind_avg_mph":1.6856940714285706,"wind_dir_deg":113.25,"rain_in":0}}