{"Cotech-367959":{"time":"2026-02-03 05:24:28","model":"Cotech-367959","id":13,"humidity":78,"temperature":51.74642857142861,"wind_avg_mph":0.6710819999999998,"wind_dir_deg":290.92857142857144,"rain_in":0}}