{"Cotech-367959":{"time":"2026-02-02 18:35:56","model":"Cotech-367959","id":13,"humidity":61,"temperature":58.729411764705894,"wind_avg_mph":1.772007372549019,"wind_dir_deg":124.94117647058823,"rain_in":0}}