{"Cotech-367959":{"time":"2026-02-03 09:10:21","model":"Cotech-367959","id":13,"humidity":84,"temperature":47.30384615384616,"wind_avg_mph":1.750835730769231,"wind_dir_deg":276.7692307692308,"rain_in":0}}