{"Cotech-367959":{"time":"2026-02-03 09:55:41","model":"Cotech-367959","id":13,"humidity":83,"temperature":47.24444444444445,"wind_avg_mph":1.724929288888889,"wind_dir_deg":274.53333333333336,"rain_in":0}}