{"Cotech-367959":{"time":"2026-02-02 23:47:08","model":"Cotech-367959","id":13,"humidity":39,"temperature":72.36274509803918,"wind_avg_mph":1.4035701960784304,"wind_dir_deg":78.33333333333333,"rain_in":0}}