{"Cotech-367959":{"time":"2026-02-03 06:34:36","model":"Cotech-367959","id":13,"humidity":81,"temperature":49.608928571428564,"wind_avg_mph":1.4420273928571425,"wind_dir_deg":277.625,"rain_in":0}}