{"Cotech-367959":{"time":"2026-02-03 04:26:36","model":"Cotech-367959","id":13,"humidity":77,"temperature":52.93157894736843,"wind_avg_mph":1.9583036140350867,"wind_dir_deg":275.6140350877193,"rain_in":0}}