{"Cotech-367959":{"time":"2026-02-03 09:20:45","model":"Cotech-367959","id":13,"humidity":83,"temperature":47.35636363636363,"wind_avg_mph":1.7570146909090902,"wind_dir_deg":272.1090909090909,"rain_in":0}}