{"Cotech-367959":{"time":"2026-02-02 19:33:16","model":"Cotech-367959","id":13,"humidity":61,"temperature":61.84464285714285,"wind_avg_mph":1.1743934999999992,"wind_dir_deg":134.80357142857142,"rain_in":0}}