{"Cotech-367959":{"time":"2026-02-03 06:04:12","model":"Cotech-367959","id":13,"humidity":79,"temperature":50.69122807017543,"wind_avg_mph":0.596517333333333,"wind_dir_deg":302.70175438596493,"rain_in":0}}