{"Cotech-367959":{"time":"2026-02-03 01:41:32","model":"Cotech-367959","id":13,"humidity":58,"temperature":61.194545454545484,"wind_avg_mph":0.0447388,"wind_dir_deg":268.74545454545455,"rain_in":0}}