{"Cotech-367959":{"time":"2026-02-03 10:15:41","model":"Cotech-367959","id":13,"humidity":82,"temperature":47.54545454545452,"wind_avg_mph":1.500783381818182,"wind_dir_deg":274.72727272727275,"rain_in":0}}