{"Cotech-367959":{"time":"2026-02-02 22:48:28","model":"Cotech-367959","id":13,"humidity":38,"temperature":71.65689655172415,"wind_avg_mph":1.4347270344827583,"wind_dir_deg":88.94827586206897,"rain_in":0}}