{"Cotech-367959":{"time":"2026-02-03 09:47:25","model":"Cotech-367959","id":13,"humidity":83,"temperature":47.20434782608694,"wind_avg_mph":2.076463869565217,"wind_dir_deg":275.7173913043478,"rain_in":0}}