{"Cotech-367959":{"time":"2026-02-03 08:09:00","model":"Cotech-367959","id":13,"humidity":83,"temperature":48.102173913043444,"wind_avg_mph":1.6144871304347825,"wind_dir_deg":274.2173913043478,"rain_in":0}}