{"Cotech-367959":{"time":"2026-02-02 22:10:36","model":"Cotech-367959","id":13,"humidity":41,"temperature":70.45217391304348,"wind_avg_mph":2.7524087826086956,"wind_dir_deg":83.1086956521739,"rain_in":0}}