{"Cotech-367959":{"time":"2026-02-03 02:31:56","model":"Cotech-367959","id":13,"humidity":70,"temperature":56.90961538461535,"wind_avg_mph":1.1743934999999996,"wind_dir_deg":275.88461538461536,"rain_in":0}}