{"Cotech-367959":{"time":"2026-02-03 02:58:20","model":"Cotech-367959","id":13,"humidity":72,"temperature":55.50888888888891,"wind_avg_mph":1.2328024888888884,"wind_dir_deg":277,"rain_in":0}}