{"Cotech-367959":{"time":"2026-02-03 00:42:04","model":"Cotech-367959","id":13,"humidity":47,"temperature":66.74782608695648,"wind_avg_mph":0.39875886956521744,"wind_dir_deg":214.7391304347826,"rain_in":0}}