{"Cotech-367959":{"time":"2026-02-03 05:03:40","model":"Cotech-367959","id":13,"humidity":77,"temperature":52.23928571428569,"wind_avg_mph":1.4380328571428571,"wind_dir_deg":280.30357142857144,"rain_in":0}}