{"Cotech-367959":{"time":"2026-02-03 05:14:04","model":"Cotech-367959","id":13,"humidity":78,"temperature":51.87192982456143,"wind_avg_mph":1.020358596491228,"wind_dir_deg":286.2456140350877,"rain_in":0}}