{"Cotech-367959":{"time":"2026-02-03 00:33:32","model":"Cotech-367959","id":13,"humidity":46,"temperature":67.2382978723404,"wind_avg_mph":0.35695851063829787,"wind_dir_deg":139.93617021276594,"rain_in":0}}