{"Cotech-367959":{"time":"2026-02-03 03:25:48","model":"Cotech-367959","id":13,"humidity":74,"temperature":54.50000000000001,"wind_avg_mph":1.649194980392157,"wind_dir_deg":272.4313725490196,"rain_in":0}}