{"Cotech-367959":{"time":"2026-02-03 02:50:04","model":"Cotech-367959","id":13,"humidity":72,"temperature":55.94807692307695,"wind_avg_mph":0.8947759999999989,"wind_dir_deg":282.28846153846155,"rain_in":0}}