{"Cotech-367959":{"time":"2026-02-02 20:56:12","model":"Cotech-367959","id":13,"humidity":46,"temperature":68.87142857142858,"wind_avg_mph":1.4562935918367346,"wind_dir_deg":86.38775510204081,"rain_in":0}}