{"Cotech-367959":{"time":"2026-02-03 02:01:32","model":"Cotech-367959","id":13,"humidity":65,"temperature":58.590000000000025,"wind_avg_mph":1.2437386399999992,"wind_dir_deg":276.54,"rain_in":0}}