{"Cotech-367959":{"time":"2026-02-03 10:34:53","model":"Cotech-367959","id":13,"humidity":82,"temperature":47.38888888888888,"wind_avg_mph":1.6951034222222223,"wind_dir_deg":273.1777777777778,"rain_in":0}}