{"Cotech-367959":{"time":"2026-02-02 21:26:36","model":"Cotech-367959","id":13,"humidity":45,"temperature":69.40377358490568,"wind_avg_mph":1.7726694339622635,"wind_dir_deg":143.26415094339623,"rain_in":0}}