{"Cotech-367959":{"time":"2026-02-03 01:51:56","model":"Cotech-367959","id":13,"humidity":62,"temperature":59.6551724137931,"wind_avg_mph":0.44738799999999995,"wind_dir_deg":297.5344827586207,"rain_in":0}}