{"Cotech-367959":{"time":"2026-02-03 05:44:12","model":"Cotech-367959","id":13,"humidity":78,"temperature":51.3410714285714,"wind_avg_mph":0.9826557857142856,"wind_dir_deg":259.9107142857143,"rain_in":0}}