{"Cotech-367959":{"time":"2026-02-03 09:30:21","model":"Cotech-367959","id":13,"humidity":83,"temperature":47.474509803921585,"wind_avg_mph":1.5614718431372552,"wind_dir_deg":277.11764705882354,"rain_in":0}}