{"Cotech-367959":{"time":"2026-02-02 20:18:20","model":"Cotech-367959","id":13,"humidity":56,"temperature":65.725,"wind_avg_mph":1.7793840909090912,"wind_dir_deg":101.8409090909091,"rain_in":0}}