{"Cotech-367959":{"time":"2026-02-02 21:43:24","model":"Cotech-367959","id":13,"humidity":45,"temperature":69.62222222222219,"wind_avg_mph":2.515314755555556,"wind_dir_deg":98.73333333333333,"rain_in":0}}