{"Cotech-367959":{"time":"2026-02-03 01:01:48","model":"Cotech-367959","id":13,"humidity":53,"temperature":64.43725490196078,"wind_avg_mph":0.267555568627451,"wind_dir_deg":282.29411764705884,"rain_in":0}}