{"Cotech-367959":{"time":"2026-02-02 20:10:04","model":"Cotech-367959","id":13,"humidity":60,"temperature":63.6423076923077,"wind_avg_mph":2.060565884615385,"wind_dir_deg":108.76923076923077,"rain_in":0}}