{"Cotech-367959":{"time":"2026-02-03 10:05:17","model":"Cotech-367959","id":13,"humidity":83,"temperature":47.31836734693877,"wind_avg_mph":1.360424734693877,"wind_dir_deg":280.1020408163265,"rain_in":0}}