{"Cotech-367959":{"time":"2026-02-03 00:52:28","model":"Cotech-367959","id":13,"humidity":52,"temperature":65.3649122807017,"wind_avg_mph":0.2472407368421053,"wind_dir_deg":262.43859649122805,"rain_in":0}}