{"Cotech-367959":{"time":"2026-02-02 19:22:52","model":"Cotech-367959","id":13,"humidity":62,"temperature":61.01929824561404,"wind_avg_mph":1.6521960350877198,"wind_dir_deg":112.12280701754386,"rain_in":0}}