{"Cotech-367959":{"time":"2026-02-03 04:06:36","model":"Cotech-367959","id":13,"humidity":76,"temperature":53.04339622641509,"wind_avg_mph":2.3888830943396218,"wind_dir_deg":275.8301886792453,"rain_in":0}}