{"Cotech-367959":{"time":"2026-02-03 07:12:28","model":"Cotech-367959","id":13,"humidity":82,"temperature":48.64042553191489,"wind_avg_mph":1.9561326382978719,"wind_dir_deg":276.74468085106383,"rain_in":0}}