{"Cotech-367959":{"time":"2026-02-03 04:16:12","model":"Cotech-367959","id":13,"humidity":77,"temperature":52.69999999999998,"wind_avg_mph":1.4457260370370368,"wind_dir_deg":277.68518518518516,"rain_in":0}}