{"Cotech-367959":{"time":"2026-02-02 18:26:20","model":"Cotech-367959","id":13,"humidity":63,"temperature":58.19090909090906,"wind_avg_mph":1.0117069545454542,"wind_dir_deg":94.47727272727273,"rain_in":0}}