{"Cotech-367959":{"time":"2026-02-02 19:04:12","model":"Cotech-367959","id":13,"humidity":62,"temperature":60.20000000000003,"wind_avg_mph":1.2422156170212761,"wind_dir_deg":72.40425531914893,"rain_in":0}}