{"Cotech-367959":{"time":"2026-02-02 19:51:08","model":"Cotech-367959","id":13,"humidity":62,"temperature":61.859999999999985,"wind_avg_mph":1.2377734666666662,"wind_dir_deg":121.46666666666667,"rain_in":0}}