{"Cotech-367959":{"time":"2026-02-03 03:57:00","model":"Cotech-367959","id":13,"humidity":76,"temperature":53.437931034482816,"wind_avg_mph":1.4887221379310345,"wind_dir_deg":275.2068965517241,"rain_in":0}}