{"Cotech-367959":{"time":"2026-02-03 06:24:12","model":"Cotech-367959","id":13,"humidity":80,"temperature":49.9603773584906,"wind_avg_mph":1.4476800377358492,"wind_dir_deg":275.7169811320755,"rain_in":0}}