{"Cotech-367959":{"time":"2026-02-02 19:12:28","model":"Cotech-367959","id":13,"humidity":63,"temperature":60.4522727272727,"wind_avg_mph":0.7981808636363632,"wind_dir_deg":92.70454545454545,"rain_in":0}}