{"Cotech-367959":{"time":"2026-02-03 08:26:53","model":"Cotech-367959","id":13,"humidity":83,"temperature":47.915217391304346,"wind_avg_mph":1.7749632608695651,"wind_dir_deg":277.04347826086956,"rain_in":0}}