{"Cotech-367959":{"time":"2026-02-03 05:53:48","model":"Cotech-367959","id":13,"humidity":78,"temperature":51.04444444444447,"wind_avg_mph":1.0770451851851843,"wind_dir_deg":281.18518518518516,"rain_in":0}}