{"Cotech-367959":{"time":"2026-02-02 23:37:32","model":"Cotech-367959","id":13,"humidity":39,"temperature":71.88793103448273,"wind_avg_mph":1.642993862068965,"wind_dir_deg":96.70689655172414,"rain_in":0}}