{"Cotech-367959":{"time":"2026-02-02 20:00:44","model":"Cotech-367959","id":13,"humidity":62,"temperature":62.44199999999997,"wind_avg_mph":1.6598094799999996,"wind_dir_deg":139.2,"rain_in":0}}