{"Cotech-367959":{"time":"2026-02-03 06:53:32","model":"Cotech-367959","id":13,"humidity":82,"temperature":49.042222222222215,"wind_avg_mph":1.7000743999999997,"wind_dir_deg":274.1777777777778,"rain_in":0}}