{"Cotech-367959":{"time":"2026-02-03 08:00:28","model":"Cotech-367959","id":13,"humidity":83,"temperature":48.14199999999996,"wind_avg_mph":1.6419139600000006,"wind_dir_deg":276.54,"rain_in":0}}