{"Cotech-367959":{"time":"2026-02-03 01:22:52","model":"Cotech-367959","id":13,"humidity":53,"temperature":63.37777777777779,"wind_avg_mph":0.14498685185185187,"wind_dir_deg":243.9814814814815,"rain_in":0}}