{"Cotech-367959":{"time":"2026-02-03 09:01:01","model":"Cotech-367959","id":13,"humidity":84,"temperature":47.289130434782585,"wind_avg_mph":1.8868102608695663,"wind_dir_deg":274.60869565217394,"rain_in":0}}