{"Cotech-367959":{"time":"2026-02-02 22:38:04","model":"Cotech-367959","id":13,"humidity":39,"temperature":70.8433962264151,"wind_avg_mph":1.9288331698113208,"wind_dir_deg":111.52830188679245,"rain_in":0}}