{"Cotech-367959":{"time":"2026-02-03 05:33:48","model":"Cotech-367959","id":13,"humidity":78,"temperature":51.584313725490176,"wind_avg_mph":1.2851439607843138,"wind_dir_deg":279.2549019607843,"rain_in":0}}