{"Cotech-367959":{"time":"2026-02-03 06:14:36","model":"Cotech-367959","id":13,"humidity":80,"temperature":50.328571428571436,"wind_avg_mph":1.1424372142857135,"wind_dir_deg":279.01785714285717,"rain_in":0}}