{"Cotech-367959":{"time":"2026-02-03 03:07:56","model":"Cotech-367959","id":13,"humidity":73,"temperature":55.13396226415093,"wind_avg_mph":1.1437938490566038,"wind_dir_deg":283.6981132075472,"rain_in":0}}