{"Cotech-367959":{"time":"2026-02-02 20:46:52","model":"Cotech-367959","id":13,"humidity":47,"temperature":68.17307692307696,"wind_avg_mph":1.4238983461538461,"wind_dir_deg":130.6346153846154,"rain_in":0}}