{"Cotech-367959":{"time":"2026-02-03 08:52:29","model":"Cotech-367959","id":13,"humidity":84,"temperature":47.27999999999998,"wind_avg_mph":1.9386813333333326,"wind_dir_deg":276.1333333333333,"rain_in":0}}