{"Cotech-367959":{"time":"2026-02-02 22:58:52","model":"Cotech-367959","id":13,"humidity":39,"temperature":71.57321428571427,"wind_avg_mph":1.282245964285714,"wind_dir_deg":108.91071428571429,"rain_in":0}}