{"Cotech-367959":{"time":"2026-02-02 18:55:40","model":"Cotech-367959","id":13,"humidity":59,"temperature":60.021568627450925,"wind_avg_mph":1.386025568627451,"wind_dir_deg":98.72549019607843,"rain_in":0}}