{"Cotech-367959":{"time":"2026-02-02 21:53:48","model":"Cotech-367959","id":13,"humidity":42,"temperature":70.8821428571429,"wind_avg_mph":1.549879857142857,"wind_dir_deg":141,"rain_in":0}}