{"Cotech-367959":{"time":"2026-02-03 03:46:36","model":"Cotech-367959","id":13,"humidity":75,"temperature":53.642105263157845,"wind_avg_mph":0.6122151578947368,"wind_dir_deg":284.3333333333333,"rain_in":0}}