{"Cotech-367959":{"time":"2026-02-02 21:34:52","model":"Cotech-367959","id":13,"humidity":45,"temperature":69.3382978723404,"wind_avg_mph":1.7038819574468076,"wind_dir_deg":102.44680851063829,"rain_in":0}}