{"Cotech-367959":{"time":"2026-02-03 04:53:16","model":"Cotech-367959","id":13,"humidity":76,"temperature":52.66666666666666,"wind_avg_mph":1.0091084888888886,"wind_dir_deg":279.5777777777778,"rain_in":0}}