{"Cotech-367959":{"time":"2026-02-02 22:19:08","model":"Cotech-367959","id":13,"humidity":40,"temperature":71.40212765957449,"wind_avg_mph":1.4135557021276592,"wind_dir_deg":114.27659574468085,"rain_in":0}}