{"Cotech-367959":{"time":"2026-02-02 23:18:36","model":"Cotech-367959","id":13,"humidity":39,"temperature":71.63333333333334,"wind_avg_mph":1.5439272156862744,"wind_dir_deg":110.74509803921569,"rain_in":0}}