{"Cotech-367959":{"time":"2026-02-03 08:43:57","model":"Cotech-367959","id":13,"humidity":83,"temperature":47.40652173913045,"wind_avg_mph":1.2935348695652171,"wind_dir_deg":280.9782608695652,"rain_in":0}}