{"Cotech-367959":{"time":"2026-02-03 00:15:24","model":"Cotech-367959","id":13,"humidity":42,"temperature":69.38793103448278,"wind_avg_mph":0.7289338965517235,"wind_dir_deg":125.3103448275862,"rain_in":0}}