{"Cotech-367959":{"time":"2026-02-03 00:05:00","model":"Cotech-367959","id":13,"humidity":40,"temperature":71.27058823529413,"wind_avg_mph":0.5965173333333332,"wind_dir_deg":127.94117647058823,"rain_in":0}}