{"Cotech-367959":{"time":"2026-02-03 10:43:09","model":"Cotech-367959","id":13,"humidity":82,"temperature":47.3022222222222,"wind_avg_mph":0.8500371999999998,"wind_dir_deg":239.84444444444443,"rain_in":0}}