{"Cotech-367959":{"time":"2026-02-03 07:33:16","model":"Cotech-367959","id":13,"humidity":82,"temperature":48.579310344827555,"wind_avg_mph":1.754840862068965,"wind_dir_deg":278.01724137931035,"rain_in":0}}