{"Cotech-367959":{"time":"2026-02-02 21:17:00","model":"Cotech-367959","id":13,"humidity":45,"temperature":69.25178571428573,"wind_avg_mph":1.7216448928571426,"wind_dir_deg":110.5,"rain_in":0}}