{"Cotech-367959":{"time":"2026-02-03 03:36:12","model":"Cotech-367959","id":13,"humidity":75,"temperature":54.22631578947366,"wind_avg_mph":0.7417222105263154,"wind_dir_deg":286.0175438596491,"rain_in":0}}