{"Cotech-367959":{"time":"2026-02-02 23:27:08","model":"Cotech-367959","id":13,"humidity":39,"temperature":72.22173913043478,"wind_avg_mph":1.2108653478260865,"wind_dir_deg":95.02173913043478,"rain_in":0}}