{"Cotech-367959":{"time":"2026-02-03 07:51:08","model":"Cotech-367959","id":13,"humidity":82,"temperature":48.27924528301882,"wind_avg_mph":1.7135804528301897,"wind_dir_deg":274.20754716981133,"rain_in":0}}