{"Cotech-367959":{"time":"2026-02-03 08:35:25","model":"Cotech-367959","id":13,"humidity":83,"temperature":47.7222222222222,"wind_avg_mph":1.0637892444444443,"wind_dir_deg":281.1777777777778,"rain_in":0}}