{"Cotech-367959":{"time":"2026-02-03 07:41:32","model":"Cotech-367959","id":13,"humidity":82,"temperature":48.60666666666666,"wind_avg_mph":1.7000743999999997,"wind_dir_deg":277.8666666666667,"rain_in":0}}