{"Cotech-367959":{"time":"2026-02-02 22:28:28","model":"Cotech-367959","id":13,"humidity":39,"temperature":71.54313725490194,"wind_avg_mph":1.587788784313725,"wind_dir_deg":99.3921568627451,"rain_in":0}}