{"Cotech-367959":{"time":"2026-02-03 04:36:12","model":"Cotech-367959","id":13,"humidity":77,"temperature":52.78163265306121,"wind_avg_mph":2.154766693877551,"wind_dir_deg":272.9795918367347,"rain_in":0}}