{"Cotech-367959":{"time":"2026-02-02 23:55:40","model":"Cotech-367959","id":13,"humidity":39,"temperature":72.44347826086955,"wind_avg_mph":1.2497686521739129,"wind_dir_deg":106.3695652173913,"rain_in":0}}