{"Cotech-367959":{"time":"2026-02-02 19:42:52","model":"Cotech-367959","id":13,"humidity":62,"temperature":61.8294117647059,"wind_avg_mph":1.6930565490196072,"wind_dir_deg":101.27450980392157,"rain_in":0}}