{"Cotech-367959":{"time":"2026-02-02 20:37:16","model":"Cotech-367959","id":13,"humidity":50,"temperature":66.97368421052629,"wind_avg_mph":1.683591684210526,"wind_dir_deg":98.52631578947368,"rain_in":0}}