{"Cotech-367959":{"time":"2026-02-03 02:40:28","model":"Cotech-367959","id":13,"humidity":71,"temperature":56.37872340425533,"wind_avg_mph":1.1613050212765956,"wind_dir_deg":275.97872340425533,"rain_in":0}}