{"Cotech-367959":{"time":"2026-02-22 22:41:46","model":"Cotech-367959","id":13,"humidity":47,"temperature":69.43913043478264,"wind_avg_mph":2.976102782608696,"wind_dir_deg":95.15217391304348,"rain_in":0}}