{"Acurite-5n1":{"time":"2026-02-23 02:27:58","model":"Acurite-5n1","id":294,"humidity":0,"temperature":0,"wind_avg_mph":2.140001724,"wind_dir_deg":128.73711340206185,"rain_in":0}}