{"Acurite-5n1":{"time":"2026-02-23 02:17:40","model":"Acurite-5n1","id":294,"humidity":0,"temperature":0,"wind_avg_mph":3.084588138185566,"wind_dir_deg":132.91237113402062,"rain_in":0}}